Date,Expiry,Strike,Option Type,ClosePrice,OpenInterest
03-01-2022,06-01-2022,18800,CE,305.3,132059
03-01-2022,06-01-2022,18800,PE,148.94,314055
03-01-2022,06-01-2022,18850,CE,59.89,392965
03-01-2022,06-01-2022,18850,PE,239.74,98964
03-01-2022,06-01-2022,18900,CE,207.3,465080
03-01-2022,06-01-2022,18900,PE,295.22,321089
03-01-2022,06-01-2022,18950,CE,98.15,354922
03-01-2022,06-01-2022,18950,PE,285.13,72391
03-01-2022,06-01-2022,19000,CE,232.41,409415
03-01-2022,06-01-2022,19000,PE,225.94,162125
04-01-2022,06-01-2022,18300,CE,138.97,176639
04-01-2022,06-01-2022,18300,PE,98.32,218704
04-01-2022,06-01-2022,18350,CE,134.55,149072
04-01-2022,06-01-2022,18350,PE,176.97,141662
04-01-2022,06-01-2022,18400,CE,68.86,47799
04-01-2022,06-01-2022,18400,PE,46.15,54442
04-01-2022,06-01-2022,18450,CE,331.49,375307
04-01-2022,06-01-2022,18450,PE,273.98,381313
04-01-2022,06-01-2022,18500,CE,339.26,166295
04-01-2022,06-01-2022,18500,PE,87.12,257339
05-01-2022,06-01-2022,18100,CE,325.34,276343
05-01-2022,06-01-2022,18100,PE,77.58,336496
05-01-2022,06-01-2022,18150,CE,347.61,291887
05-01-2022,06-01-2022,18150,PE,47.12,220781
05-01-2022,06-01-2022,18200,CE,363.59,29978
05-01-2022,06-01-2022,18200,PE,193.85,423154
05-01-2022,06-01-2022,18250,CE,162.81,331687
05-01-2022,06-01-2022,18250,PE,291.01,250327
05-01-2022,06-01-2022,18300,CE,26.3,26463
05-01-2022,06-01-2022,18300,PE,213.1,219740
06-01-2022,06-01-2022,19700,CE,376.5,335383
06-01-2022,06-01-2022,19700,PE,116.34,452768
06-01-2022,06-01-2022,19750,CE,189.13,143096
06-01-2022,06-01-2022,19750,PE,103.99,446671
06-01-2022,06-01-2022,19800,CE,43.95,224413
06-01-2022,06-01-2022,19800,PE,47.72,422540
06-01-2022,06-01-2022,19850,CE,359.71,182821
06-01-2022,06-01-2022,19850,PE,127.54,150575
06-01-2022,06-01-2022,19900,CE,170.32,173712
06-01-2022,06-01-2022,19900,PE,86.35,336578
07-01-2022,13-01-2022,15750,CE,221.25,113471
07-01-2022,13-01-2022,15750,PE,23.5,196582
07-01-2022,13-01-2022,15800,CE,268.67,401507
07-01-2022,13-01-2022,15800,PE,173.73,26455
07-01-2022,13-01-2022,15850,CE,124.49,182800
07-01-2022,13-01-2022,15850,PE,150.13,203990
07-01-2022,13-01-2022,15900,CE,41.99,424423
07-01-2022,13-01-2022,15900,PE,70.86,137050
07-01-2022,13-01-2022,15950,CE,110.85,245075
07-01-2022,13-01-2022,15950,PE,152.63,255706
10-01-2022,13-01-2022,17250,CE,251.78,186838
10-01-2022,13-01-2022,17250,PE,126.64,406828
10-01-2022,13-01-2022,17300,CE,319.72,356077
10-01-2022,13-01-2022,17300,PE,162.21,297506
10-01-2022,13-01-2022,17350,CE,221,479487
10-01-2022,13-01-2022,17350,PE,180.87,363555
10-01-2022,13-01-2022,17400,CE,21.54,104230
10-01-2022,13-01-2022,17400,PE,68.96,366957
10-01-2022,13-01-2022,17450,CE,46.98,381485
10-01-2022,13-01-2022,17450,PE,209.95,378060
11-01-2022,13-01-2022,21550,CE,37.67,223297
11-01-2022,13-01-2022,21550,PE,343.68,57833
11-01-2022,13-01-2022,21600,CE,280.97,106234
11-01-2022,13-01-2022,21600,PE,354.64,204350
11-01-2022,13-01-2022,21650,CE,163.77,83430
11-01-2022,13-01-2022,21650,PE,88.88,355771
11-01-2022,13-01-2022,21700,CE,134.78,211763
11-01-2022,13-01-2022,21700,PE,281.81,362166
11-01-2022,13-01-2022,21750,CE,326.56,335940
11-01-2022,13-01-2022,21750,PE,389.2,144679
12-01-2022,13-01-2022,21300,CE,244.5,42889
12-01-2022,13-01-2022,21300,PE,130.36,196764
12-01-2022,13-01-2022,21350,CE,69.46,52462
12-01-2022,13-01-2022,21350,PE,59.91,291755
12-01-2022,13-01-2022,21400,CE,225.27,429380
12-01-2022,13-01-2022,21400,PE,258.36,438461
12-01-2022,13-01-2022,21450,CE,206.44,155710
12-01-2022,13-01-2022,21450,PE,134.61,177537
12-01-2022,13-01-2022,21500,CE,347.61,89909
12-01-2022,13-01-2022,21500,PE,206.92,241049
13-01-2022,13-01-2022,16750,CE,332.89,278692
13-01-2022,13-01-2022,16750,PE,13.12,181475
13-01-2022,13-01-2022,16800,CE,211.21,131919
13-01-2022,13-01-2022,16800,PE,13.76,72443
13-01-2022,13-01-2022,16850,CE,53.55,440426
13-01-2022,13-01-2022,16850,PE,366.38,363401
13-01-2022,13-01-2022,16900,CE,279.69,20331
13-01-2022,13-01-2022,16900,PE,74.35,172938
13-01-2022,13-01-2022,16950,CE,320.6,109083
13-01-2022,13-01-2022,16950,PE,71.57,168867
14-01-2022,20-01-2022,18650,CE,29.48,150599
14-01-2022,20-01-2022,18650,PE,69.93,172616
14-01-2022,20-01-2022,18700,CE,314.08,102990
14-01-2022,20-01-2022,18700,PE,250.59,239118
14-01-2022,20-01-2022,18750,CE,222.39,232956
14-01-2022,20-01-2022,18750,PE,202.84,216652
14-01-2022,20-01-2022,18800,CE,25.88,405550
14-01-2022,20-01-2022,18800,PE,184.88,397360
14-01-2022,20-01-2022,18850,CE,11.85,70732
14-01-2022,20-01-2022,18850,PE,380.21,184171
17-01-2022,20-01-2022,20600,CE,396.27,235200
17-01-2022,20-01-2022,20600,PE,253.76,29046
17-01-2022,20-01-2022,20650,CE,91.02,304212
17-01-2022,20-01-2022,20650,PE,284.11,390574
17-01-2022,20-01-2022,20700,CE,102.02,116756
17-01-2022,20-01-2022,20700,PE,20.66,355968
17-01-2022,20-01-2022,20750,CE,250,418964
17-01-2022,20-01-2022,20750,PE,84.3,409918
17-01-2022,20-01-2022,20800,CE,50.07,323569
17-01-2022,20-01-2022,20800,PE,117.52,414298
18-01-2022,20-01-2022,18850,CE,23.11,27756
18-01-2022,20-01-2022,18850,PE,238.07,254706
18-01-2022,20-01-2022,18900,CE,198.45,206901
18-01-2022,20-01-2022,18900,PE,379.01,253570
18-01-2022,20-01-2022,18950,CE,312.97,452673
18-01-2022,20-01-2022,18950,PE,100.29,291722
18-01-2022,20-01-2022,19000,CE,121.98,459927
18-01-2022,20-01-2022,19000,PE,246.38,192626
18-01-2022,20-01-2022,19050,CE,60.86,14588
18-01-2022,20-01-2022,19050,PE,178.84,468374
19-01-2022,20-01-2022,17800,CE,263.53,103808
19-01-2022,20-01-2022,17800,PE,259.35,341490
19-01-2022,20-01-2022,17850,CE,380.25,188246
19-01-2022,20-01-2022,17850,PE,206.8,325789
19-01-2022,20-01-2022,17900,CE,143.95,88565
19-01-2022,20-01-2022,17900,PE,393.58,405743
19-01-2022,20-01-2022,17950,CE,194.16,143706
19-01-2022,20-01-2022,17950,PE,261.57,164922
19-01-2022,20-01-2022,18000,CE,321.36,365001
19-01-2022,20-01-2022,18000,PE,96.96,13153
20-01-2022,20-01-2022,16750,CE,244.14,182757
20-01-2022,20-01-2022,16750,PE,189.46,194881
20-01-2022,20-01-2022,16800,CE,301.82,294260
20-01-2022,20-01-2022,16800,PE,102.19,188637
20-01-2022,20-01-2022,16850,CE,32.68,190755
20-01-2022,20-01-2022,16850,PE,240.4,153581
20-01-2022,20-01-2022,16900,CE,127.23,469635
20-01-2022,20-01-2022,16900,PE,46.65,137737
20-01-2022,20-01-2022,16950,CE,157.47,269728
20-01-2022,20-01-2022,16950,PE,138.69,196196
21-01-2022,27-01-2022,19350,CE,334.91,101119
21-01-2022,27-01-2022,19350,PE,267.59,190574
21-01-2022,27-01-2022,19400,CE,312.14,88295
21-01-2022,27-01-2022,19400,PE,46.96,194109
21-01-2022,27-01-2022,19450,CE,206.64,492025
21-01-2022,27-01-2022,19450,PE,313.06,142123
21-01-2022,27-01-2022,19500,CE,373.25,489170
21-01-2022,27-01-2022,19500,PE,371.88,107997
21-01-2022,27-01-2022,19550,CE,86.41,385373
21-01-2022,27-01-2022,19550,PE,113.47,370270
24-01-2022,27-01-2022,20350,CE,320.03,52479
24-01-2022,27-01-2022,20350,PE,70.37,58413
24-01-2022,27-01-2022,20400,CE,266.21,428305
24-01-2022,27-01-2022,20400,PE,266.41,147287
24-01-2022,27-01-2022,20450,CE,95.58,408405
24-01-2022,27-01-2022,20450,PE,15.07,192696
24-01-2022,27-01-2022,20500,CE,376.04,471888
24-01-2022,27-01-2022,20500,PE,368.16,98680
24-01-2022,27-01-2022,20550,CE,353.52,39330
24-01-2022,27-01-2022,20550,PE,242.27,492057
25-01-2022,27-01-2022,17400,CE,321.64,345839
25-01-2022,27-01-2022,17400,PE,376.69,494571
25-01-2022,27-01-2022,17450,CE,350.36,400039
25-01-2022,27-01-2022,17450,PE,371.02,160082
25-01-2022,27-01-2022,17500,CE,276.67,406680
25-01-2022,27-01-2022,17500,PE,346.84,10217
25-01-2022,27-01-2022,17550,CE,358.59,418702
25-01-2022,27-01-2022,17550,PE,12.29,125534
25-01-2022,27-01-2022,17600,CE,230.9,198364
25-01-2022,27-01-2022,17600,PE,34.19,399182
26-01-2022,27-01-2022,16600,CE,300.96,164698
26-01-2022,27-01-2022,16600,PE,111.34,77462
26-01-2022,27-01-2022,16650,CE,374.86,486572
26-01-2022,27-01-2022,16650,PE,33.67,65492
26-01-2022,27-01-2022,16700,CE,113.93,136837
26-01-2022,27-01-2022,16700,PE,178,232320
26-01-2022,27-01-2022,16750,CE,212.8,19053
26-01-2022,27-01-2022,16750,PE,39.93,435521
26-01-2022,27-01-2022,16800,CE,255.74,31718
26-01-2022,27-01-2022,16800,PE,342.17,460066
27-01-2022,27-01-2022,17300,CE,300.42,209323
27-01-2022,27-01-2022,17300,PE,127.05,388551
27-01-2022,27-01-2022,17350,CE,386.23,263684
27-01-2022,27-01-2022,17350,PE,16.76,10482
27-01-2022,27-01-2022,17400,CE,145.17,317308
27-01-2022,27-01-2022,17400,PE,389.53,102797
27-01-2022,27-01-2022,17450,CE,374.92,406884
27-01-2022,27-01-2022,17450,PE,104.75,42404
27-01-2022,27-01-2022,17500,CE,147.99,160514
27-01-2022,27-01-2022,17500,PE,103,307576
28-01-2022,03-02-2022,19150,CE,286.65,138721
28-01-2022,03-02-2022,19150,PE,290.12,369108
28-01-2022,03-02-2022,19200,CE,27.48,241939
28-01-2022,03-02-2022,19200,PE,192.9,205041
28-01-2022,03-02-2022,19250,CE,209.41,389587
28-01-2022,03-02-2022,19250,PE,398.77,142721
28-01-2022,03-02-2022,19300,CE,254.64,321246
28-01-2022,03-02-2022,19300,PE,137.87,459251
28-01-2022,03-02-2022,19350,CE,214.12,266292
28-01-2022,03-02-2022,19350,PE,316.91,465046
31-01-2022,03-02-2022,19900,CE,137.7,37573
31-01-2022,03-02-2022,19900,PE,281.39,95263
31-01-2022,03-02-2022,19950,CE,133.6,408374
31-01-2022,03-02-2022,19950,PE,71.3,386147
31-01-2022,03-02-2022,20000,CE,24.55,477774
31-01-2022,03-02-2022,20000,PE,312.47,321119
31-01-2022,03-02-2022,20050,CE,208.57,117830
31-01-2022,03-02-2022,20050,PE,90.03,267202
31-01-2022,03-02-2022,20100,CE,137.4,41175
31-01-2022,03-02-2022,20100,PE,35.51,147252
01-02-2022,03-02-2022,18400,CE,216.09,172019
01-02-2022,03-02-2022,18400,PE,212.85,51304
01-02-2022,03-02-2022,18450,CE,258.61,409527
01-02-2022,03-02-2022,18450,PE,206.05,206092
01-02-2022,03-02-2022,18500,CE,36.23,260846
01-02-2022,03-02-2022,18500,PE,163.67,482490
01-02-2022,03-02-2022,18550,CE,128.33,466005
01-02-2022,03-02-2022,18550,PE,259.19,130019
01-02-2022,03-02-2022,18600,CE,380.22,98952
01-02-2022,03-02-2022,18600,PE,342.76,287826
02-02-2022,03-02-2022,13150,CE,98.65,464933
02-02-2022,03-02-2022,13150,PE,38.31,172476
02-02-2022,03-02-2022,13200,CE,192.27,247214
02-02-2022,03-02-2022,13200,PE,370.85,221945
02-02-2022,03-02-2022,13250,CE,289.15,251391
02-02-2022,03-02-2022,13250,PE,83.69,468086
02-02-2022,03-02-2022,13300,CE,320.75,308468
02-02-2022,03-02-2022,13300,PE,388.96,431123
02-02-2022,03-02-2022,13350,CE,144.64,420517
02-02-2022,03-02-2022,13350,PE,65.99,112786
03-02-2022,03-02-2022,17800,CE,34.6,258298
03-02-2022,03-02-2022,17800,PE,183.95,454322
03-02-2022,03-02-2022,17850,CE,254.03,466047
03-02-2022,03-02-2022,17850,PE,47.3,440591
03-02-2022,03-02-2022,17900,CE,226.98,373191
03-02-2022,03-02-2022,17900,PE,131.92,389235
03-02-2022,03-02-2022,17950,CE,70.16,389606
03-02-2022,03-02-2022,17950,PE,244.28,475744
03-02-2022,03-02-2022,18000,CE,104.14,437608
03-02-2022,03-02-2022,18000,PE,125.78,413096
04-02-2022,10-02-2022,17600,CE,42.71,297876
04-02-2022,10-02-2022,17600,PE,355.97,292948
04-02-2022,10-02-2022,17650,CE,115.04,473976
04-02-2022,10-02-2022,17650,PE,353.31,124050
04-02-2022,10-02-2022,17700,CE,222.79,322171
04-02-2022,10-02-2022,17700,PE,353.74,251858
04-02-2022,10-02-2022,17750,CE,198.27,54076
04-02-2022,10-02-2022,17750,PE,232.73,82913
04-02-2022,10-02-2022,17800,CE,157.31,162782
04-02-2022,10-02-2022,17800,PE,159.27,134529
07-02-2022,10-02-2022,17700,CE,143.25,162110
07-02-2022,10-02-2022,17700,PE,326.15,442512
07-02-2022,10-02-2022,17750,CE,384.89,81206
07-02-2022,10-02-2022,17750,PE,41.73,439996
07-02-2022,10-02-2022,17800,CE,358.93,325055
07-02-2022,10-02-2022,17800,PE,287.17,154315
07-02-2022,10-02-2022,17850,CE,219.56,141423
07-02-2022,10-02-2022,17850,PE,213.7,88133
07-02-2022,10-02-2022,17900,CE,78.33,90286
07-02-2022,10-02-2022,17900,PE,393.15,319371
08-02-2022,10-02-2022,17650,CE,347.12,256284
08-02-2022,10-02-2022,17650,PE,342.39,276786
08-02-2022,10-02-2022,17700,CE,101.1,41923
08-02-2022,10-02-2022,17700,PE,301.42,136339
08-02-2022,10-02-2022,17750,CE,166.85,466779
08-02-2022,10-02-2022,17750,PE,173.73,32122
08-02-2022,10-02-2022,17800,CE,218.02,360996
08-02-2022,10-02-2022,17800,PE,354.94,133011
08-02-2022,10-02-2022,17850,CE,305.9,391320
08-02-2022,10-02-2022,17850,PE,298.13,419311
09-02-2022,10-02-2022,19950,CE,154.87,267140
09-02-2022,10-02-2022,19950,PE,321.59,431101
09-02-2022,10-02-2022,20000,CE,93.72,47817
09-02-2022,10-02-2022,20000,PE,142.05,435876
09-02-2022,10-02-2022,20050,CE,301.42,216197
09-02-2022,10-02-2022,20050,PE,162.29,196601
09-02-2022,10-02-2022,20100,CE,91.98,268912
09-02-2022,10-02-2022,20100,PE,373.79,386230
09-02-2022,10-02-2022,20150,CE,174.59,85729
09-02-2022,10-02-2022,20150,PE,281,422406
10-02-2022,10-02-2022,20400,CE,144.13,213754
10-02-2022,10-02-2022,20400,PE,375.34,443743
10-02-2022,10-02-2022,20450,CE,379.35,306564
10-02-2022,10-02-2022,20450,PE,11.38,285027
10-02-2022,10-02-2022,20500,CE,279.56,84994
10-02-2022,10-02-2022,20500,PE,297.01,288169
10-02-2022,10-02-2022,20550,CE,234.31,100726
10-02-2022,10-02-2022,20550,PE,233.72,463438
10-02-2022,10-02-2022,20600,CE,285.17,170478
10-02-2022,10-02-2022,20600,PE,15.19,346591
11-02-2022,17-02-2022,16200,CE,289.44,30939
11-02-2022,17-02-2022,16200,PE,178.62,72637
11-02-2022,17-02-2022,16250,CE,157.41,350999
11-02-2022,17-02-2022,16250,PE,217.75,90189
11-02-2022,17-02-2022,16300,CE,125.48,228791
11-02-2022,17-02-2022,16300,PE,279.76,126736
11-02-2022,17-02-2022,16350,CE,329.22,305820
11-02-2022,17-02-2022,16350,PE,282.41,10773
11-02-2022,17-02-2022,16400,CE,330.84,446175
11-02-2022,17-02-2022,16400,PE,346.93,21908
14-02-2022,17-02-2022,17250,CE,183.6,241751
14-02-2022,17-02-2022,17250,PE,399.5,445047
14-02-2022,17-02-2022,17300,CE,69.86,355318
14-02-2022,17-02-2022,17300,PE,263.46,254686
14-02-2022,17-02-2022,17350,CE,290.44,351598
14-02-2022,17-02-2022,17350,PE,277.35,236376
14-02-2022,17-02-2022,17400,CE,152.76,222456
14-02-2022,17-02-2022,17400,PE,376.89,46394
14-02-2022,17-02-2022,17450,CE,138.32,119256
14-02-2022,17-02-2022,17450,PE,280.02,167733
15-02-2022,17-02-2022,14650,CE,263.34,171809
15-02-2022,17-02-2022,14650,PE,202.2,54123
15-02-2022,17-02-2022,14700,CE,47.58,56585
15-02-2022,17-02-2022,14700,PE,342.43,11784
15-02-2022,17-02-2022,14750,CE,19,21664
15-02-2022,17-02-2022,14750,PE,119.68,266756
15-02-2022,17-02-2022,14800,CE,102.18,234713
15-02-2022,17-02-2022,14800,PE,330.07,166634
15-02-2022,17-02-2022,14850,CE,21.17,279245
15-02-2022,17-02-2022,14850,PE,36.7,309414
16-02-2022,17-02-2022,20750,CE,299.67,425712
16-02-2022,17-02-2022,20750,PE,105.12,44183
16-02-2022,17-02-2022,20800,CE,200.5,305949
16-02-2022,17-02-2022,20800,PE,302.98,420583
16-02-2022,17-02-2022,20850,CE,194.36,214251
16-02-2022,17-02-2022,20850,PE,291.99,459423
16-02-2022,17-02-2022,20900,CE,129.34,172732
16-02-2022,17-02-2022,20900,PE,326.53,261008
16-02-2022,17-02-2022,20950,CE,381.69,427246
16-02-2022,17-02-2022,20950,PE,335.78,87626
17-02-2022,17-02-2022,14050,CE,395.71,378255
17-02-2022,17-02-2022,14050,PE,144.19,379134
17-02-2022,17-02-2022,14100,CE,258.14,474026
17-02-2022,17-02-2022,14100,PE,250.45,323791
17-02-2022,17-02-2022,14150,CE,72.87,386831
17-02-2022,17-02-2022,14150,PE,16.14,489556
17-02-2022,17-02-2022,14200,CE,207.12,497481
17-02-2022,17-02-2022,14200,PE,297.99,275759
17-02-2022,17-02-2022,14250,CE,339.16,75480
17-02-2022,17-02-2022,14250,PE,288,204110
18-02-2022,24-02-2022,18400,CE,384.58,477706
18-02-2022,24-02-2022,18400,PE,289.53,311336
18-02-2022,24-02-2022,18450,CE,21.79,92752
18-02-2022,24-02-2022,18450,PE,40.84,120369
18-02-2022,24-02-2022,18500,CE,323.37,247646
18-02-2022,24-02-2022,18500,PE,137.45,408785
18-02-2022,24-02-2022,18550,CE,377.72,305089
18-02-2022,24-02-2022,18550,PE,120.8,145948
18-02-2022,24-02-2022,18600,CE,229.44,422655
18-02-2022,24-02-2022,18600,PE,177.73,219631
21-02-2022,24-02-2022,16150,CE,358.08,495456
21-02-2022,24-02-2022,16150,PE,370.96,304237
21-02-2022,24-02-2022,16200,CE,357.83,391738
21-02-2022,24-02-2022,16200,PE,387.76,326265
21-02-2022,24-02-2022,16250,CE,42.45,220393
21-02-2022,24-02-2022,16250,PE,345.78,303455
21-02-2022,24-02-2022,16300,CE,397.37,17499
21-02-2022,24-02-2022,16300,PE,365.6,488859
21-02-2022,24-02-2022,16350,CE,194.75,440623
21-02-2022,24-02-2022,16350,PE,328.27,215451
22-02-2022,24-02-2022,17400,CE,199.42,88855
22-02-2022,24-02-2022,17400,PE,171.59,478048
22-02-2022,24-02-2022,17450,CE,147.45,366052
22-02-2022,24-02-2022,17450,PE,339.98,32001
22-02-2022,24-02-2022,17500,CE,190.39,120354
22-02-2022,24-02-2022,17500,PE,251.21,410817
22-02-2022,24-02-2022,17550,CE,343.59,242880
22-02-2022,24-02-2022,17550,PE,251.46,402054
22-02-2022,24-02-2022,17600,CE,247.01,207574
22-02-2022,24-02-2022,17600,PE,101.93,158115
23-02-2022,24-02-2022,14750,CE,128.32,74448
23-02-2022,24-02-2022,14750,PE,252.22,211871
23-02-2022,24-02-2022,14800,CE,111.73,329936
23-02-2022,24-02-2022,14800,PE,133.87,143052
23-02-2022,24-02-2022,14850,CE,248.06,356041
23-02-2022,24-02-2022,14850,PE,107.17,221665
23-02-2022,24-02-2022,14900,CE,212.37,499534
23-02-2022,24-02-2022,14900,PE,242.2,440628
23-02-2022,24-02-2022,14950,CE,135.67,481896
23-02-2022,24-02-2022,14950,PE,85.43,243276
24-02-2022,24-02-2022,17000,CE,359.82,388108
24-02-2022,24-02-2022,17000,PE,387.7,205264
24-02-2022,24-02-2022,17050,CE,372.9,272106
24-02-2022,24-02-2022,17050,PE,179.56,325280
24-02-2022,24-02-2022,17100,CE,74.26,384394
24-02-2022,24-02-2022,17100,PE,235.12,251347
24-02-2022,24-02-2022,17150,CE,392.16,340292
24-02-2022,24-02-2022,17150,PE,223.71,339052
24-02-2022,24-02-2022,17200,CE,210.33,337245
24-02-2022,24-02-2022,17200,PE,255.56,213925
25-02-2022,03-03-2022,22550,CE,315.79,288180
25-02-2022,03-03-2022,22550,PE,157.12,178706
25-02-2022,03-03-2022,22600,CE,289.4,441968
25-02-2022,03-03-2022,22600,PE,150.61,376858
25-02-2022,03-03-2022,22650,CE,20.46,198896
25-02-2022,03-03-2022,22650,PE,200,404761
25-02-2022,03-03-2022,22700,CE,311.87,71327
25-02-2022,03-03-2022,22700,PE,348.87,187740
25-02-2022,03-03-2022,22750,CE,291.23,279528
25-02-2022,03-03-2022,22750,PE,313.53,59456
28-02-2022,03-03-2022,18250,CE,357.11,209225
28-02-2022,03-03-2022,18250,PE,298.92,161850
28-02-2022,03-03-2022,18300,CE,105.52,378167
28-02-2022,03-03-2022,18300,PE,159.29,50411
28-02-2022,03-03-2022,18350,CE,257.16,372591
28-02-2022,03-03-2022,18350,PE,96.03,467413
28-02-2022,03-03-2022,18400,CE,228.17,321937
28-02-2022,03-03-2022,18400,PE,382.09,359004
28-02-2022,03-03-2022,18450,CE,336.24,400587
28-02-2022,03-03-2022,18450,PE,246.37,460744
01-03-2022,03-03-2022,16350,CE,161.51,275812
01-03-2022,03-03-2022,16350,PE,375.82,170251
01-03-2022,03-03-2022,16400,CE,69.98,334988
01-03-2022,03-03-2022,16400,PE,81.9,66490
01-03-2022,03-03-2022,16450,CE,325.89,465809
01-03-2022,03-03-2022,16450,PE,200.49,371449
01-03-2022,03-03-2022,16500,CE,207.44,451294
01-03-2022,03-03-2022,16500,PE,93.88,129422
01-03-2022,03-03-2022,16550,CE,315.09,146362
01-03-2022,03-03-2022,16550,PE,369.41,16810
02-03-2022,03-03-2022,16400,CE,176.76,294589
02-03-2022,03-03-2022,16400,PE,27.96,68212
02-03-2022,03-03-2022,16450,CE,39.34,443979
02-03-2022,03-03-2022,16450,PE,137.9,485984
02-03-2022,03-03-2022,16500,CE,138.94,190549
02-03-2022,03-03-2022,16500,PE,285.2,295723
02-03-2022,03-03-2022,16550,CE,248.3,267052
02-03-2022,03-03-2022,16550,PE,310.74,12833
02-03-2022,03-03-2022,16600,CE,155.15,362084
02-03-2022,03-03-2022,16600,PE,346.83,371196
03-03-2022,03-03-2022,22000,CE,65.74,484167
03-03-2022,03-03-2022,22000,PE,272.18,488807
03-03-2022,03-03-2022,22050,CE,335.22,320236
03-03-2022,03-03-2022,22050,PE,221.9,475204
03-03-2022,03-03-2022,22100,CE,330.54,334702
03-03-2022,03-03-2022,22100,PE,88.59,172810
03-03-2022,03-03-2022,22150,CE,48.79,292724
03-03-2022,03-03-2022,22150,PE,120.97,156767
03-03-2022,03-03-2022,22200,CE,345.01,282568
03-03-2022,03-03-2022,22200,PE,181.71,93233
04-03-2022,10-03-2022,16650,CE,169.32,368386
04-03-2022,10-03-2022,16650,PE,389.86,121286
04-03-2022,10-03-2022,16700,CE,175.35,132192
04-03-2022,10-03-2022,16700,PE,269.28,405692
04-03-2022,10-03-2022,16750,CE,103.57,73296
04-03-2022,10-03-2022,16750,PE,93.09,487880
04-03-2022,10-03-2022,16800,CE,29.32,90885
04-03-2022,10-03-2022,16800,PE,68.5,143206
04-03-2022,10-03-2022,16850,CE,310.5,247181
04-03-2022,10-03-2022,16850,PE,373.76,372122
07-03-2022,10-03-2022,17800,CE,155.64,424764
07-03-2022,10-03-2022,17800,PE,12.65,13275
07-03-2022,10-03-2022,17850,CE,13.04,330516
07-03-2022,10-03-2022,17850,PE,280.83,320278
07-03-2022,10-03-2022,17900,CE,389.87,49648
07-03-2022,10-03-2022,17900,PE,23.12,367205
07-03-2022,10-03-2022,17950,CE,33.96,185057
07-03-2022,10-03-2022,17950,PE,172.93,446093
07-03-2022,10-03-2022,18000,CE,69.91,34905
07-03-2022,10-03-2022,18000,PE,171.14,240842
08-03-2022,10-03-2022,19650,CE,35.2,251090
08-03-2022,10-03-2022,19650,PE,198.14,439818
08-03-2022,10-03-2022,19700,CE,352.64,251185
08-03-2022,10-03-2022,19700,PE,339.81,244530
08-03-2022,10-03-2022,19750,CE,69.43,160742
08-03-2022,10-03-2022,19750,PE,310.61,363040
08-03-2022,10-03-2022,19800,CE,230.62,65488
08-03-2022,10-03-2022,19800,PE,116.35,178486
08-03-2022,10-03-2022,19850,CE,102.26,446212
08-03-2022,10-03-2022,19850,PE,125.77,176457
09-03-2022,10-03-2022,16250,CE,59.79,159266
09-03-2022,10-03-2022,16250,PE,297.82,397462
09-03-2022,10-03-2022,16300,CE,308.86,274228
09-03-2022,10-03-2022,16300,PE,211.47,104889
09-03-2022,10-03-2022,16350,CE,239.17,318550
09-03-2022,10-03-2022,16350,PE,297.86,333057
09-03-2022,10-03-2022,16400,CE,296.26,116428
09-03-2022,10-03-2022,16400,PE,220.8,314147
09-03-2022,10-03-2022,16450,CE,160.07,169067
09-03-2022,10-03-2022,16450,PE,224.74,239306
10-03-2022,10-03-2022,17350,CE,321.92,108660
10-03-2022,10-03-2022,17350,PE,104.78,145279
10-03-2022,10-03-2022,17400,CE,114.53,314793
10-03-2022,10-03-2022,17400,PE,112.76,202871
10-03-2022,10-03-2022,17450,CE,233.52,73775
10-03-2022,10-03-2022,17450,PE,125.84,187345
10-03-2022,10-03-2022,17500,CE,334.78,159996
10-03-2022,10-03-2022,17500,PE,221.01,340335
10-03-2022,10-03-2022,17550,CE,261.84,319420
10-03-2022,10-03-2022,17550,PE,225.62,222757
11-03-2022,17-03-2022,16800,CE,11.07,442592
11-03-2022,17-03-2022,16800,PE,104.19,125549
11-03-2022,17-03-2022,16850,CE,342.51,355336
11-03-2022,17-03-2022,16850,PE,158.23,260806
11-03-2022,17-03-2022,16900,CE,56.47,365472
11-03-2022,17-03-2022,16900,PE,116.92,176293
11-03-2022,17-03-2022,16950,CE,176.8,232949
11-03-2022,17-03-2022,16950,PE,252.45,90885
11-03-2022,17-03-2022,17000,CE,301.49,210521
11-03-2022,17-03-2022,17000,PE,237.67,134524
14-03-2022,17-03-2022,17200,CE,141.33,331624
14-03-2022,17-03-2022,17200,PE,245.56,77917
14-03-2022,17-03-2022,17250,CE,354.56,146529
14-03-2022,17-03-2022,17250,PE,270.05,426181
14-03-2022,17-03-2022,17300,CE,60.04,448560
14-03-2022,17-03-2022,17300,PE,125.77,125415
14-03-2022,17-03-2022,17350,CE,118.35,472508
14-03-2022,17-03-2022,17350,PE,276.24,268815
14-03-2022,17-03-2022,17400,CE,181.92,287807
14-03-2022,17-03-2022,17400,PE,384.82,443649
15-03-2022,17-03-2022,18650,CE,372.71,492985
15-03-2022,17-03-2022,18650,PE,16.46,487433
15-03-2022,17-03-2022,18700,CE,194.09,377584
15-03-2022,17-03-2022,18700,PE,288.28,297229
15-03-2022,17-03-2022,18750,CE,135.47,140802
15-03-2022,17-03-2022,18750,PE,385.89,21677
15-03-2022,17-03-2022,18800,CE,252.47,191056
15-03-2022,17-03-2022,18800,PE,108.12,348774
15-03-2022,17-03-2022,18850,CE,298.83,287298
15-03-2022,17-03-2022,18850,PE,336.64,144818
16-03-2022,17-03-2022,16250,CE,262.8,457349
16-03-2022,17-03-2022,16250,PE,183.04,406518
16-03-2022,17-03-2022,16300,CE,193.22,328210
16-03-2022,17-03-2022,16300,PE,352.09,128991
16-03-2022,17-03-2022,16350,CE,291.08,325903
16-03-2022,17-03-2022,16350,PE,33.62,178390
16-03-2022,17-03-2022,16400,CE,120.85,438845
16-03-2022,17-03-2022,16400,PE,246.05,411206
16-03-2022,17-03-2022,16450,CE,286.13,488577
16-03-2022,17-03-2022,16450,PE,364.54,321791
17-03-2022,17-03-2022,15450,CE,89.04,436454
17-03-2022,17-03-2022,15450,PE,58.17,322717
17-03-2022,17-03-2022,15500,CE,242.69,88403
17-03-2022,17-03-2022,15500,PE,154.55,331494
17-03-2022,17-03-2022,15550,CE,274.32,366091
17-03-2022,17-03-2022,15550,PE,74.36,395326
17-03-2022,17-03-2022,15600,CE,94.65,340100
17-03-2022,17-03-2022,15600,PE,137.8,151399
17-03-2022,17-03-2022,15650,CE,264.36,367072
17-03-2022,17-03-2022,15650,PE,30.55,295076
18-03-2022,24-03-2022,15900,CE,377.88,431677
18-03-2022,24-03-2022,15900,PE,41.54,409210
18-03-2022,24-03-2022,15950,CE,192.36,375166
18-03-2022,24-03-2022,15950,PE,287.63,369500
18-03-2022,24-03-2022,16000,CE,234,113188
18-03-2022,24-03-2022,16000,PE,180.31,476328
18-03-2022,24-03-2022,16050,CE,315.7,58732
18-03-2022,24-03-2022,16050,PE,362.27,110619
18-03-2022,24-03-2022,16100,CE,212.35,79059
18-03-2022,24-03-2022,16100,PE,66.91,218443
21-03-2022,24-03-2022,18450,CE,67.19,266916
21-03-2022,24-03-2022,18450,PE,384.55,38713
21-03-2022,24-03-2022,18500,CE,59.2,338018
21-03-2022,24-03-2022,18500,PE,263.66,379458
21-03-2022,24-03-2022,18550,CE,335.5,42216
21-03-2022,24-03-2022,18550,PE,378.04,228754
21-03-2022,24-03-2022,18600,CE,192.71,490386
21-03-2022,24-03-2022,18600,PE,136.57,352903
21-03-2022,24-03-2022,18650,CE,367.43,206460
21-03-2022,24-03-2022,18650,PE,89.37,328011
22-03-2022,24-03-2022,17700,CE,394.7,346450
22-03-2022,24-03-2022,17700,PE,382.19,155533
22-03-2022,24-03-2022,17750,CE,204.11,176987
22-03-2022,24-03-2022,17750,PE,35.32,355578
22-03-2022,24-03-2022,17800,CE,133.71,278338
22-03-2022,24-03-2022,17800,PE,335.7,76994
22-03-2022,24-03-2022,17850,CE,353.94,90003
22-03-2022,24-03-2022,17850,PE,180.79,152805
22-03-2022,24-03-2022,17900,CE,393.84,204363
22-03-2022,24-03-2022,17900,PE,374.85,167663
23-03-2022,24-03-2022,18050,CE,303.61,46665
23-03-2022,24-03-2022,18050,PE,376.76,356364
23-03-2022,24-03-2022,18100,CE,213.26,97433
23-03-2022,24-03-2022,18100,PE,308.11,195666
23-03-2022,24-03-2022,18150,CE,75.47,289231
23-03-2022,24-03-2022,18150,PE,216.85,251582
23-03-2022,24-03-2022,18200,CE,264.53,162599
23-03-2022,24-03-2022,18200,PE,40.95,197692
23-03-2022,24-03-2022,18250,CE,378.46,285051
23-03-2022,24-03-2022,18250,PE,203.64,200876
24-03-2022,24-03-2022,17450,CE,285.35,218762
24-03-2022,24-03-2022,17450,PE,61.31,133533
24-03-2022,24-03-2022,17500,CE,201.84,301771
24-03-2022,24-03-2022,17500,PE,277.48,94934
24-03-2022,24-03-2022,17550,CE,258.74,430320
24-03-2022,24-03-2022,17550,PE,139.42,484885
24-03-2022,24-03-2022,17600,CE,277.96,443939
24-03-2022,24-03-2022,17600,PE,86.91,75515
24-03-2022,24-03-2022,17650,CE,327.22,231228
24-03-2022,24-03-2022,17650,PE,318.46,119489
25-03-2022,31-03-2022,18700,CE,60.63,174750
25-03-2022,31-03-2022,18700,PE,87.03,222927
25-03-2022,31-03-2022,18750,CE,317.27,369880
25-03-2022,31-03-2022,18750,PE,386.54,276557
25-03-2022,31-03-2022,18800,CE,147.97,497674
25-03-2022,31-03-2022,18800,PE,277.32,53473
25-03-2022,31-03-2022,18850,CE,263.48,482888
25-03-2022,31-03-2022,18850,PE,191.91,175749
25-03-2022,31-03-2022,18900,CE,160.61,414840
25-03-2022,31-03-2022,18900,PE,293.56,386525
28-03-2022,31-03-2022,13550,CE,85.27,320882
28-03-2022,31-03-2022,13550,PE,278.49,377203
28-03-2022,31-03-2022,13600,CE,82.71,440255
28-03-2022,31-03-2022,13600,PE,313.71,21890
28-03-2022,31-03-2022,13650,CE,106.41,423495
28-03-2022,31-03-2022,13650,PE,244.01,334900
28-03-2022,31-03-2022,13700,CE,385.69,65166
28-03-2022,31-03-2022,13700,PE,323.56,45417
28-03-2022,31-03-2022,13750,CE,398.17,148848
28-03-2022,31-03-2022,13750,PE,219.66,296865
29-03-2022,31-03-2022,20250,CE,326.64,399735
29-03-2022,31-03-2022,20250,PE,289.58,69362
29-03-2022,31-03-2022,20300,CE,325.06,202977
29-03-2022,31-03-2022,20300,PE,214.41,347453
29-03-2022,31-03-2022,20350,CE,307.98,251056
29-03-2022,31-03-2022,20350,PE,105.68,392486
29-03-2022,31-03-2022,20400,CE,242.1,252160
29-03-2022,31-03-2022,20400,PE,379.34,180501
29-03-2022,31-03-2022,20450,CE,183.13,339243
29-03-2022,31-03-2022,20450,PE,261.28,265343
30-03-2022,31-03-2022,18200,CE,129.3,294114
30-03-2022,31-03-2022,18200,PE,270.38,444112
30-03-2022,31-03-2022,18250,CE,375.56,67678
30-03-2022,31-03-2022,18250,PE,121.84,428388
30-03-2022,31-03-2022,18300,CE,234.52,325455
30-03-2022,31-03-2022,18300,PE,94.84,294506
30-03-2022,31-03-2022,18350,CE,367.9,372549
30-03-2022,31-03-2022,18350,PE,178.71,135469
30-03-2022,31-03-2022,18400,CE,366.49,444138
30-03-2022,31-03-2022,18400,PE,148.21,331317
31-03-2022,31-03-2022,16000,CE,15.95,296665
31-03-2022,31-03-2022,16000,PE,92.7,437483
31-03-2022,31-03-2022,16050,CE,329,55510
31-03-2022,31-03-2022,16050,PE,152.91,487462
31-03-2022,31-03-2022,16100,CE,59.74,385901
31-03-2022,31-03-2022,16100,PE,298.1,63696
31-03-2022,31-03-2022,16150,CE,128.5,490872
31-03-2022,31-03-2022,16150,PE,259.51,383387
31-03-2022,31-03-2022,16200,CE,183.54,81008
31-03-2022,31-03-2022,16200,PE,118.15,175356
01-04-2022,07-04-2022,21950,CE,254.11,326181
01-04-2022,07-04-2022,21950,PE,104.3,232252
01-04-2022,07-04-2022,22000,CE,175.27,484624
01-04-2022,07-04-2022,22000,PE,336.36,457748
01-04-2022,07-04-2022,22050,CE,72.86,389252
01-04-2022,07-04-2022,22050,PE,100.1,178656
01-04-2022,07-04-2022,22100,CE,262.25,262896
01-04-2022,07-04-2022,22100,PE,209.19,422029
01-04-2022,07-04-2022,22150,CE,284.95,329950
01-04-2022,07-04-2022,22150,PE,63.31,479003
04-04-2022,07-04-2022,19800,CE,196,492064
04-04-2022,07-04-2022,19800,PE,117.44,171866
04-04-2022,07-04-2022,19850,CE,198.85,314310
04-04-2022,07-04-2022,19850,PE,39.65,231423
04-04-2022,07-04-2022,19900,CE,237.61,90177
04-04-2022,07-04-2022,19900,PE,147.73,403966
04-04-2022,07-04-2022,19950,CE,194.4,497478
04-04-2022,07-04-2022,19950,PE,57.52,237758
04-04-2022,07-04-2022,20000,CE,317.89,146340
04-04-2022,07-04-2022,20000,PE,132.66,466789
05-04-2022,07-04-2022,16150,CE,300.07,203968
05-04-2022,07-04-2022,16150,PE,47.04,161008
05-04-2022,07-04-2022,16200,CE,318.09,457396
05-04-2022,07-04-2022,16200,PE,292.79,30479
05-04-2022,07-04-2022,16250,CE,349.07,467639
05-04-2022,07-04-2022,16250,PE,81.16,362034
05-04-2022,07-04-2022,16300,CE,315.41,333959
05-04-2022,07-04-2022,16300,PE,45.5,10785
05-04-2022,07-04-2022,16350,CE,204.26,491455
05-04-2022,07-04-2022,16350,PE,375.07,333148
06-04-2022,07-04-2022,17600,CE,223.44,38822
06-04-2022,07-04-2022,17600,PE,224.8,58948
06-04-2022,07-04-2022,17650,CE,141.03,494004
06-04-2022,07-04-2022,17650,PE,347.98,304905
06-04-2022,07-04-2022,17700,CE,31.07,170532
06-04-2022,07-04-2022,17700,PE,182.53,143709
06-04-2022,07-04-2022,17750,CE,362.36,85007
06-04-2022,07-04-2022,17750,PE,19.51,466961
06-04-2022,07-04-2022,17800,CE,78.29,303574
06-04-2022,07-04-2022,17800,PE,368.24,258060
07-04-2022,07-04-2022,19550,CE,298.67,390553
07-04-2022,07-04-2022,19550,PE,90.03,196353
07-04-2022,07-04-2022,19600,CE,296.33,200249
07-04-2022,07-04-2022,19600,PE,381.48,413620
07-04-2022,07-04-2022,19650,CE,300.02,95598
07-04-2022,07-04-2022,19650,PE,71.62,453379
07-04-2022,07-04-2022,19700,CE,108.28,106987
07-04-2022,07-04-2022,19700,PE,54.6,484666
07-04-2022,07-04-2022,19750,CE,321.48,485369
07-04-2022,07-04-2022,19750,PE,34.67,146131
08-04-2022,14-04-2022,21300,CE,20.98,58550
08-04-2022,14-04-2022,21300,PE,109.66,409256
08-04-2022,14-04-2022,21350,CE,17.17,264994
08-04-2022,14-04-2022,21350,PE,277.97,33623
08-04-2022,14-04-2022,21400,CE,146.75,185908
08-04-2022,14-04-2022,21400,PE,341.35,438037
08-04-2022,14-04-2022,21450,CE,32.18,380056
08-04-2022,14-04-2022,21450,PE,127.57,156834
08-04-2022,14-04-2022,21500,CE,323.95,103298
08-04-2022,14-04-2022,21500,PE,224.58,281675
11-04-2022,14-04-2022,18600,CE,131.41,11645
11-04-2022,14-04-2022,18600,PE,266.3,145393
11-04-2022,14-04-2022,18650,CE,267.62,32875
11-04-2022,14-04-2022,18650,PE,70.17,24641
11-04-2022,14-04-2022,18700,CE,268.39,129885
11-04-2022,14-04-2022,18700,PE,281.17,353544
11-04-2022,14-04-2022,18750,CE,397.05,367554
11-04-2022,14-04-2022,18750,PE,354.95,192732
11-04-2022,14-04-2022,18800,CE,340.78,412200
11-04-2022,14-04-2022,18800,PE,36.99,441766
12-04-2022,14-04-2022,17450,CE,130.55,456060
12-04-2022,14-04-2022,17450,PE,74.67,276341
12-04-2022,14-04-2022,17500,CE,117.5,255186
12-04-2022,14-04-2022,17500,PE,39.79,426235
12-04-2022,14-04-2022,17550,CE,216.21,355545
12-04-2022,14-04-2022,17550,PE,187.2,10045
12-04-2022,14-04-2022,17600,CE,375.37,150358
12-04-2022,14-04-2022,17600,PE,240.35,368002
12-04-2022,14-04-2022,17650,CE,150.47,135608
12-04-2022,14-04-2022,17650,PE,161.43,38694
13-04-2022,14-04-2022,14550,CE,232.78,456298
13-04-2022,14-04-2022,14550,PE,249.68,337731
13-04-2022,14-04-2022,14600,CE,110.35,76233
13-04-2022,14-04-2022,14600,PE,42.9,313904
13-04-2022,14-04-2022,14650,CE,332.28,301793
13-04-2022,14-04-2022,14650,PE,274.29,63833
13-04-2022,14-04-2022,14700,CE,215.48,463401
13-04-2022,14-04-2022,14700,PE,86.02,257923
13-04-2022,14-04-2022,14750,CE,151.86,376021
13-04-2022,14-04-2022,14750,PE,83.06,312788
14-04-2022,14-04-2022,17450,CE,230.26,133200
14-04-2022,14-04-2022,17450,PE,209.14,267695
14-04-2022,14-04-2022,17500,CE,74.69,317389
14-04-2022,14-04-2022,17500,PE,58.5,367594
14-04-2022,14-04-2022,17550,CE,125.49,439524
14-04-2022,14-04-2022,17550,PE,64.39,346432
14-04-2022,14-04-2022,17600,CE,33.6,297171
14-04-2022,14-04-2022,17600,PE,363.79,121040
14-04-2022,14-04-2022,17650,CE,181.77,435893
14-04-2022,14-04-2022,17650,PE,300.28,497574
15-04-2022,21-04-2022,17350,CE,389.11,104192
15-04-2022,21-04-2022,17350,PE,162.95,399129
15-04-2022,21-04-2022,17400,CE,187.64,72149
15-04-2022,21-04-2022,17400,PE,316.32,258957
15-04-2022,21-04-2022,17450,CE,119.9,408151
15-04-2022,21-04-2022,17450,PE,399.5,416932
15-04-2022,21-04-2022,17500,CE,373.55,384294
15-04-2022,21-04-2022,17500,PE,285.53,240189
15-04-2022,21-04-2022,17550,CE,237.23,82716
15-04-2022,21-04-2022,17550,PE,20.43,436087
18-04-2022,21-04-2022,16800,CE,185.28,483631
18-04-2022,21-04-2022,16800,PE,352.04,90173
18-04-2022,21-04-2022,16850,CE,377.56,321007
18-04-2022,21-04-2022,16850,PE,279.83,273019
18-04-2022,21-04-2022,16900,CE,235.44,444731
18-04-2022,21-04-2022,16900,PE,292.37,72656
18-04-2022,21-04-2022,16950,CE,103.08,333301
18-04-2022,21-04-2022,16950,PE,154.89,317241
18-04-2022,21-04-2022,17000,CE,275.77,238080
18-04-2022,21-04-2022,17000,PE,347.41,480325
19-04-2022,21-04-2022,16700,CE,185.44,197298
19-04-2022,21-04-2022,16700,PE,215.98,268932
19-04-2022,21-04-2022,16750,CE,74.1,491150
19-04-2022,21-04-2022,16750,PE,273.39,100475
19-04-2022,21-04-2022,16800,CE,67.4,12259
19-04-2022,21-04-2022,16800,PE,372.55,207956
19-04-2022,21-04-2022,16850,CE,218.45,412439
19-04-2022,21-04-2022,16850,PE,242.61,51724
19-04-2022,21-04-2022,16900,CE,353.01,470489
19-04-2022,21-04-2022,16900,PE,20.71,314824
20-04-2022,21-04-2022,19150,CE,200.59,352624
20-04-2022,21-04-2022,19150,PE,46.8,359034
20-04-2022,21-04-2022,19200,CE,93.86,445349
20-04-2022,21-04-2022,19200,PE,111.58,127686
20-04-2022,21-04-2022,19250,CE,268.32,274265
20-04-2022,21-04-2022,19250,PE,224.08,185355
20-04-2022,21-04-2022,19300,CE,361.83,261396
20-04-2022,21-04-2022,19300,PE,64.01,63102
20-04-2022,21-04-2022,19350,CE,381.61,199950
20-04-2022,21-04-2022,19350,PE,132.29,388236
21-04-2022,21-04-2022,20750,CE,207.66,469349
21-04-2022,21-04-2022,20750,PE,262.21,117892
21-04-2022,21-04-2022,20800,CE,89,137753
21-04-2022,21-04-2022,20800,PE,215.5,225506
21-04-2022,21-04-2022,20850,CE,105.65,234932
21-04-2022,21-04-2022,20850,PE,163.62,33764
21-04-2022,21-04-2022,20900,CE,303.26,457258
21-04-2022,21-04-2022,20900,PE,77.81,220169
21-04-2022,21-04-2022,20950,CE,75.24,392006
21-04-2022,21-04-2022,20950,PE,192.08,84998
22-04-2022,28-04-2022,15400,CE,280.03,218461
22-04-2022,28-04-2022,15400,PE,174.46,251595
22-04-2022,28-04-2022,15450,CE,167.12,29969
22-04-2022,28-04-2022,15450,PE,124.78,272136
22-04-2022,28-04-2022,15500,CE,296.98,223201
22-04-2022,28-04-2022,15500,PE,330.38,193059
22-04-2022,28-04-2022,15550,CE,210.11,491000
22-04-2022,28-04-2022,15550,PE,170.68,66340
22-04-2022,28-04-2022,15600,CE,96.49,426703
22-04-2022,28-04-2022,15600,PE,28.66,156743
25-04-2022,28-04-2022,20050,CE,34.52,413452
25-04-2022,28-04-2022,20050,PE,78.55,175394
25-04-2022,28-04-2022,20100,CE,174.28,262605
25-04-2022,28-04-2022,20100,PE,54.15,400421
25-04-2022,28-04-2022,20150,CE,392.27,26981
25-04-2022,28-04-2022,20150,PE,239.55,164269
25-04-2022,28-04-2022,20200,CE,278.51,246071
25-04-2022,28-04-2022,20200,PE,95.9,187940
25-04-2022,28-04-2022,20250,CE,294.38,298715
25-04-2022,28-04-2022,20250,PE,205.94,367582
26-04-2022,28-04-2022,13750,CE,263.92,216819
26-04-2022,28-04-2022,13750,PE,182.12,499420
26-04-2022,28-04-2022,13800,CE,332.08,112703
26-04-2022,28-04-2022,13800,PE,285.9,300131
26-04-2022,28-04-2022,13850,CE,27.68,170939
26-04-2022,28-04-2022,13850,PE,382.86,485367
26-04-2022,28-04-2022,13900,CE,179.48,475741
26-04-2022,28-04-2022,13900,PE,41.25,250734
26-04-2022,28-04-2022,13950,CE,114.99,372134
26-04-2022,28-04-2022,13950,PE,198.74,265725
27-04-2022,28-04-2022,20350,CE,34.52,275546
27-04-2022,28-04-2022,20350,PE,161.95,351841
27-04-2022,28-04-2022,20400,CE,210.75,173576
27-04-2022,28-04-2022,20400,PE,208.62,226298
27-04-2022,28-04-2022,20450,CE,343.63,132870
27-04-2022,28-04-2022,20450,PE,24.48,319501
27-04-2022,28-04-2022,20500,CE,326.95,399495
27-04-2022,28-04-2022,20500,PE,83.14,282695
27-04-2022,28-04-2022,20550,CE,194.45,241626
27-04-2022,28-04-2022,20550,PE,11.43,110367
28-04-2022,28-04-2022,18500,CE,202.04,33208
28-04-2022,28-04-2022,18500,PE,228.94,274298
28-04-2022,28-04-2022,18550,CE,201.55,44697
28-04-2022,28-04-2022,18550,PE,153.76,91710
28-04-2022,28-04-2022,18600,CE,228.19,285854
28-04-2022,28-04-2022,18600,PE,369.78,120607
28-04-2022,28-04-2022,18650,CE,113.88,204033
28-04-2022,28-04-2022,18650,PE,233.78,430667
28-04-2022,28-04-2022,18700,CE,154.5,158390
28-04-2022,28-04-2022,18700,PE,189.63,37964
29-04-2022,05-05-2022,19850,CE,389.65,146074
29-04-2022,05-05-2022,19850,PE,112.06,425714
29-04-2022,05-05-2022,19900,CE,377.99,324396
29-04-2022,05-05-2022,19900,PE,143.52,51533
29-04-2022,05-05-2022,19950,CE,291.94,214064
29-04-2022,05-05-2022,19950,PE,262.98,141697
29-04-2022,05-05-2022,20000,CE,60.79,331522
29-04-2022,05-05-2022,20000,PE,294.17,77926
29-04-2022,05-05-2022,20050,CE,385.23,23200
29-04-2022,05-05-2022,20050,PE,10.37,342068
02-05-2022,05-05-2022,16400,CE,54.72,65120
02-05-2022,05-05-2022,16400,PE,252.99,310137
02-05-2022,05-05-2022,16450,CE,56.68,254282
02-05-2022,05-05-2022,16450,PE,195.47,217530
02-05-2022,05-05-2022,16500,CE,368.06,434966
02-05-2022,05-05-2022,16500,PE,200.65,361265
02-05-2022,05-05-2022,16550,CE,176.08,154151
02-05-2022,05-05-2022,16550,PE,236.19,298964
02-05-2022,05-05-2022,16600,CE,240.12,364753
02-05-2022,05-05-2022,16600,PE,313.4,277862
03-05-2022,05-05-2022,17500,CE,294.08,161336
03-05-2022,05-05-2022,17500,PE,107.05,407554
03-05-2022,05-05-2022,17550,CE,268.31,203022
03-05-2022,05-05-2022,17550,PE,388.06,262927
03-05-2022,05-05-2022,17600,CE,229.94,345382
03-05-2022,05-05-2022,17600,PE,133.68,196690
03-05-2022,05-05-2022,17650,CE,373.81,51623
03-05-2022,05-05-2022,17650,PE,302.64,312473
03-05-2022,05-05-2022,17700,CE,120.6,332427
03-05-2022,05-05-2022,17700,PE,244.75,148393
04-05-2022,05-05-2022,17350,CE,41.97,451644
04-05-2022,05-05-2022,17350,PE,276.65,310565
04-05-2022,05-05-2022,17400,CE,145.09,245904
04-05-2022,05-05-2022,17400,PE,63.58,60749
04-05-2022,05-05-2022,17450,CE,183.03,394059
04-05-2022,05-05-2022,17450,PE,29.12,288563
04-05-2022,05-05-2022,17500,CE,31.04,368625
04-05-2022,05-05-2022,17500,PE,22.76,284139
04-05-2022,05-05-2022,17550,CE,243.67,169342
04-05-2022,05-05-2022,17550,PE,375.44,358905
05-05-2022,05-05-2022,18000,CE,392.91,251684
05-05-2022,05-05-2022,18000,PE,283.13,290379
05-05-2022,05-05-2022,18050,CE,12.4,488466
05-05-2022,05-05-2022,18050,PE,188.42,36456
05-05-2022,05-05-2022,18100,CE,167.28,338453
05-05-2022,05-05-2022,18100,PE,109.51,166024
05-05-2022,05-05-2022,18150,CE,188.22,41326
05-05-2022,05-05-2022,18150,PE,83.33,306738
05-05-2022,05-05-2022,18200,CE,303.12,143378
05-05-2022,05-05-2022,18200,PE,206.46,298647
06-05-2022,12-05-2022,17450,CE,85.43,331573
06-05-2022,12-05-2022,17450,PE,382,172150
06-05-2022,12-05-2022,17500,CE,214.3,307792
06-05-2022,12-05-2022,17500,PE,299.98,367629
06-05-2022,12-05-2022,17550,CE,90.49,347648
06-05-2022,12-05-2022,17550,PE,65.53,39536
06-05-2022,12-05-2022,17600,CE,98.46,207293
06-05-2022,12-05-2022,17600,PE,128.02,437141
06-05-2022,12-05-2022,17650,CE,354.98,487710
06-05-2022,12-05-2022,17650,PE,192.36,407199
09-05-2022,12-05-2022,22950,CE,317.57,262455
09-05-2022,12-05-2022,22950,PE,176.95,138285
09-05-2022,12-05-2022,23000,CE,162.21,250450
09-05-2022,12-05-2022,23000,PE,118.03,302648
09-05-2022,12-05-2022,23050,CE,182.33,168301
09-05-2022,12-05-2022,23050,PE,105.64,264601
09-05-2022,12-05-2022,23100,CE,357.82,157914
09-05-2022,12-05-2022,23100,PE,176.86,124365
09-05-2022,12-05-2022,23150,CE,376.13,491779
09-05-2022,12-05-2022,23150,PE,124.14,123176
10-05-2022,12-05-2022,18200,CE,88.01,407974
10-05-2022,12-05-2022,18200,PE,26.2,413940
10-05-2022,12-05-2022,18250,CE,43.46,383355
10-05-2022,12-05-2022,18250,PE,95.45,426804
10-05-2022,12-05-2022,18300,CE,87.29,132577
10-05-2022,12-05-2022,18300,PE,128.09,48575
10-05-2022,12-05-2022,18350,CE,280.07,206786
10-05-2022,12-05-2022,18350,PE,321.03,316117
10-05-2022,12-05-2022,18400,CE,229.58,147441
10-05-2022,12-05-2022,18400,PE,287.5,363724
11-05-2022,12-05-2022,19400,CE,52.31,489318
11-05-2022,12-05-2022,19400,PE,354.82,398455
11-05-2022,12-05-2022,19450,CE,165.97,444694
11-05-2022,12-05-2022,19450,PE,146.44,473033
11-05-2022,12-05-2022,19500,CE,272.35,459910
11-05-2022,12-05-2022,19500,PE,304.15,206596
11-05-2022,12-05-2022,19550,CE,56.32,25548
11-05-2022,12-05-2022,19550,PE,375.94,335596
11-05-2022,12-05-2022,19600,CE,183.63,170997
11-05-2022,12-05-2022,19600,PE,33.34,445601
12-05-2022,12-05-2022,17650,CE,79.01,87321
12-05-2022,12-05-2022,17650,PE,197.12,432493
12-05-2022,12-05-2022,17700,CE,314.59,285573
12-05-2022,12-05-2022,17700,PE,389.5,446281
12-05-2022,12-05-2022,17750,CE,395.89,216790
12-05-2022,12-05-2022,17750,PE,93.88,477360
12-05-2022,12-05-2022,17800,CE,80.26,210092
12-05-2022,12-05-2022,17800,PE,12.29,131225
12-05-2022,12-05-2022,17850,CE,66.42,175720
12-05-2022,12-05-2022,17850,PE,204.62,493187
13-05-2022,19-05-2022,21650,CE,288.05,184238
13-05-2022,19-05-2022,21650,PE,145.46,232465
13-05-2022,19-05-2022,21700,CE,76.75,266507
13-05-2022,19-05-2022,21700,PE,218.59,379944
13-05-2022,19-05-2022,21750,CE,201.42,458739
13-05-2022,19-05-2022,21750,PE,154.77,308181
13-05-2022,19-05-2022,21800,CE,330.17,373995
13-05-2022,19-05-2022,21800,PE,128.46,348730
13-05-2022,19-05-2022,21850,CE,306.88,294493
13-05-2022,19-05-2022,21850,PE,361.65,66954
16-05-2022,19-05-2022,17900,CE,28.3,315206
16-05-2022,19-05-2022,17900,PE,101.41,120953
16-05-2022,19-05-2022,17950,CE,385.88,214257
16-05-2022,19-05-2022,17950,PE,22,195972
16-05-2022,19-05-2022,18000,CE,243.15,476155
16-05-2022,19-05-2022,18000,PE,141.03,176543
16-05-2022,19-05-2022,18050,CE,102.66,160647
16-05-2022,19-05-2022,18050,PE,214.74,164742
16-05-2022,19-05-2022,18100,CE,31.1,238372
16-05-2022,19-05-2022,18100,PE,171.38,80185
17-05-2022,19-05-2022,17000,CE,125.22,433907
17-05-2022,19-05-2022,17000,PE,396.13,107812
17-05-2022,19-05-2022,17050,CE,190.45,11181
17-05-2022,19-05-2022,17050,PE,140.08,163244
17-05-2022,19-05-2022,17100,CE,318.11,165898
17-05-2022,19-05-2022,17100,PE,161.74,156481
17-05-2022,19-05-2022,17150,CE,103.46,30499
17-05-2022,19-05-2022,17150,PE,394.73,343886
17-05-2022,19-05-2022,17200,CE,308.71,120476
17-05-2022,19-05-2022,17200,PE,296.7,74787
18-05-2022,19-05-2022,21000,CE,365.1,499268
18-05-2022,19-05-2022,21000,PE,183.87,136314
18-05-2022,19-05-2022,21050,CE,292.11,254080
18-05-2022,19-05-2022,21050,PE,375.03,362654
18-05-2022,19-05-2022,21100,CE,315.64,139771
18-05-2022,19-05-2022,21100,PE,373.77,211269
18-05-2022,19-05-2022,21150,CE,274.97,342540
18-05-2022,19-05-2022,21150,PE,137.73,131165
18-05-2022,19-05-2022,21200,CE,93.21,183600
18-05-2022,19-05-2022,21200,PE,122.34,26577
19-05-2022,19-05-2022,18800,CE,82.01,62056
19-05-2022,19-05-2022,18800,PE,108.57,368754
19-05-2022,19-05-2022,18850,CE,47.12,65869
19-05-2022,19-05-2022,18850,PE,110.64,147371
19-05-2022,19-05-2022,18900,CE,146.27,246336
19-05-2022,19-05-2022,18900,PE,119.29,250040
19-05-2022,19-05-2022,18950,CE,263.38,283614
19-05-2022,19-05-2022,18950,PE,143.46,70308
19-05-2022,19-05-2022,19000,CE,298.02,241137
19-05-2022,19-05-2022,19000,PE,366.36,75813
20-05-2022,26-05-2022,19100,CE,367.59,450274
20-05-2022,26-05-2022,19100,PE,81.24,417753
20-05-2022,26-05-2022,19150,CE,251.92,249054
20-05-2022,26-05-2022,19150,PE,22.6,448220
20-05-2022,26-05-2022,19200,CE,256.54,83748
20-05-2022,26-05-2022,19200,PE,18.54,50279
20-05-2022,26-05-2022,19250,CE,133.4,227069
20-05-2022,26-05-2022,19250,PE,22.51,469683
20-05-2022,26-05-2022,19300,CE,35.44,60082
20-05-2022,26-05-2022,19300,PE,91.36,276052
23-05-2022,26-05-2022,16300,CE,79.4,66056
23-05-2022,26-05-2022,16300,PE,368.1,407152
23-05-2022,26-05-2022,16350,CE,131.22,134375
23-05-2022,26-05-2022,16350,PE,390.42,68767
23-05-2022,26-05-2022,16400,CE,310.61,295878
23-05-2022,26-05-2022,16400,PE,155.84,163606
23-05-2022,26-05-2022,16450,CE,368.36,462051
23-05-2022,26-05-2022,16450,PE,399.95,365009
23-05-2022,26-05-2022,16500,CE,304.15,146336
23-05-2022,26-05-2022,16500,PE,285.32,406470
24-05-2022,26-05-2022,17200,CE,220.36,112157
24-05-2022,26-05-2022,17200,PE,200.12,306982
24-05-2022,26-05-2022,17250,CE,56.23,195871
24-05-2022,26-05-2022,17250,PE,108.67,26187
24-05-2022,26-05-2022,17300,CE,162.68,93494
24-05-2022,26-05-2022,17300,PE,122.39,473205
24-05-2022,26-05-2022,17350,CE,301.84,380942
24-05-2022,26-05-2022,17350,PE,209.38,311375
24-05-2022,26-05-2022,17400,CE,137.49,151677
24-05-2022,26-05-2022,17400,PE,123.08,377609
25-05-2022,26-05-2022,15500,CE,325.37,364284
25-05-2022,26-05-2022,15500,PE,133.28,471338
25-05-2022,26-05-2022,15550,CE,219.64,333668
25-05-2022,26-05-2022,15550,PE,67.25,377555
25-05-2022,26-05-2022,15600,CE,95.8,52057
25-05-2022,26-05-2022,15600,PE,354.54,223588
25-05-2022,26-05-2022,15650,CE,322.56,42466
25-05-2022,26-05-2022,15650,PE,132.43,183348
25-05-2022,26-05-2022,15700,CE,16.9,39716
25-05-2022,26-05-2022,15700,PE,187.33,44720
26-05-2022,26-05-2022,15600,CE,300.85,155090
26-05-2022,26-05-2022,15600,PE,130.76,127860
26-05-2022,26-05-2022,15650,CE,181.2,439490
26-05-2022,26-05-2022,15650,PE,340.06,319965
26-05-2022,26-05-2022,15700,CE,240.68,166873
26-05-2022,26-05-2022,15700,PE,220.23,165859
26-05-2022,26-05-2022,15750,CE,97.42,289137
26-05-2022,26-05-2022,15750,PE,336.53,74211
26-05-2022,26-05-2022,15800,CE,189.14,191147
26-05-2022,26-05-2022,15800,PE,163.81,173233
27-05-2022,02-06-2022,19000,CE,189.78,375145
27-05-2022,02-06-2022,19000,PE,369.8,142220
27-05-2022,02-06-2022,19050,CE,47.15,175841
27-05-2022,02-06-2022,19050,PE,390.48,106520
27-05-2022,02-06-2022,19100,CE,379,351602
27-05-2022,02-06-2022,19100,PE,194.41,65886
27-05-2022,02-06-2022,19150,CE,189.19,374146
27-05-2022,02-06-2022,19150,PE,371.14,371675
27-05-2022,02-06-2022,19200,CE,373.41,19207
27-05-2022,02-06-2022,19200,PE,135.21,106162
30-05-2022,02-06-2022,18300,CE,323.25,346857
30-05-2022,02-06-2022,18300,PE,386.97,19136
30-05-2022,02-06-2022,18350,CE,242.23,213905
30-05-2022,02-06-2022,18350,PE,13.64,228319
30-05-2022,02-06-2022,18400,CE,162.78,344586
30-05-2022,02-06-2022,18400,PE,25.11,399738
30-05-2022,02-06-2022,18450,CE,375.91,376503
30-05-2022,02-06-2022,18450,PE,385.43,336980
30-05-2022,02-06-2022,18500,CE,85.73,495138
30-05-2022,02-06-2022,18500,PE,316.59,31041
31-05-2022,02-06-2022,18650,CE,246.54,346376
31-05-2022,02-06-2022,18650,PE,187.89,287772
31-05-2022,02-06-2022,18700,CE,212.59,278795
31-05-2022,02-06-2022,18700,PE,103.9,367096
31-05-2022,02-06-2022,18750,CE,269.68,492691
31-05-2022,02-06-2022,18750,PE,308.16,384009
31-05-2022,02-06-2022,18800,CE,287.38,33822
31-05-2022,02-06-2022,18800,PE,109.06,194628
31-05-2022,02-06-2022,18850,CE,234.81,35746
31-05-2022,02-06-2022,18850,PE,84.98,154818
01-06-2022,02-06-2022,18500,CE,192.88,459658
01-06-2022,02-06-2022,18500,PE,87.04,253198
01-06-2022,02-06-2022,18550,CE,284.13,428229
01-06-2022,02-06-2022,18550,PE,193.41,402117
01-06-2022,02-06-2022,18600,CE,289.43,136648
01-06-2022,02-06-2022,18600,PE,118.58,155437
01-06-2022,02-06-2022,18650,CE,28.43,162331
01-06-2022,02-06-2022,18650,PE,91.9,315649
01-06-2022,02-06-2022,18700,CE,394.26,456587
01-06-2022,02-06-2022,18700,PE,259.18,267374
02-06-2022,02-06-2022,20250,CE,62.04,270159
02-06-2022,02-06-2022,20250,PE,299.48,265021
02-06-2022,02-06-2022,20300,CE,317.2,398488
02-06-2022,02-06-2022,20300,PE,367.94,296693
02-06-2022,02-06-2022,20350,CE,236.89,390138
02-06-2022,02-06-2022,20350,PE,159.2,415416
02-06-2022,02-06-2022,20400,CE,297,454088
02-06-2022,02-06-2022,20400,PE,245.34,464136
02-06-2022,02-06-2022,20450,CE,166.02,450200
02-06-2022,02-06-2022,20450,PE,186.65,256041
03-06-2022,09-06-2022,16450,CE,258.17,343993
03-06-2022,09-06-2022,16450,PE,324.95,233434
03-06-2022,09-06-2022,16500,CE,173.41,102687
03-06-2022,09-06-2022,16500,PE,89.32,104947
03-06-2022,09-06-2022,16550,CE,303.79,202607
03-06-2022,09-06-2022,16550,PE,398.65,30623
03-06-2022,09-06-2022,16600,CE,280.55,410590
03-06-2022,09-06-2022,16600,PE,224.95,26792
03-06-2022,09-06-2022,16650,CE,260.82,490728
03-06-2022,09-06-2022,16650,PE,21.14,178515
06-06-2022,09-06-2022,15500,CE,126.71,388780
06-06-2022,09-06-2022,15500,PE,94.23,115626
06-06-2022,09-06-2022,15550,CE,181.14,266011
06-06-2022,09-06-2022,15550,PE,46.16,330020
06-06-2022,09-06-2022,15600,CE,363.05,277086
06-06-2022,09-06-2022,15600,PE,200.56,122146
06-06-2022,09-06-2022,15650,CE,240.7,292150
06-06-2022,09-06-2022,15650,PE,395.47,471134
06-06-2022,09-06-2022,15700,CE,55.42,17649
06-06-2022,09-06-2022,15700,PE,85.17,30025
07-06-2022,09-06-2022,22900,CE,360,191007
07-06-2022,09-06-2022,22900,PE,163.27,118950
07-06-2022,09-06-2022,22950,CE,71.64,459855
07-06-2022,09-06-2022,22950,PE,304.94,354530
07-06-2022,09-06-2022,23000,CE,214.11,172434
07-06-2022,09-06-2022,23000,PE,71.55,95965
07-06-2022,09-06-2022,23050,CE,12.87,249433
07-06-2022,09-06-2022,23050,PE,384.76,476049
07-06-2022,09-06-2022,23100,CE,20.26,136631
07-06-2022,09-06-2022,23100,PE,38.98,424000
08-06-2022,09-06-2022,17000,CE,287.93,72810
08-06-2022,09-06-2022,17000,PE,219.96,42553
08-06-2022,09-06-2022,17050,CE,381.31,206861
08-06-2022,09-06-2022,17050,PE,358.98,247997
08-06-2022,09-06-2022,17100,CE,158.5,405956
08-06-2022,09-06-2022,17100,PE,233.63,188972
08-06-2022,09-06-2022,17150,CE,307.92,88849
08-06-2022,09-06-2022,17150,PE,80.59,226325
08-06-2022,09-06-2022,17200,CE,63.74,183202
08-06-2022,09-06-2022,17200,PE,223.11,101251
09-06-2022,09-06-2022,20400,CE,183.81,185823
09-06-2022,09-06-2022,20400,PE,398.1,317664
09-06-2022,09-06-2022,20450,CE,272.98,334831
09-06-2022,09-06-2022,20450,PE,374.03,244949
09-06-2022,09-06-2022,20500,CE,330.31,142298
09-06-2022,09-06-2022,20500,PE,69.27,251522
09-06-2022,09-06-2022,20550,CE,373.88,182506
09-06-2022,09-06-2022,20550,PE,354.09,77690
09-06-2022,09-06-2022,20600,CE,348.16,385723
09-06-2022,09-06-2022,20600,PE,314.82,176353
10-06-2022,16-06-2022,17400,CE,329.39,169626
10-06-2022,16-06-2022,17400,PE,249.72,123941
10-06-2022,16-06-2022,17450,CE,91.8,262626
10-06-2022,16-06-2022,17450,PE,231.58,11886
10-06-2022,16-06-2022,17500,CE,318.35,56460
10-06-2022,16-06-2022,17500,PE,56.54,54161
10-06-2022,16-06-2022,17550,CE,227.57,119455
10-06-2022,16-06-2022,17550,PE,226.48,163329
10-06-2022,16-06-2022,17600,CE,145.8,172565
10-06-2022,16-06-2022,17600,PE,313.27,247490
13-06-2022,16-06-2022,21050,CE,322.55,382175
13-06-2022,16-06-2022,21050,PE,32.82,287290
13-06-2022,16-06-2022,21100,CE,244.9,183722
13-06-2022,16-06-2022,21100,PE,267.7,53890
13-06-2022,16-06-2022,21150,CE,36.12,257879
13-06-2022,16-06-2022,21150,PE,28.1,350454
13-06-2022,16-06-2022,21200,CE,278.69,229557
13-06-2022,16-06-2022,21200,PE,166.61,425418
13-06-2022,16-06-2022,21250,CE,100.18,385411
13-06-2022,16-06-2022,21250,PE,68.48,481866
14-06-2022,16-06-2022,17750,CE,396.45,151173
14-06-2022,16-06-2022,17750,PE,124.62,276995
14-06-2022,16-06-2022,17800,CE,198.55,337006
14-06-2022,16-06-2022,17800,PE,361.03,348071
14-06-2022,16-06-2022,17850,CE,102.68,324528
14-06-2022,16-06-2022,17850,PE,330.71,117521
14-06-2022,16-06-2022,17900,CE,56.1,233545
14-06-2022,16-06-2022,17900,PE,278.21,20181
14-06-2022,16-06-2022,17950,CE,305.33,236873
14-06-2022,16-06-2022,17950,PE,43.03,404728
15-06-2022,16-06-2022,14250,CE,86.45,315855
15-06-2022,16-06-2022,14250,PE,73.61,315874
15-06-2022,16-06-2022,14300,CE,296,259015
15-06-2022,16-06-2022,14300,PE,228.6,159063
15-06-2022,16-06-2022,14350,CE,268.63,82138
15-06-2022,16-06-2022,14350,PE,393.26,445018
15-06-2022,16-06-2022,14400,CE,32.89,86664
15-06-2022,16-06-2022,14400,PE,182.17,431834
15-06-2022,16-06-2022,14450,CE,48.55,25994
15-06-2022,16-06-2022,14450,PE,89.28,440819
16-06-2022,16-06-2022,15100,CE,150.41,261706
16-06-2022,16-06-2022,15100,PE,70.23,416206
16-06-2022,16-06-2022,15150,CE,370.89,188679
16-06-2022,16-06-2022,15150,PE,61.47,104031
16-06-2022,16-06-2022,15200,CE,27.18,227940
16-06-2022,16-06-2022,15200,PE,225.7,10926
16-06-2022,16-06-2022,15250,CE,119.03,166405
16-06-2022,16-06-2022,15250,PE,60.92,56214
16-06-2022,16-06-2022,15300,CE,262.32,189990
16-06-2022,16-06-2022,15300,PE,239.2,304884
17-06-2022,23-06-2022,11650,CE,51.43,197852
17-06-2022,23-06-2022,11650,PE,218.02,122757
17-06-2022,23-06-2022,11700,CE,150.49,185033
17-06-2022,23-06-2022,11700,PE,154.75,441514
17-06-2022,23-06-2022,11750,CE,177.35,225932
17-06-2022,23-06-2022,11750,PE,44.36,39430
17-06-2022,23-06-2022,11800,CE,49.69,168834
17-06-2022,23-06-2022,11800,PE,287.97,499549
17-06-2022,23-06-2022,11850,CE,102.75,108904
17-06-2022,23-06-2022,11850,PE,189.23,57046
20-06-2022,23-06-2022,21100,CE,189.89,373427
20-06-2022,23-06-2022,21100,PE,116.05,217152
20-06-2022,23-06-2022,21150,CE,389.34,264761
20-06-2022,23-06-2022,21150,PE,153.05,180131
20-06-2022,23-06-2022,21200,CE,280.97,244327
20-06-2022,23-06-2022,21200,PE,250.93,398170
20-06-2022,23-06-2022,21250,CE,130.79,326164
20-06-2022,23-06-2022,21250,PE,303.58,127968
20-06-2022,23-06-2022,21300,CE,112.34,492530
20-06-2022,23-06-2022,21300,PE,109.29,202858
21-06-2022,23-06-2022,15550,CE,122.97,53848
21-06-2022,23-06-2022,15550,PE,75.92,24826
21-06-2022,23-06-2022,15600,CE,173.81,265817
21-06-2022,23-06-2022,15600,PE,308.51,476846
21-06-2022,23-06-2022,15650,CE,185.81,47981
21-06-2022,23-06-2022,15650,PE,169.82,180615
21-06-2022,23-06-2022,15700,CE,314.31,441053
21-06-2022,23-06-2022,15700,PE,312.41,232565
21-06-2022,23-06-2022,15750,CE,377.87,56763
21-06-2022,23-06-2022,15750,PE,121.5,196530
22-06-2022,23-06-2022,17100,CE,53.74,258389
22-06-2022,23-06-2022,17100,PE,262.06,293659
22-06-2022,23-06-2022,17150,CE,252.96,394351
22-06-2022,23-06-2022,17150,PE,86.69,126934
22-06-2022,23-06-2022,17200,CE,375.01,466644
22-06-2022,23-06-2022,17200,PE,328.37,459386
22-06-2022,23-06-2022,17250,CE,105.39,230334
22-06-2022,23-06-2022,17250,PE,359.05,148733
22-06-2022,23-06-2022,17300,CE,303.07,246391
22-06-2022,23-06-2022,17300,PE,341.31,162804
23-06-2022,23-06-2022,17100,CE,353.92,481739
23-06-2022,23-06-2022,17100,PE,38.92,410702
23-06-2022,23-06-2022,17150,CE,358.2,361362
23-06-2022,23-06-2022,17150,PE,98.54,394098
23-06-2022,23-06-2022,17200,CE,144.5,175883
23-06-2022,23-06-2022,17200,PE,280.41,20274
23-06-2022,23-06-2022,17250,CE,280.43,49959
23-06-2022,23-06-2022,17250,PE,308.29,412349
23-06-2022,23-06-2022,17300,CE,373.08,405253
23-06-2022,23-06-2022,17300,PE,231.92,486130
24-06-2022,30-06-2022,19500,CE,163.07,451491
24-06-2022,30-06-2022,19500,PE,128.58,299132
24-06-2022,30-06-2022,19550,CE,107.39,167570
24-06-2022,30-06-2022,19550,PE,265.66,176697
24-06-2022,30-06-2022,19600,CE,76.86,20468
24-06-2022,30-06-2022,19600,PE,344.71,379968
24-06-2022,30-06-2022,19650,CE,59.39,141177
24-06-2022,30-06-2022,19650,PE,103.5,301125
24-06-2022,30-06-2022,19700,CE,66.54,266450
24-06-2022,30-06-2022,19700,PE,51.28,187675
27-06-2022,30-06-2022,17250,CE,396.61,379459
27-06-2022,30-06-2022,17250,PE,95.85,313248
27-06-2022,30-06-2022,17300,CE,141.08,176078
27-06-2022,30-06-2022,17300,PE,381.81,257894
27-06-2022,30-06-2022,17350,CE,198.71,270119
27-06-2022,30-06-2022,17350,PE,163.26,196458
27-06-2022,30-06-2022,17400,CE,175.17,318113
27-06-2022,30-06-2022,17400,PE,227.55,20890
27-06-2022,30-06-2022,17450,CE,315.09,420081
27-06-2022,30-06-2022,17450,PE,53.11,392953
28-06-2022,30-06-2022,19550,CE,286.14,280324
28-06-2022,30-06-2022,19550,PE,31.9,274457
28-06-2022,30-06-2022,19600,CE,329.37,197413
28-06-2022,30-06-2022,19600,PE,112.01,150668
28-06-2022,30-06-2022,19650,CE,50.62,326349
28-06-2022,30-06-2022,19650,PE,360.21,454882
28-06-2022,30-06-2022,19700,CE,35.41,368265
28-06-2022,30-06-2022,19700,PE,111,404923
28-06-2022,30-06-2022,19750,CE,279.46,258675
28-06-2022,30-06-2022,19750,PE,162.18,401991
29-06-2022,30-06-2022,16350,CE,123.99,107950
29-06-2022,30-06-2022,16350,PE,139.72,176650
29-06-2022,30-06-2022,16400,CE,374,372151
29-06-2022,30-06-2022,16400,PE,334.76,320086
29-06-2022,30-06-2022,16450,CE,113.14,282566
29-06-2022,30-06-2022,16450,PE,294.39,311700
29-06-2022,30-06-2022,16500,CE,269.77,443942
29-06-2022,30-06-2022,16500,PE,364,133786
29-06-2022,30-06-2022,16550,CE,35.07,26874
29-06-2022,30-06-2022,16550,PE,156.78,98807
30-06-2022,30-06-2022,15350,CE,100.6,187655
30-06-2022,30-06-2022,15350,PE,161.05,268028
30-06-2022,30-06-2022,15400,CE,86.25,352440
30-06-2022,30-06-2022,15400,PE,310.39,452227
30-06-2022,30-06-2022,15450,CE,105.99,260790
30-06-2022,30-06-2022,15450,PE,288.47,249377
30-06-2022,30-06-2022,15500,CE,194.23,135600
30-06-2022,30-06-2022,15500,PE,376.42,347124
30-06-2022,30-06-2022,15550,CE,166.93,72872
30-06-2022,30-06-2022,15550,PE,155.13,407015
01-07-2022,07-07-2022,18450,CE,355.2,387142
01-07-2022,07-07-2022,18450,PE,175.61,339363
01-07-2022,07-07-2022,18500,CE,252.87,267295
01-07-2022,07-07-2022,18500,PE,74.66,360145
01-07-2022,07-07-2022,18550,CE,92.91,272823
01-07-2022,07-07-2022,18550,PE,173.64,361529
01-07-2022,07-07-2022,18600,CE,150.79,356833
01-07-2022,07-07-2022,18600,PE,101.01,217731
01-07-2022,07-07-2022,18650,CE,357.24,254119
01-07-2022,07-07-2022,18650,PE,235.62,375438
04-07-2022,07-07-2022,20300,CE,292.04,307938
04-07-2022,07-07-2022,20300,PE,64.4,317227
04-07-2022,07-07-2022,20350,CE,225.94,311941
04-07-2022,07-07-2022,20350,PE,53.58,17995
04-07-2022,07-07-2022,20400,CE,282.68,71245
04-07-2022,07-07-2022,20400,PE,41.22,285505
04-07-2022,07-07-2022,20450,CE,263.56,377914
04-07-2022,07-07-2022,20450,PE,82.01,37149
04-07-2022,07-07-2022,20500,CE,257.19,121322
04-07-2022,07-07-2022,20500,PE,229.6,478167
05-07-2022,07-07-2022,16650,CE,130.03,400270
05-07-2022,07-07-2022,16650,PE,324.43,368300
05-07-2022,07-07-2022,16700,CE,58.6,328952
05-07-2022,07-07-2022,16700,PE,286.79,230170
05-07-2022,07-07-2022,16750,CE,282.61,258665
05-07-2022,07-07-2022,16750,PE,370.76,282201
05-07-2022,07-07-2022,16800,CE,214.41,216603
05-07-2022,07-07-2022,16800,PE,285.48,226830
05-07-2022,07-07-2022,16850,CE,10.21,251951
05-07-2022,07-07-2022,16850,PE,390.52,397209
06-07-2022,07-07-2022,16800,CE,219.87,370706
06-07-2022,07-07-2022,16800,PE,161.89,173128
06-07-2022,07-07-2022,16850,CE,117.41,320250
06-07-2022,07-07-2022,16850,PE,267.06,397193
06-07-2022,07-07-2022,16900,CE,381.75,38282
06-07-2022,07-07-2022,16900,PE,79.63,222883
06-07-2022,07-07-2022,16950,CE,231.99,332068
06-07-2022,07-07-2022,16950,PE,190.68,146786
06-07-2022,07-07-2022,17000,CE,167.45,466437
06-07-2022,07-07-2022,17000,PE,10.02,229445
07-07-2022,07-07-2022,14750,CE,12.71,276129
07-07-2022,07-07-2022,14750,PE,138.69,380393
07-07-2022,07-07-2022,14800,CE,266.49,124528
07-07-2022,07-07-2022,14800,PE,335.83,81469
07-07-2022,07-07-2022,14850,CE,373.58,35049
07-07-2022,07-07-2022,14850,PE,297.97,334731
07-07-2022,07-07-2022,14900,CE,20.32,288853
07-07-2022,07-07-2022,14900,PE,48.07,342410
07-07-2022,07-07-2022,14950,CE,126.3,273490
07-07-2022,07-07-2022,14950,PE,147.14,271831
08-07-2022,14-07-2022,19450,CE,176.24,204434
08-07-2022,14-07-2022,19450,PE,160.06,289183
08-07-2022,14-07-2022,19500,CE,123.64,15269
08-07-2022,14-07-2022,19500,PE,94.19,58601
08-07-2022,14-07-2022,19550,CE,369.72,175747
08-07-2022,14-07-2022,19550,PE,147.9,19157
08-07-2022,14-07-2022,19600,CE,292.42,399058
08-07-2022,14-07-2022,19600,PE,167.55,447096
08-07-2022,14-07-2022,19650,CE,215.83,380533
08-07-2022,14-07-2022,19650,PE,177.47,488694
11-07-2022,14-07-2022,16500,CE,327.17,71118
11-07-2022,14-07-2022,16500,PE,273.61,166387
11-07-2022,14-07-2022,16550,CE,348.61,359707
11-07-2022,14-07-2022,16550,PE,15.63,249723
11-07-2022,14-07-2022,16600,CE,66.85,414043
11-07-2022,14-07-2022,16600,PE,358.67,227398
11-07-2022,14-07-2022,16650,CE,397.34,125114
11-07-2022,14-07-2022,16650,PE,236.82,363402
11-07-2022,14-07-2022,16700,CE,224.82,469077
11-07-2022,14-07-2022,16700,PE,133.64,265813
12-07-2022,14-07-2022,15900,CE,360.68,467482
12-07-2022,14-07-2022,15900,PE,12.77,356100
12-07-2022,14-07-2022,15950,CE,133.12,20711
12-07-2022,14-07-2022,15950,PE,130.47,288198
12-07-2022,14-07-2022,16000,CE,88.38,400490
12-07-2022,14-07-2022,16000,PE,271.33,380102
12-07-2022,14-07-2022,16050,CE,57.9,497323
12-07-2022,14-07-2022,16050,PE,160.37,123975
12-07-2022,14-07-2022,16100,CE,357.23,322163
12-07-2022,14-07-2022,16100,PE,282.46,25527
13-07-2022,14-07-2022,18600,CE,131.81,208802
13-07-2022,14-07-2022,18600,PE,108.41,211096
13-07-2022,14-07-2022,18650,CE,155.56,100419
13-07-2022,14-07-2022,18650,PE,62.94,39119
13-07-2022,14-07-2022,18700,CE,167.03,160080
13-07-2022,14-07-2022,18700,PE,352.71,184530
13-07-2022,14-07-2022,18750,CE,212.44,100696
13-07-2022,14-07-2022,18750,PE,71.23,436986
13-07-2022,14-07-2022,18800,CE,13.43,214432
13-07-2022,14-07-2022,18800,PE,331.3,348376
14-07-2022,14-07-2022,20250,CE,287.53,298137
14-07-2022,14-07-2022,20250,PE,86.63,394491
14-07-2022,14-07-2022,20300,CE,49.86,176462
14-07-2022,14-07-2022,20300,PE,279.55,376475
14-07-2022,14-07-2022,20350,CE,153.12,472552
14-07-2022,14-07-2022,20350,PE,380.08,102317
14-07-2022,14-07-2022,20400,CE,231.9,463337
14-07-2022,14-07-2022,20400,PE,100.93,175015
14-07-2022,14-07-2022,20450,CE,16.35,323033
14-07-2022,14-07-2022,20450,PE,395.34,336698
15-07-2022,21-07-2022,20750,CE,143.97,356695
15-07-2022,21-07-2022,20750,PE,240.22,74680
15-07-2022,21-07-2022,20800,CE,21.11,229479
15-07-2022,21-07-2022,20800,PE,97.7,476366
15-07-2022,21-07-2022,20850,CE,268.94,135283
15-07-2022,21-07-2022,20850,PE,219.57,386872
15-07-2022,21-07-2022,20900,CE,49.48,33948
15-07-2022,21-07-2022,20900,PE,29.04,427714
15-07-2022,21-07-2022,20950,CE,132,63574
15-07-2022,21-07-2022,20950,PE,390.42,240057
18-07-2022,21-07-2022,17550,CE,152.48,336362
18-07-2022,21-07-2022,17550,PE,70.41,387920
18-07-2022,21-07-2022,17600,CE,176.71,451362
18-07-2022,21-07-2022,17600,PE,78.42,171419
18-07-2022,21-07-2022,17650,CE,382.99,152372
18-07-2022,21-07-2022,17650,PE,362.12,313535
18-07-2022,21-07-2022,17700,CE,172.38,209929
18-07-2022,21-07-2022,17700,PE,145.71,117804
18-07-2022,21-07-2022,17750,CE,154.46,271720
18-07-2022,21-07-2022,17750,PE,203.77,244523
19-07-2022,21-07-2022,18500,CE,80.46,413257
19-07-2022,21-07-2022,18500,PE,333.31,16993
19-07-2022,21-07-2022,18550,CE,16.26,59846
19-07-2022,21-07-2022,18550,PE,215.56,439768
19-07-2022,21-07-2022,18600,CE,124.9,441890
19-07-2022,21-07-2022,18600,PE,119.34,187117
19-07-2022,21-07-2022,18650,CE,12.81,280596
19-07-2022,21-07-2022,18650,PE,256.32,38067
19-07-2022,21-07-2022,18700,CE,229.18,226278
19-07-2022,21-07-2022,18700,PE,66.3,198241
20-07-2022,21-07-2022,18850,CE,13.98,327422
20-07-2022,21-07-2022,18850,PE,257.15,280523
20-07-2022,21-07-2022,18900,CE,341.82,487667
20-07-2022,21-07-2022,18900,PE,67.98,124467
20-07-2022,21-07-2022,18950,CE,84.46,460324
20-07-2022,21-07-2022,18950,PE,163.74,357087
20-07-2022,21-07-2022,19000,CE,260.08,135099
20-07-2022,21-07-2022,19000,PE,44.32,247553
20-07-2022,21-07-2022,19050,CE,74.14,292568
20-07-2022,21-07-2022,19050,PE,37.39,326131
21-07-2022,21-07-2022,19500,CE,391.97,289335
21-07-2022,21-07-2022,19500,PE,93.84,287329
21-07-2022,21-07-2022,19550,CE,36.22,482310
21-07-2022,21-07-2022,19550,PE,86.85,429646
21-07-2022,21-07-2022,19600,CE,315.9,268905
21-07-2022,21-07-2022,19600,PE,176.3,133370
21-07-2022,21-07-2022,19650,CE,175.71,222305
21-07-2022,21-07-2022,19650,PE,163.93,267970
21-07-2022,21-07-2022,19700,CE,326.95,344161
21-07-2022,21-07-2022,19700,PE,207.61,438138
22-07-2022,28-07-2022,17400,CE,146.2,369280
22-07-2022,28-07-2022,17400,PE,17.5,174723
22-07-2022,28-07-2022,17450,CE,222.09,161203
22-07-2022,28-07-2022,17450,PE,392.45,329840
22-07-2022,28-07-2022,17500,CE,286.16,70230
22-07-2022,28-07-2022,17500,PE,204.57,203547
22-07-2022,28-07-2022,17550,CE,387.56,476538
22-07-2022,28-07-2022,17550,PE,195.96,136013
22-07-2022,28-07-2022,17600,CE,216.44,475014
22-07-2022,28-07-2022,17600,PE,170.58,203665
25-07-2022,28-07-2022,20050,CE,233.68,217799
25-07-2022,28-07-2022,20050,PE,127.06,271028
25-07-2022,28-07-2022,20100,CE,397.76,400127
25-07-2022,28-07-2022,20100,PE,222.3,55090
25-07-2022,28-07-2022,20150,CE,239.21,92904
25-07-2022,28-07-2022,20150,PE,265.49,388034
25-07-2022,28-07-2022,20200,CE,151.43,258358
25-07-2022,28-07-2022,20200,PE,380.24,60842
25-07-2022,28-07-2022,20250,CE,292.61,382246
25-07-2022,28-07-2022,20250,PE,139.11,114704
26-07-2022,28-07-2022,17000,CE,313.19,327659
26-07-2022,28-07-2022,17000,PE,387.28,25669
26-07-2022,28-07-2022,17050,CE,332.18,129384
26-07-2022,28-07-2022,17050,PE,29.41,350758
26-07-2022,28-07-2022,17100,CE,197.67,408277
26-07-2022,28-07-2022,17100,PE,216.28,57270
26-07-2022,28-07-2022,17150,CE,148.41,63126
26-07-2022,28-07-2022,17150,PE,377.35,175650
26-07-2022,28-07-2022,17200,CE,278.93,393694
26-07-2022,28-07-2022,17200,PE,399.69,122250
27-07-2022,28-07-2022,17150,CE,199.63,152411
27-07-2022,28-07-2022,17150,PE,334.01,468536
27-07-2022,28-07-2022,17200,CE,58.37,149014
27-07-2022,28-07-2022,17200,PE,346.07,268027
27-07-2022,28-07-2022,17250,CE,311.15,358847
27-07-2022,28-07-2022,17250,PE,76.97,192034
27-07-2022,28-07-2022,17300,CE,324.35,275025
27-07-2022,28-07-2022,17300,PE,228.56,460713
27-07-2022,28-07-2022,17350,CE,371.67,211907
27-07-2022,28-07-2022,17350,PE,232.32,40716
28-07-2022,28-07-2022,13950,CE,315.32,266251
28-07-2022,28-07-2022,13950,PE,327.66,188041
28-07-2022,28-07-2022,14000,CE,37.05,209920
28-07-2022,28-07-2022,14000,PE,286.77,424384
28-07-2022,28-07-2022,14050,CE,212.28,171702
28-07-2022,28-07-2022,14050,PE,306.8,87744
28-07-2022,28-07-2022,14100,CE,129.37,451095
28-07-2022,28-07-2022,14100,PE,365.52,473687
28-07-2022,28-07-2022,14150,CE,234.13,399024
28-07-2022,28-07-2022,14150,PE,175.26,107616
29-07-2022,04-08-2022,18450,CE,159.1,481549
29-07-2022,04-08-2022,18450,PE,367.35,173195
29-07-2022,04-08-2022,18500,CE,37.61,141951
29-07-2022,04-08-2022,18500,PE,358.06,461426
29-07-2022,04-08-2022,18550,CE,376.72,366126
29-07-2022,04-08-2022,18550,PE,201.97,446682
29-07-2022,04-08-2022,18600,CE,331.77,244803
29-07-2022,04-08-2022,18600,PE,177.76,158852
29-07-2022,04-08-2022,18650,CE,338.71,204608
29-07-2022,04-08-2022,18650,PE,265.71,126885
01-08-2022,04-08-2022,14650,CE,209.18,155515
01-08-2022,04-08-2022,14650,PE,197.88,436092
01-08-2022,04-08-2022,14700,CE,88.44,53157
01-08-2022,04-08-2022,14700,PE,46.97,108570
01-08-2022,04-08-2022,14750,CE,332.11,121462
01-08-2022,04-08-2022,14750,PE,158.26,166339
01-08-2022,04-08-2022,14800,CE,13.35,381120
01-08-2022,04-08-2022,14800,PE,92.62,61801
01-08-2022,04-08-2022,14850,CE,94.47,302888
01-08-2022,04-08-2022,14850,PE,113.47,112958
02-08-2022,04-08-2022,17100,CE,278.26,95595
02-08-2022,04-08-2022,17100,PE,124.77,13094
02-08-2022,04-08-2022,17150,CE,86.86,47566
02-08-2022,04-08-2022,17150,PE,231.82,141142
02-08-2022,04-08-2022,17200,CE,295.87,180591
02-08-2022,04-08-2022,17200,PE,319.13,382508
02-08-2022,04-08-2022,17250,CE,140.12,486458
02-08-2022,04-08-2022,17250,PE,363.12,42687
02-08-2022,04-08-2022,17300,CE,181.99,179365
02-08-2022,04-08-2022,17300,PE,14.52,235382
03-08-2022,04-08-2022,17350,CE,121.95,101140
03-08-2022,04-08-2022,17350,PE,241.23,319404
03-08-2022,04-08-2022,17400,CE,76.17,492873
03-08-2022,04-08-2022,17400,PE,357.91,294925
03-08-2022,04-08-2022,17450,CE,151.27,136383
03-08-2022,04-08-2022,17450,PE,208.45,424612
03-08-2022,04-08-2022,17500,CE,337.43,52900
03-08-2022,04-08-2022,17500,PE,197.92,45145
03-08-2022,04-08-2022,17550,CE,399.78,29899
03-08-2022,04-08-2022,17550,PE,360.77,75290
04-08-2022,04-08-2022,17850,CE,27.02,57422
04-08-2022,04-08-2022,17850,PE,116.48,368451
04-08-2022,04-08-2022,17900,CE,273.85,482104
04-08-2022,04-08-2022,17900,PE,398.22,460566
04-08-2022,04-08-2022,17950,CE,308.94,461682
04-08-2022,04-08-2022,17950,PE,26.55,120366
04-08-2022,04-08-2022,18000,CE,284.4,412402
04-08-2022,04-08-2022,18000,PE,360.34,230645
04-08-2022,04-08-2022,18050,CE,385.49,471473
04-08-2022,04-08-2022,18050,PE,194.3,490568
05-08-2022,11-08-2022,15700,CE,175.23,256261
05-08-2022,11-08-2022,15700,PE,321.84,184801
05-08-2022,11-08-2022,15750,CE,153.12,51852
05-08-2022,11-08-2022,15750,PE,180.16,97318
05-08-2022,11-08-2022,15800,CE,94.1,203762
05-08-2022,11-08-2022,15800,PE,191.38,102935
05-08-2022,11-08-2022,15850,CE,231.98,438199
05-08-2022,11-08-2022,15850,PE,292.26,179650
05-08-2022,11-08-2022,15900,CE,226.26,478005
05-08-2022,11-08-2022,15900,PE,83.09,68067
08-08-2022,11-08-2022,18100,CE,347.29,424944
08-08-2022,11-08-2022,18100,PE,342.73,166446
08-08-2022,11-08-2022,18150,CE,179.24,36322
08-08-2022,11-08-2022,18150,PE,26.26,331013
08-08-2022,11-08-2022,18200,CE,318.07,499553
08-08-2022,11-08-2022,18200,PE,235.79,264599
08-08-2022,11-08-2022,18250,CE,31.61,337264
08-08-2022,11-08-2022,18250,PE,163.17,256428
08-08-2022,11-08-2022,18300,CE,265.2,128827
08-08-2022,11-08-2022,18300,PE,149.42,161179
09-08-2022,11-08-2022,16900,CE,279.96,373740
09-08-2022,11-08-2022,16900,PE,298.16,117170
09-08-2022,11-08-2022,16950,CE,212.62,290767
09-08-2022,11-08-2022,16950,PE,363.67,117387
09-08-2022,11-08-2022,17000,CE,279.43,254704
09-08-2022,11-08-2022,17000,PE,94.7,467354
09-08-2022,11-08-2022,17050,CE,132.41,185747
09-08-2022,11-08-2022,17050,PE,267.85,301121
09-08-2022,11-08-2022,17100,CE,182.57,147487
09-08-2022,11-08-2022,17100,PE,154.36,109107
10-08-2022,11-08-2022,16850,CE,30.71,35388
10-08-2022,11-08-2022,16850,PE,380.97,182510
10-08-2022,11-08-2022,16900,CE,371.28,276065
10-08-2022,11-08-2022,16900,PE,58.67,167424
10-08-2022,11-08-2022,16950,CE,235.52,338802
10-08-2022,11-08-2022,16950,PE,367.23,217701
10-08-2022,11-08-2022,17000,CE,343.92,333409
10-08-2022,11-08-2022,17000,PE,131.5,337846
10-08-2022,11-08-2022,17050,CE,253.53,44994
10-08-2022,11-08-2022,17050,PE,182.16,316261
11-08-2022,11-08-2022,17450,CE,140.02,27338
11-08-2022,11-08-2022,17450,PE,39.37,131687
11-08-2022,11-08-2022,17500,CE,321.06,190141
11-08-2022,11-08-2022,17500,PE,91.17,82633
11-08-2022,11-08-2022,17550,CE,27.66,17784
11-08-2022,11-08-2022,17550,PE,288.95,399844
11-08-2022,11-08-2022,17600,CE,305.56,198215
11-08-2022,11-08-2022,17600,PE,22.4,218014
11-08-2022,11-08-2022,17650,CE,214.96,40826
11-08-2022,11-08-2022,17650,PE,179.77,365840
12-08-2022,18-08-2022,17350,CE,222.74,303511
12-08-2022,18-08-2022,17350,PE,255.81,111836
12-08-2022,18-08-2022,17400,CE,383.79,419559
12-08-2022,18-08-2022,17400,PE,60.86,359014
12-08-2022,18-08-2022,17450,CE,241.38,173817
12-08-2022,18-08-2022,17450,PE,108.45,32084
12-08-2022,18-08-2022,17500,CE,399.76,265437
12-08-2022,18-08-2022,17500,PE,287.41,311535
12-08-2022,18-08-2022,17550,CE,288.88,455780
12-08-2022,18-08-2022,17550,PE,57.03,72074
15-08-2022,18-08-2022,16600,CE,367.62,69932
15-08-2022,18-08-2022,16600,PE,348.24,118468
15-08-2022,18-08-2022,16650,CE,83.11,39686
15-08-2022,18-08-2022,16650,PE,288.12,35066
15-08-2022,18-08-2022,16700,CE,354.83,38581
15-08-2022,18-08-2022,16700,PE,203.23,397501
15-08-2022,18-08-2022,16750,CE,102.4,264646
15-08-2022,18-08-2022,16750,PE,77.73,159058
15-08-2022,18-08-2022,16800,CE,182.46,176175
15-08-2022,18-08-2022,16800,PE,342.4,240276
16-08-2022,18-08-2022,14600,CE,118.84,294543
16-08-2022,18-08-2022,14600,PE,266.82,225451
16-08-2022,18-08-2022,14650,CE,320.32,381443
16-08-2022,18-08-2022,14650,PE,55.05,305441
16-08-2022,18-08-2022,14700,CE,306.92,395217
16-08-2022,18-08-2022,14700,PE,276.19,264957
16-08-2022,18-08-2022,14750,CE,89.73,89598
16-08-2022,18-08-2022,14750,PE,109.54,174231
16-08-2022,18-08-2022,14800,CE,191.59,59722
16-08-2022,18-08-2022,14800,PE,371.9,322459
17-08-2022,18-08-2022,17350,CE,233,484743
17-08-2022,18-08-2022,17350,PE,50.4,239522
17-08-2022,18-08-2022,17400,CE,36.4,324625
17-08-2022,18-08-2022,17400,PE,227.27,189063
17-08-2022,18-08-2022,17450,CE,165.19,27227
17-08-2022,18-08-2022,17450,PE,92.12,239976
17-08-2022,18-08-2022,17500,CE,288.6,495032
17-08-2022,18-08-2022,17500,PE,260.59,289584
17-08-2022,18-08-2022,17550,CE,344.8,316931
17-08-2022,18-08-2022,17550,PE,253.09,455837
18-08-2022,18-08-2022,15650,CE,175.86,64300
18-08-2022,18-08-2022,15650,PE,137.19,263172
18-08-2022,18-08-2022,15700,CE,352.65,213035
18-08-2022,18-08-2022,15700,PE,84.99,157595
18-08-2022,18-08-2022,15750,CE,266.1,303963
18-08-2022,18-08-2022,15750,PE,22.34,256095
18-08-2022,18-08-2022,15800,CE,307.65,296606
18-08-2022,18-08-2022,15800,PE,106.25,491104
18-08-2022,18-08-2022,15850,CE,37.32,60056
18-08-2022,18-08-2022,15850,PE,176.78,417354
19-08-2022,25-08-2022,15550,CE,106.27,233901
19-08-2022,25-08-2022,15550,PE,294.53,114026
19-08-2022,25-08-2022,15600,CE,155.37,275104
19-08-2022,25-08-2022,15600,PE,371.95,234877
19-08-2022,25-08-2022,15650,CE,174.47,275685
19-08-2022,25-08-2022,15650,PE,292.26,245261
19-08-2022,25-08-2022,15700,CE,256.12,234872
19-08-2022,25-08-2022,15700,PE,362.52,125591
19-08-2022,25-08-2022,15750,CE,160.44,498380
19-08-2022,25-08-2022,15750,PE,78.78,168110
22-08-2022,25-08-2022,19600,CE,274.22,434603
22-08-2022,25-08-2022,19600,PE,155.08,459377
22-08-2022,25-08-2022,19650,CE,163.15,282175
22-08-2022,25-08-2022,19650,PE,220.64,394862
22-08-2022,25-08-2022,19700,CE,353.62,306379
22-08-2022,25-08-2022,19700,PE,263.32,37759
22-08-2022,25-08-2022,19750,CE,324.99,201117
22-08-2022,25-08-2022,19750,PE,45.7,71545
22-08-2022,25-08-2022,19800,CE,217.27,421264
22-08-2022,25-08-2022,19800,PE,226.53,255078
23-08-2022,25-08-2022,13300,CE,369.65,358033
23-08-2022,25-08-2022,13300,PE,86.72,286501
23-08-2022,25-08-2022,13350,CE,339.63,64478
23-08-2022,25-08-2022,13350,PE,60.17,132143
23-08-2022,25-08-2022,13400,CE,147.43,111319
23-08-2022,25-08-2022,13400,PE,268.76,356725
23-08-2022,25-08-2022,13450,CE,194.37,230891
23-08-2022,25-08-2022,13450,PE,333.51,51549
23-08-2022,25-08-2022,13500,CE,219.86,377284
23-08-2022,25-08-2022,13500,PE,269.52,469043
24-08-2022,25-08-2022,16350,CE,183.22,96145
24-08-2022,25-08-2022,16350,PE,257.07,251502
24-08-2022,25-08-2022,16400,CE,227.65,261624
24-08-2022,25-08-2022,16400,PE,72.26,115966
24-08-2022,25-08-2022,16450,CE,350.44,344576
24-08-2022,25-08-2022,16450,PE,185.75,117460
24-08-2022,25-08-2022,16500,CE,56.01,330372
24-08-2022,25-08-2022,16500,PE,233.45,303117
24-08-2022,25-08-2022,16550,CE,202.38,210867
24-08-2022,25-08-2022,16550,PE,138.58,44822
25-08-2022,25-08-2022,14100,CE,397.86,338570
25-08-2022,25-08-2022,14100,PE,250.28,222867
25-08-2022,25-08-2022,14150,CE,257.44,377713
25-08-2022,25-08-2022,14150,PE,258.83,352437
25-08-2022,25-08-2022,14200,CE,353.65,13677
25-08-2022,25-08-2022,14200,PE,352.94,251882
25-08-2022,25-08-2022,14250,CE,136.19,217660
25-08-2022,25-08-2022,14250,PE,88.42,494479
25-08-2022,25-08-2022,14300,CE,42.3,452582
25-08-2022,25-08-2022,14300,PE,202.09,494554
26-08-2022,01-09-2022,18850,CE,123.59,78780
26-08-2022,01-09-2022,18850,PE,226.84,292429
26-08-2022,01-09-2022,18900,CE,140.78,160594
26-08-2022,01-09-2022,18900,PE,222.78,285476
26-08-2022,01-09-2022,18950,CE,228.92,229939
26-08-2022,01-09-2022,18950,PE,388.28,179103
26-08-2022,01-09-2022,19000,CE,227.63,133029
26-08-2022,01-09-2022,19000,PE,91.52,249457
26-08-2022,01-09-2022,19050,CE,397.57,218912
26-08-2022,01-09-2022,19050,PE,58.68,67813
29-08-2022,01-09-2022,19450,CE,393.4,480353
29-08-2022,01-09-2022,19450,PE,263.09,145905
29-08-2022,01-09-2022,19500,CE,35.32,397811
29-08-2022,01-09-2022,19500,PE,225.97,245566
29-08-2022,01-09-2022,19550,CE,347.23,201662
29-08-2022,01-09-2022,19550,PE,24.02,390410
29-08-2022,01-09-2022,19600,CE,287.64,102531
29-08-2022,01-09-2022,19600,PE,184.48,296756
29-08-2022,01-09-2022,19650,CE,125.16,62753
29-08-2022,01-09-2022,19650,PE,163.52,69713
30-08-2022,01-09-2022,17450,CE,360.56,192441
30-08-2022,01-09-2022,17450,PE,202.85,300460
30-08-2022,01-09-2022,17500,CE,150.34,137102
30-08-2022,01-09-2022,17500,PE,99.65,177946
30-08-2022,01-09-2022,17550,CE,394.56,498376
30-08-2022,01-09-2022,17550,PE,24.88,223413
30-08-2022,01-09-2022,17600,CE,115.06,98888
30-08-2022,01-09-2022,17600,PE,373.3,466365
30-08-2022,01-09-2022,17650,CE,40.38,219139
30-08-2022,01-09-2022,17650,PE,397.36,291490
31-08-2022,01-09-2022,19200,CE,298.36,19479
31-08-2022,01-09-2022,19200,PE,156.13,274530
31-08-2022,01-09-2022,19250,CE,302.3,152757
31-08-2022,01-09-2022,19250,PE,32.17,123520
31-08-2022,01-09-2022,19300,CE,121.72,162835
31-08-2022,01-09-2022,19300,PE,313.49,438725
31-08-2022,01-09-2022,19350,CE,251.96,425414
31-08-2022,01-09-2022,19350,PE,358.9,41598
31-08-2022,01-09-2022,19400,CE,54.46,167875
31-08-2022,01-09-2022,19400,PE,244.71,469827
01-09-2022,01-09-2022,18050,CE,148.07,33290
01-09-2022,01-09-2022,18050,PE,56.75,179094
01-09-2022,01-09-2022,18100,CE,283.47,395442
01-09-2022,01-09-2022,18100,PE,37.54,411643
01-09-2022,01-09-2022,18150,CE,90.03,92539
01-09-2022,01-09-2022,18150,PE,189.01,248834
01-09-2022,01-09-2022,18200,CE,12.79,252501
01-09-2022,01-09-2022,18200,PE,18.85,249031
01-09-2022,01-09-2022,18250,CE,27.97,389035
01-09-2022,01-09-2022,18250,PE,360.92,334451
02-09-2022,08-09-2022,16650,CE,24.73,152192
02-09-2022,08-09-2022,16650,PE,305.53,335379
02-09-2022,08-09-2022,16700,CE,372.74,210152
02-09-2022,08-09-2022,16700,PE,373.58,201797
02-09-2022,08-09-2022,16750,CE,43.69,269378
02-09-2022,08-09-2022,16750,PE,166.66,359379
02-09-2022,08-09-2022,16800,CE,340.19,485152
02-09-2022,08-09-2022,16800,PE,303.5,131945
02-09-2022,08-09-2022,16850,CE,103.78,49974
02-09-2022,08-09-2022,16850,PE,116.57,297740
05-09-2022,08-09-2022,17700,CE,160.91,329862
05-09-2022,08-09-2022,17700,PE,52.47,396788
05-09-2022,08-09-2022,17750,CE,332.34,208858
05-09-2022,08-09-2022,17750,PE,196.98,369031
05-09-2022,08-09-2022,17800,CE,214.23,101899
05-09-2022,08-09-2022,17800,PE,348.49,138210
05-09-2022,08-09-2022,17850,CE,108.73,241047
05-09-2022,08-09-2022,17850,PE,324.43,392728
05-09-2022,08-09-2022,17900,CE,154.62,100035
05-09-2022,08-09-2022,17900,PE,131.53,469742
06-09-2022,08-09-2022,15100,CE,44.3,440952
06-09-2022,08-09-2022,15100,PE,197.16,20471
06-09-2022,08-09-2022,15150,CE,130.69,449508
06-09-2022,08-09-2022,15150,PE,285.07,86852
06-09-2022,08-09-2022,15200,CE,289.73,88393
06-09-2022,08-09-2022,15200,PE,200.25,232538
06-09-2022,08-09-2022,15250,CE,68.36,72738
06-09-2022,08-09-2022,15250,PE,297.12,219040
06-09-2022,08-09-2022,15300,CE,265.68,116826
06-09-2022,08-09-2022,15300,PE,370.61,488054
07-09-2022,08-09-2022,17900,CE,374.78,291354
07-09-2022,08-09-2022,17900,PE,75.55,391138
07-09-2022,08-09-2022,17950,CE,289.64,477237
07-09-2022,08-09-2022,17950,PE,44.21,420300
07-09-2022,08-09-2022,18000,CE,220.75,85990
07-09-2022,08-09-2022,18000,PE,106.42,22356
07-09-2022,08-09-2022,18050,CE,180.88,369293
07-09-2022,08-09-2022,18050,PE,315.82,374368
07-09-2022,08-09-2022,18100,CE,230.63,64829
07-09-2022,08-09-2022,18100,PE,366.52,209189
08-09-2022,08-09-2022,20350,CE,98.65,459286
08-09-2022,08-09-2022,20350,PE,42.85,372218
08-09-2022,08-09-2022,20400,CE,373.9,276524
08-09-2022,08-09-2022,20400,PE,398.01,81399
08-09-2022,08-09-2022,20450,CE,262.08,230550
08-09-2022,08-09-2022,20450,PE,373.83,464085
08-09-2022,08-09-2022,20500,CE,33.82,301658
08-09-2022,08-09-2022,20500,PE,149.39,490993
08-09-2022,08-09-2022,20550,CE,185.37,397594
08-09-2022,08-09-2022,20550,PE,243.01,423369
09-09-2022,15-09-2022,17250,CE,182.88,479067
09-09-2022,15-09-2022,17250,PE,162.16,252131
09-09-2022,15-09-2022,17300,CE,246.08,74291
09-09-2022,15-09-2022,17300,PE,256.79,208513
09-09-2022,15-09-2022,17350,CE,209.32,239558
09-09-2022,15-09-2022,17350,PE,240.01,273509
09-09-2022,15-09-2022,17400,CE,190.28,241695
09-09-2022,15-09-2022,17400,PE,39.78,485280
09-09-2022,15-09-2022,17450,CE,320.85,75005
09-09-2022,15-09-2022,17450,PE,73.36,230173
12-09-2022,15-09-2022,19550,CE,301.71,150738
12-09-2022,15-09-2022,19550,PE,67.99,40234
12-09-2022,15-09-2022,19600,CE,270.37,213916
12-09-2022,15-09-2022,19600,PE,43.38,90020
12-09-2022,15-09-2022,19650,CE,203.91,107177
12-09-2022,15-09-2022,19650,PE,52.81,410467
12-09-2022,15-09-2022,19700,CE,190.32,360885
12-09-2022,15-09-2022,19700,PE,342.12,198568
12-09-2022,15-09-2022,19750,CE,129.39,322148
12-09-2022,15-09-2022,19750,PE,264.29,207324
13-09-2022,15-09-2022,21800,CE,210.52,244046
13-09-2022,15-09-2022,21800,PE,128.96,115765
13-09-2022,15-09-2022,21850,CE,129.07,395515
13-09-2022,15-09-2022,21850,PE,114.36,422069
13-09-2022,15-09-2022,21900,CE,228.91,442574
13-09-2022,15-09-2022,21900,PE,207.73,333840
13-09-2022,15-09-2022,21950,CE,370.08,286291
13-09-2022,15-09-2022,21950,PE,279.48,26730
13-09-2022,15-09-2022,22000,CE,303.39,215702
13-09-2022,15-09-2022,22000,PE,64.93,168839
14-09-2022,15-09-2022,15350,CE,194.96,180536
14-09-2022,15-09-2022,15350,PE,47.06,499761
14-09-2022,15-09-2022,15400,CE,102.82,225614
14-09-2022,15-09-2022,15400,PE,184.18,185212
14-09-2022,15-09-2022,15450,CE,130.86,148443
14-09-2022,15-09-2022,15450,PE,97.34,116277
14-09-2022,15-09-2022,15500,CE,339.08,367128
14-09-2022,15-09-2022,15500,PE,256.71,334121
14-09-2022,15-09-2022,15550,CE,66.77,161311
14-09-2022,15-09-2022,15550,PE,249.41,158539
15-09-2022,15-09-2022,15850,CE,49.24,256704
15-09-2022,15-09-2022,15850,PE,175.15,93561
15-09-2022,15-09-2022,15900,CE,69.13,216229
15-09-2022,15-09-2022,15900,PE,44.48,73523
15-09-2022,15-09-2022,15950,CE,152.18,38913
15-09-2022,15-09-2022,15950,PE,97.24,80352
15-09-2022,15-09-2022,16000,CE,229.08,90392
15-09-2022,15-09-2022,16000,PE,302.55,198667
15-09-2022,15-09-2022,16050,CE,120.86,460160
15-09-2022,15-09-2022,16050,PE,25.41,70457
16-09-2022,22-09-2022,17800,CE,22.04,493225
16-09-2022,22-09-2022,17800,PE,12.63,407562
16-09-2022,22-09-2022,17850,CE,363.83,256365
16-09-2022,22-09-2022,17850,PE,397.02,366756
16-09-2022,22-09-2022,17900,CE,282.16,421834
16-09-2022,22-09-2022,17900,PE,270.88,232002
16-09-2022,22-09-2022,17950,CE,235.27,190227
16-09-2022,22-09-2022,17950,PE,310.43,257693
16-09-2022,22-09-2022,18000,CE,113.29,257860
16-09-2022,22-09-2022,18000,PE,18.08,60946
19-09-2022,22-09-2022,17100,CE,371.49,33507
19-09-2022,22-09-2022,17100,PE,236.92,338948
19-09-2022,22-09-2022,17150,CE,296.79,428224
19-09-2022,22-09-2022,17150,PE,368.16,89415
19-09-2022,22-09-2022,17200,CE,133.11,113408
19-09-2022,22-09-2022,17200,PE,242.26,300767
19-09-2022,22-09-2022,17250,CE,382.48,342286
19-09-2022,22-09-2022,17250,PE,309.35,375585
19-09-2022,22-09-2022,17300,CE,309.08,218936
19-09-2022,22-09-2022,17300,PE,351.85,486588
20-09-2022,22-09-2022,18450,CE,47.94,151102
20-09-2022,22-09-2022,18450,PE,126.94,396748
20-09-2022,22-09-2022,18500,CE,106.28,271864
20-09-2022,22-09-2022,18500,PE,343.25,141349
20-09-2022,22-09-2022,18550,CE,369.16,470807
20-09-2022,22-09-2022,18550,PE,59.79,381651
20-09-2022,22-09-2022,18600,CE,112.47,418466
20-09-2022,22-09-2022,18600,PE,156.04,151237
20-09-2022,22-09-2022,18650,CE,35.21,247539
20-09-2022,22-09-2022,18650,PE,314.85,119413
21-09-2022,22-09-2022,16400,CE,297.5,379458
21-09-2022,22-09-2022,16400,PE,368.58,476520
21-09-2022,22-09-2022,16450,CE,38.12,364316
21-09-2022,22-09-2022,16450,PE,185.2,53927
21-09-2022,22-09-2022,16500,CE,224.52,92482
21-09-2022,22-09-2022,16500,PE,160.52,172560
21-09-2022,22-09-2022,16550,CE,172.88,95546
21-09-2022,22-09-2022,16550,PE,127.66,200858
21-09-2022,22-09-2022,16600,CE,145.12,392891
21-09-2022,22-09-2022,16600,PE,93.52,43986
22-09-2022,22-09-2022,17400,CE,392.23,450230
22-09-2022,22-09-2022,17400,PE,205.68,273507
22-09-2022,22-09-2022,17450,CE,320.14,172430
22-09-2022,22-09-2022,17450,PE,172.74,239702
22-09-2022,22-09-2022,17500,CE,136.37,491348
22-09-2022,22-09-2022,17500,PE,244.85,196453
22-09-2022,22-09-2022,17550,CE,127.2,372391
22-09-2022,22-09-2022,17550,PE,334.35,259576
22-09-2022,22-09-2022,17600,CE,170.66,397955
22-09-2022,22-09-2022,17600,PE,298.04,141400
23-09-2022,29-09-2022,15350,CE,238.84,421170
23-09-2022,29-09-2022,15350,PE,106.12,358242
23-09-2022,29-09-2022,15400,CE,353.47,22754
23-09-2022,29-09-2022,15400,PE,17.38,21345
23-09-2022,29-09-2022,15450,CE,333.17,56469
23-09-2022,29-09-2022,15450,PE,333.49,422185
23-09-2022,29-09-2022,15500,CE,240.63,282343
23-09-2022,29-09-2022,15500,PE,329.22,294297
23-09-2022,29-09-2022,15550,CE,57.13,363999
23-09-2022,29-09-2022,15550,PE,328.61,439632
26-09-2022,29-09-2022,17800,CE,19.86,212809
26-09-2022,29-09-2022,17800,PE,314.02,11853
26-09-2022,29-09-2022,17850,CE,386.08,193320
26-09-2022,29-09-2022,17850,PE,59.95,408679
26-09-2022,29-09-2022,17900,CE,274.63,198432
26-09-2022,29-09-2022,17900,PE,391.14,331133
26-09-2022,29-09-2022,17950,CE,141.32,142915
26-09-2022,29-09-2022,17950,PE,90.4,432093
26-09-2022,29-09-2022,18000,CE,248.5,63467
26-09-2022,29-09-2022,18000,PE,366.11,296055
27-09-2022,29-09-2022,15800,CE,284.88,151635
27-09-2022,29-09-2022,15800,PE,68.33,153595
27-09-2022,29-09-2022,15850,CE,324.87,69321
27-09-2022,29-09-2022,15850,PE,184.45,322606
27-09-2022,29-09-2022,15900,CE,329.05,422264
27-09-2022,29-09-2022,15900,PE,396.89,54958
27-09-2022,29-09-2022,15950,CE,334.24,440838
27-09-2022,29-09-2022,15950,PE,22.36,245723
27-09-2022,29-09-2022,16000,CE,136.27,277634
27-09-2022,29-09-2022,16000,PE,287.61,14251
28-09-2022,29-09-2022,18000,CE,373.13,417655
28-09-2022,29-09-2022,18000,PE,399.92,196914
28-09-2022,29-09-2022,18050,CE,52.56,186513
28-09-2022,29-09-2022,18050,PE,101.87,347314
28-09-2022,29-09-2022,18100,CE,13.56,31729
28-09-2022,29-09-2022,18100,PE,48.16,233926
28-09-2022,29-09-2022,18150,CE,173.04,282008
28-09-2022,29-09-2022,18150,PE,344.51,329552
28-09-2022,29-09-2022,18200,CE,328.56,83242
28-09-2022,29-09-2022,18200,PE,78.27,496541
29-09-2022,29-09-2022,19500,CE,236.09,204856
29-09-2022,29-09-2022,19500,PE,112.11,322536
29-09-2022,29-09-2022,19550,CE,17.05,237604
29-09-2022,29-09-2022,19550,PE,319.62,368844
29-09-2022,29-09-2022,19600,CE,368.96,198770
29-09-2022,29-09-2022,19600,PE,269.03,262540
29-09-2022,29-09-2022,19650,CE,237.09,317970
29-09-2022,29-09-2022,19650,PE,74.05,474745
29-09-2022,29-09-2022,19700,CE,171.89,392406
29-09-2022,29-09-2022,19700,PE,149.03,414521
30-09-2022,06-10-2022,22650,CE,224.05,370101
30-09-2022,06-10-2022,22650,PE,54.94,154806
30-09-2022,06-10-2022,22700,CE,271.91,304243
30-09-2022,06-10-2022,22700,PE,197.88,286018
30-09-2022,06-10-2022,22750,CE,219.59,115974
30-09-2022,06-10-2022,22750,PE,387.98,230758
30-09-2022,06-10-2022,22800,CE,186.79,292093
30-09-2022,06-10-2022,22800,PE,371.38,185027
30-09-2022,06-10-2022,22850,CE,130.97,36579
30-09-2022,06-10-2022,22850,PE,300.9,64871
03-10-2022,06-10-2022,17350,CE,61.09,333125
03-10-2022,06-10-2022,17350,PE,397.98,28286
03-10-2022,06-10-2022,17400,CE,347.56,290631
03-10-2022,06-10-2022,17400,PE,348.52,59313
03-10-2022,06-10-2022,17450,CE,255.03,303154
03-10-2022,06-10-2022,17450,PE,178.92,394970
03-10-2022,06-10-2022,17500,CE,316.04,70657
03-10-2022,06-10-2022,17500,PE,16.45,296391
03-10-2022,06-10-2022,17550,CE,297.01,241801
03-10-2022,06-10-2022,17550,PE,295.15,58127
04-10-2022,06-10-2022,17550,CE,203.98,383657
04-10-2022,06-10-2022,17550,PE,54.27,215463
04-10-2022,06-10-2022,17600,CE,206.34,450688
04-10-2022,06-10-2022,17600,PE,79.5,244284
04-10-2022,06-10-2022,17650,CE,289.76,464508
04-10-2022,06-10-2022,17650,PE,91.77,37339
04-10-2022,06-10-2022,17700,CE,359.3,43976
04-10-2022,06-10-2022,17700,PE,93.6,454264
04-10-2022,06-10-2022,17750,CE,183.6,151183
04-10-2022,06-10-2022,17750,PE,303.19,422904
05-10-2022,06-10-2022,17900,CE,263.04,405528
05-10-2022,06-10-2022,17900,PE,332.62,313962
05-10-2022,06-10-2022,17950,CE,106.29,405215
05-10-2022,06-10-2022,17950,PE,42.11,321820
05-10-2022,06-10-2022,18000,CE,78.93,340583
05-10-2022,06-10-2022,18000,PE,318.93,424231
05-10-2022,06-10-2022,18050,CE,316.35,54456
05-10-2022,06-10-2022,18050,PE,93.6,52648
05-10-2022,06-10-2022,18100,CE,209.1,52362
05-10-2022,06-10-2022,18100,PE,94.99,169076
06-10-2022,06-10-2022,14800,CE,63.17,468796
06-10-2022,06-10-2022,14800,PE,366.11,351097
06-10-2022,06-10-2022,14850,CE,242.38,479743
06-10-2022,06-10-2022,14850,PE,17.67,327705
06-10-2022,06-10-2022,14900,CE,313.71,233581
06-10-2022,06-10-2022,14900,PE,133.11,489745
06-10-2022,06-10-2022,14950,CE,208.8,89145
06-10-2022,06-10-2022,14950,PE,258.06,384442
06-10-2022,06-10-2022,15000,CE,244.64,261126
06-10-2022,06-10-2022,15000,PE,84.65,464104
07-10-2022,13-10-2022,20200,CE,358.87,469879
07-10-2022,13-10-2022,20200,PE,108.03,285271
07-10-2022,13-10-2022,20250,CE,157.82,361769
07-10-2022,13-10-2022,20250,PE,56.04,165292
07-10-2022,13-10-2022,20300,CE,52.08,296457
07-10-2022,13-10-2022,20300,PE,383.05,463366
07-10-2022,13-10-2022,20350,CE,377.2,316291
07-10-2022,13-10-2022,20350,PE,138.75,278852
07-10-2022,13-10-2022,20400,CE,325.4,207722
07-10-2022,13-10-2022,20400,PE,190.99,478947
10-10-2022,13-10-2022,18800,CE,247.87,135436
10-10-2022,13-10-2022,18800,PE,383.71,187635
10-10-2022,13-10-2022,18850,CE,82.75,392745
10-10-2022,13-10-2022,18850,PE,92.53,389903
10-10-2022,13-10-2022,18900,CE,303.95,408585
10-10-2022,13-10-2022,18900,PE,258.3,199116
10-10-2022,13-10-2022,18950,CE,392.82,472382
10-10-2022,13-10-2022,18950,PE,349.91,225566
10-10-2022,13-10-2022,19000,CE,231.22,26346
10-10-2022,13-10-2022,19000,PE,58.24,333270
11-10-2022,13-10-2022,17100,CE,213.7,307899
11-10-2022,13-10-2022,17100,PE,11.96,303623
11-10-2022,13-10-2022,17150,CE,379.28,49874
11-10-2022,13-10-2022,17150,PE,25.29,185235
11-10-2022,13-10-2022,17200,CE,110.2,346844
11-10-2022,13-10-2022,17200,PE,388.66,461019
11-10-2022,13-10-2022,17250,CE,265.02,98112
11-10-2022,13-10-2022,17250,PE,215.13,320367
11-10-2022,13-10-2022,17300,CE,292.39,390665
11-10-2022,13-10-2022,17300,PE,367.12,327382
12-10-2022,13-10-2022,17300,CE,154.45,203522
12-10-2022,13-10-2022,17300,PE,110.61,144447
12-10-2022,13-10-2022,17350,CE,197.82,186218
12-10-2022,13-10-2022,17350,PE,316.03,57681
12-10-2022,13-10-2022,17400,CE,278.62,122041
12-10-2022,13-10-2022,17400,PE,124.92,20572
12-10-2022,13-10-2022,17450,CE,103.3,141292
12-10-2022,13-10-2022,17450,PE,20.08,423356
12-10-2022,13-10-2022,17500,CE,145.11,106882
12-10-2022,13-10-2022,17500,PE,39.82,61992
13-10-2022,13-10-2022,14350,CE,60.79,41012
13-10-2022,13-10-2022,14350,PE,248.49,256711
13-10-2022,13-10-2022,14400,CE,298.59,381693
13-10-2022,13-10-2022,14400,PE,277.42,130811
13-10-2022,13-10-2022,14450,CE,39.23,146254
13-10-2022,13-10-2022,14450,PE,239.31,260905
13-10-2022,13-10-2022,14500,CE,112.73,347890
13-10-2022,13-10-2022,14500,PE,110.5,313961
13-10-2022,13-10-2022,14550,CE,158.39,490780
13-10-2022,13-10-2022,14550,PE,331.25,169972
14-10-2022,20-10-2022,18000,CE,91.72,164389
14-10-2022,20-10-2022,18000,PE,34.9,319490
14-10-2022,20-10-2022,18050,CE,306.51,101062
14-10-2022,20-10-2022,18050,PE,226.37,14176
14-10-2022,20-10-2022,18100,CE,270.34,282841
14-10-2022,20-10-2022,18100,PE,10.48,116275
14-10-2022,20-10-2022,18150,CE,386.11,279621
14-10-2022,20-10-2022,18150,PE,68.99,465187
14-10-2022,20-10-2022,18200,CE,217.68,11538
14-10-2022,20-10-2022,18200,PE,14.1,123844
17-10-2022,20-10-2022,19000,CE,192.78,263182
17-10-2022,20-10-2022,19000,PE,306.98,101389
17-10-2022,20-10-2022,19050,CE,326.15,426637
17-10-2022,20-10-2022,19050,PE,99.56,280699
17-10-2022,20-10-2022,19100,CE,312.89,426743
17-10-2022,20-10-2022,19100,PE,113.36,481995
17-10-2022,20-10-2022,19150,CE,275.35,315621
17-10-2022,20-10-2022,19150,PE,183.82,169162
17-10-2022,20-10-2022,19200,CE,355.17,454206
17-10-2022,20-10-2022,19200,PE,375.76,237006
18-10-2022,20-10-2022,15150,CE,380.37,302343
18-10-2022,20-10-2022,15150,PE,217.46,121884
18-10-2022,20-10-2022,15200,CE,215.28,294973
18-10-2022,20-10-2022,15200,PE,49.3,137361
18-10-2022,20-10-2022,15250,CE,313.02,42072
18-10-2022,20-10-2022,15250,PE,306.56,358474
18-10-2022,20-10-2022,15300,CE,172.81,81791
18-10-2022,20-10-2022,15300,PE,215.95,278574
18-10-2022,20-10-2022,15350,CE,298.88,126475
18-10-2022,20-10-2022,15350,PE,185.33,19402
19-10-2022,20-10-2022,22250,CE,51.69,403198
19-10-2022,20-10-2022,22250,PE,43.68,274827
19-10-2022,20-10-2022,22300,CE,80.84,15188
19-10-2022,20-10-2022,22300,PE,358.58,289681
19-10-2022,20-10-2022,22350,CE,317.35,157667
19-10-2022,20-10-2022,22350,PE,61.77,100108
19-10-2022,20-10-2022,22400,CE,382.71,264387
19-10-2022,20-10-2022,22400,PE,25.95,124747
19-10-2022,20-10-2022,22450,CE,373.89,52650
19-10-2022,20-10-2022,22450,PE,94.66,386453
20-10-2022,20-10-2022,17750,CE,258.9,239038
20-10-2022,20-10-2022,17750,PE,385.38,69829
20-10-2022,20-10-2022,17800,CE,94.29,335571
20-10-2022,20-10-2022,17800,PE,41.66,250038
20-10-2022,20-10-2022,17850,CE,307.1,187636
20-10-2022,20-10-2022,17850,PE,189.22,427603
20-10-2022,20-10-2022,17900,CE,14.16,197773
20-10-2022,20-10-2022,17900,PE,150.13,204030
20-10-2022,20-10-2022,17950,CE,206.18,86342
20-10-2022,20-10-2022,17950,PE,329.43,461049
21-10-2022,27-10-2022,21900,CE,342.85,73492
21-10-2022,27-10-2022,21900,PE,26.56,326783
21-10-2022,27-10-2022,21950,CE,105.32,456105
21-10-2022,27-10-2022,21950,PE,376.51,99826
21-10-2022,27-10-2022,22000,CE,276.52,201220
21-10-2022,27-10-2022,22000,PE,176.81,297107
21-10-2022,27-10-2022,22050,CE,64.73,357477
21-10-2022,27-10-2022,22050,PE,58.33,330963
21-10-2022,27-10-2022,22100,CE,287.84,141000
21-10-2022,27-10-2022,22100,PE,269.54,224385
24-10-2022,27-10-2022,17850,CE,206.64,14868
24-10-2022,27-10-2022,17850,PE,310.44,327818
24-10-2022,27-10-2022,17900,CE,44.15,202420
24-10-2022,27-10-2022,17900,PE,369.29,287133
24-10-2022,27-10-2022,17950,CE,65.52,95898
24-10-2022,27-10-2022,17950,PE,215.44,176451
24-10-2022,27-10-2022,18000,CE,32.81,72303
24-10-2022,27-10-2022,18000,PE,62.04,342482
24-10-2022,27-10-2022,18050,CE,210.35,477887
24-10-2022,27-10-2022,18050,PE,363.29,317781
25-10-2022,27-10-2022,14300,CE,322.73,290211
25-10-2022,27-10-2022,14300,PE,185.01,485874
25-10-2022,27-10-2022,14350,CE,36.31,381043
25-10-2022,27-10-2022,14350,PE,174.62,280360
25-10-2022,27-10-2022,14400,CE,126.31,177122
25-10-2022,27-10-2022,14400,PE,185.14,247755
25-10-2022,27-10-2022,14450,CE,34.42,81174
25-10-2022,27-10-2022,14450,PE,58.46,474144
25-10-2022,27-10-2022,14500,CE,142.09,101377
25-10-2022,27-10-2022,14500,PE,227.02,210970
26-10-2022,27-10-2022,13150,CE,382.88,98166
26-10-2022,27-10-2022,13150,PE,235.46,324457
26-10-2022,27-10-2022,13200,CE,236.65,339665
26-10-2022,27-10-2022,13200,PE,207.33,325024
26-10-2022,27-10-2022,13250,CE,247.31,106150
26-10-2022,27-10-2022,13250,PE,134.31,387569
26-10-2022,27-10-2022,13300,CE,104.34,227824
26-10-2022,27-10-2022,13300,PE,188.17,154260
26-10-2022,27-10-2022,13350,CE,123.91,442414
26-10-2022,27-10-2022,13350,PE,354.45,350288
27-10-2022,27-10-2022,16650,CE,101.02,214498
27-10-2022,27-10-2022,16650,PE,224.39,205951
27-10-2022,27-10-2022,16700,CE,48.21,187091
27-10-2022,27-10-2022,16700,PE,398.13,256009
27-10-2022,27-10-2022,16750,CE,251.75,156917
27-10-2022,27-10-2022,16750,PE,239.01,30370
27-10-2022,27-10-2022,16800,CE,71.74,280176
27-10-2022,27-10-2022,16800,PE,144.1,287311
27-10-2022,27-10-2022,16850,CE,239.96,410049
27-10-2022,27-10-2022,16850,PE,55.99,353176
28-10-2022,03-11-2022,19750,CE,331.2,468766
28-10-2022,03-11-2022,19750,PE,142.67,254879
28-10-2022,03-11-2022,19800,CE,226.86,73492
28-10-2022,03-11-2022,19800,PE,155.39,249688
28-10-2022,03-11-2022,19850,CE,240.43,435852
28-10-2022,03-11-2022,19850,PE,35.33,109275
28-10-2022,03-11-2022,19900,CE,339.51,205058
28-10-2022,03-11-2022,19900,PE,40.97,398626
28-10-2022,03-11-2022,19950,CE,116.19,429916
28-10-2022,03-11-2022,19950,PE,294.83,430525
31-10-2022,03-11-2022,17200,CE,174.06,45124
31-10-2022,03-11-2022,17200,PE,340.99,217397
31-10-2022,03-11-2022,17250,CE,226.41,474167
31-10-2022,03-11-2022,17250,PE,332.41,296122
31-10-2022,03-11-2022,17300,CE,20.46,329336
31-10-2022,03-11-2022,17300,PE,57.96,398266
31-10-2022,03-11-2022,17350,CE,57.09,393723
31-10-2022,03-11-2022,17350,PE,148.58,54095
31-10-2022,03-11-2022,17400,CE,90.84,83837
31-10-2022,03-11-2022,17400,PE,63.92,228198
01-11-2022,03-11-2022,18950,CE,127.17,345303
01-11-2022,03-11-2022,18950,PE,238.8,285799
01-11-2022,03-11-2022,19000,CE,33.94,326011
01-11-2022,03-11-2022,19000,PE,214.36,498173
01-11-2022,03-11-2022,19050,CE,143.53,183725
01-11-2022,03-11-2022,19050,PE,106.99,44903
01-11-2022,03-11-2022,19100,CE,20.14,268353
01-11-2022,03-11-2022,19100,PE,31.92,452896
01-11-2022,03-11-2022,19150,CE,190.86,265120
01-11-2022,03-11-2022,19150,PE,340.48,133349
02-11-2022,03-11-2022,14750,CE,382.05,58954
02-11-2022,03-11-2022,14750,PE,63.02,294530
02-11-2022,03-11-2022,14800,CE,366.82,145501
02-11-2022,03-11-2022,14800,PE,32.32,188167
02-11-2022,03-11-2022,14850,CE,193.9,474898
02-11-2022,03-11-2022,14850,PE,312.45,313509
02-11-2022,03-11-2022,14900,CE,396.07,159124
02-11-2022,03-11-2022,14900,PE,203.81,245262
02-11-2022,03-11-2022,14950,CE,364.19,124991
02-11-2022,03-11-2022,14950,PE,387.77,449039
03-11-2022,03-11-2022,20550,CE,57.02,28825
03-11-2022,03-11-2022,20550,PE,355.57,199072
03-11-2022,03-11-2022,20600,CE,293.63,435402
03-11-2022,03-11-2022,20600,PE,181.54,300341
03-11-2022,03-11-2022,20650,CE,73.33,226766
03-11-2022,03-11-2022,20650,PE,388.35,261899
03-11-2022,03-11-2022,20700,CE,46.85,74488
03-11-2022,03-11-2022,20700,PE,376.64,406186
03-11-2022,03-11-2022,20750,CE,267.33,442436
03-11-2022,03-11-2022,20750,PE,371.63,236586
04-11-2022,10-11-2022,20550,CE,74.19,434914
04-11-2022,10-11-2022,20550,PE,177.25,160764
04-11-2022,10-11-2022,20600,CE,355.91,340392
04-11-2022,10-11-2022,20600,PE,288.92,258565
04-11-2022,10-11-2022,20650,CE,70.72,106093
04-11-2022,10-11-2022,20650,PE,222.96,207725
04-11-2022,10-11-2022,20700,CE,378.48,233921
04-11-2022,10-11-2022,20700,PE,66.87,279463
04-11-2022,10-11-2022,20750,CE,330.38,375337
04-11-2022,10-11-2022,20750,PE,209.71,162919
07-11-2022,10-11-2022,17000,CE,87.48,235196
07-11-2022,10-11-2022,17000,PE,55.13,111017
07-11-2022,10-11-2022,17050,CE,382.03,107543
07-11-2022,10-11-2022,17050,PE,384.8,168642
07-11-2022,10-11-2022,17100,CE,23.72,13941
07-11-2022,10-11-2022,17100,PE,387.45,408056
07-11-2022,10-11-2022,17150,CE,367.4,248918
07-11-2022,10-11-2022,17150,PE,331.96,416656
07-11-2022,10-11-2022,17200,CE,223.4,84586
07-11-2022,10-11-2022,17200,PE,226.49,398935
08-11-2022,10-11-2022,15400,CE,25.74,50594
08-11-2022,10-11-2022,15400,PE,256.77,117532
08-11-2022,10-11-2022,15450,CE,155.88,31648
08-11-2022,10-11-2022,15450,PE,232.11,163944
08-11-2022,10-11-2022,15500,CE,275.58,28577
08-11-2022,10-11-2022,15500,PE,213.96,197931
08-11-2022,10-11-2022,15550,CE,264.37,242923
08-11-2022,10-11-2022,15550,PE,201.64,313881
08-11-2022,10-11-2022,15600,CE,258.88,193178
08-11-2022,10-11-2022,15600,PE,203.6,269124
09-11-2022,10-11-2022,17150,CE,398.09,273556
09-11-2022,10-11-2022,17150,PE,48.79,337177
09-11-2022,10-11-2022,17200,CE,317.53,28100
09-11-2022,10-11-2022,17200,PE,373.06,242916
09-11-2022,10-11-2022,17250,CE,168.71,457641
09-11-2022,10-11-2022,17250,PE,373.61,193087
09-11-2022,10-11-2022,17300,CE,268.99,14044
09-11-2022,10-11-2022,17300,PE,250.39,251228
09-11-2022,10-11-2022,17350,CE,314.03,270248
09-11-2022,10-11-2022,17350,PE,282.57,275060
10-11-2022,10-11-2022,13000,CE,359.07,51621
10-11-2022,10-11-2022,13000,PE,363.85,226158
10-11-2022,10-11-2022,13050,CE,285.84,37470
10-11-2022,10-11-2022,13050,PE,375.14,182134
10-11-2022,10-11-2022,13100,CE,322.27,80470
10-11-2022,10-11-2022,13100,PE,54.35,249951
10-11-2022,10-11-2022,13150,CE,110.46,277784
10-11-2022,10-11-2022,13150,PE,26.99,230717
10-11-2022,10-11-2022,13200,CE,259.71,194496
10-11-2022,10-11-2022,13200,PE,55.03,247295
11-11-2022,17-11-2022,15600,CE,86.97,127625
11-11-2022,17-11-2022,15600,PE,297.68,260674
11-11-2022,17-11-2022,15650,CE,118.74,360901
11-11-2022,17-11-2022,15650,PE,117.11,353485
11-11-2022,17-11-2022,15700,CE,155.23,472501
11-11-2022,17-11-2022,15700,PE,152.97,326495
11-11-2022,17-11-2022,15750,CE,258.56,440359
11-11-2022,17-11-2022,15750,PE,48.78,422030
11-11-2022,17-11-2022,15800,CE,125.81,67786
11-11-2022,17-11-2022,15800,PE,265.22,88682
14-11-2022,17-11-2022,16300,CE,122.24,413914
14-11-2022,17-11-2022,16300,PE,51.82,437229
14-11-2022,17-11-2022,16350,CE,273.55,241302
14-11-2022,17-11-2022,16350,PE,253.22,150129
14-11-2022,17-11-2022,16400,CE,109.36,73637
14-11-2022,17-11-2022,16400,PE,353.81,454638
14-11-2022,17-11-2022,16450,CE,184.39,40422
14-11-2022,17-11-2022,16450,PE,323.48,10755
14-11-2022,17-11-2022,16500,CE,218.13,356659
14-11-2022,17-11-2022,16500,PE,24.26,437512
15-11-2022,17-11-2022,18750,CE,128.19,17985
15-11-2022,17-11-2022,18750,PE,252.37,410107
15-11-2022,17-11-2022,18800,CE,63.26,103479
15-11-2022,17-11-2022,18800,PE,107.17,317989
15-11-2022,17-11-2022,18850,CE,179.06,420977
15-11-2022,17-11-2022,18850,PE,278.95,239249
15-11-2022,17-11-2022,18900,CE,153.82,259177
15-11-2022,17-11-2022,18900,PE,372.88,99475
15-11-2022,17-11-2022,18950,CE,357.15,497960
15-11-2022,17-11-2022,18950,PE,252.49,331907
16-11-2022,17-11-2022,19250,CE,376.99,121137
16-11-2022,17-11-2022,19250,PE,33.27,169215
16-11-2022,17-11-2022,19300,CE,43.56,397526
16-11-2022,17-11-2022,19300,PE,212.78,99757
16-11-2022,17-11-2022,19350,CE,289.4,11346
16-11-2022,17-11-2022,19350,PE,250.13,495371
16-11-2022,17-11-2022,19400,CE,152.37,171415
16-11-2022,17-11-2022,19400,PE,178.35,100949
16-11-2022,17-11-2022,19450,CE,49.84,368223
16-11-2022,17-11-2022,19450,PE,123.94,378292
17-11-2022,17-11-2022,16650,CE,336.2,123264
17-11-2022,17-11-2022,16650,PE,228.39,498040
17-11-2022,17-11-2022,16700,CE,22.75,97974
17-11-2022,17-11-2022,16700,PE,118.49,429979
17-11-2022,17-11-2022,16750,CE,80.59,74622
17-11-2022,17-11-2022,16750,PE,140.15,95772
17-11-2022,17-11-2022,16800,CE,43.61,452586
17-11-2022,17-11-2022,16800,PE,384.4,439329
17-11-2022,17-11-2022,16850,CE,290.75,175398
17-11-2022,17-11-2022,16850,PE,323.52,122384
18-11-2022,24-11-2022,20900,CE,307.11,404386
18-11-2022,24-11-2022,20900,PE,281.03,57011
18-11-2022,24-11-2022,20950,CE,121.13,103738
18-11-2022,24-11-2022,20950,PE,266.99,114562
18-11-2022,24-11-2022,21000,CE,83.01,420271
18-11-2022,24-11-2022,21000,PE,306.59,14164
18-11-2022,24-11-2022,21050,CE,371.51,213898
18-11-2022,24-11-2022,21050,PE,237.6,478465
18-11-2022,24-11-2022,21100,CE,315.02,239509
18-11-2022,24-11-2022,21100,PE,355.13,243120
21-11-2022,24-11-2022,17650,CE,378.73,495998
21-11-2022,24-11-2022,17650,PE,200.64,483507
21-11-2022,24-11-2022,17700,CE,302.72,229731
21-11-2022,24-11-2022,17700,PE,209.26,271598
21-11-2022,24-11-2022,17750,CE,157.98,248128
21-11-2022,24-11-2022,17750,PE,125.4,310772
21-11-2022,24-11-2022,17800,CE,311.76,171465
21-11-2022,24-11-2022,17800,PE,348.3,106308
21-11-2022,24-11-2022,17850,CE,74.7,309873
21-11-2022,24-11-2022,17850,PE,292.53,125848
22-11-2022,24-11-2022,19200,CE,86.35,312842
22-11-2022,24-11-2022,19200,PE,264.74,234717
22-11-2022,24-11-2022,19250,CE,309.21,136353
22-11-2022,24-11-2022,19250,PE,301.33,202908
22-11-2022,24-11-2022,19300,CE,96.1,411940
22-11-2022,24-11-2022,19300,PE,23.13,148178
22-11-2022,24-11-2022,19350,CE,356.96,307670
22-11-2022,24-11-2022,19350,PE,342.3,76698
22-11-2022,24-11-2022,19400,CE,396.45,468911
22-11-2022,24-11-2022,19400,PE,308.93,54357
23-11-2022,24-11-2022,13900,CE,237.4,322124
23-11-2022,24-11-2022,13900,PE,200.75,278658
23-11-2022,24-11-2022,13950,CE,131.98,111286
23-11-2022,24-11-2022,13950,PE,257.45,32651
23-11-2022,24-11-2022,14000,CE,12.08,182650
23-11-2022,24-11-2022,14000,PE,16.36,474460
23-11-2022,24-11-2022,14050,CE,80.03,236321
23-11-2022,24-11-2022,14050,PE,298.22,333996
23-11-2022,24-11-2022,14100,CE,353.14,268506
23-11-2022,24-11-2022,14100,PE,328.29,230522
24-11-2022,24-11-2022,14200,CE,141.79,423076
24-11-2022,24-11-2022,14200,PE,298.58,129456
24-11-2022,24-11-2022,14250,CE,224.06,482092
24-11-2022,24-11-2022,14250,PE,65.89,258326
24-11-2022,24-11-2022,14300,CE,95.45,64225
24-11-2022,24-11-2022,14300,PE,104.7,379049
24-11-2022,24-11-2022,14350,CE,36.39,48806
24-11-2022,24-11-2022,14350,PE,51.08,44012
24-11-2022,24-11-2022,14400,CE,68.68,80900
24-11-2022,24-11-2022,14400,PE,324.48,257116
25-11-2022,01-12-2022,16350,CE,371.7,245828
25-11-2022,01-12-2022,16350,PE,348.96,354168
25-11-2022,01-12-2022,16400,CE,334.15,36740
25-11-2022,01-12-2022,16400,PE,132.94,365176
25-11-2022,01-12-2022,16450,CE,247.74,169579
25-11-2022,01-12-2022,16450,PE,163.52,323480
25-11-2022,01-12-2022,16500,CE,194.45,109506
25-11-2022,01-12-2022,16500,PE,261.2,304214
25-11-2022,01-12-2022,16550,CE,386.08,490158
25-11-2022,01-12-2022,16550,PE,270.49,36911
28-11-2022,01-12-2022,21950,CE,383.07,418378
28-11-2022,01-12-2022,21950,PE,52.06,456062
28-11-2022,01-12-2022,22000,CE,301.42,78091
28-11-2022,01-12-2022,22000,PE,233.75,498231
28-11-2022,01-12-2022,22050,CE,235.22,258802
28-11-2022,01-12-2022,22050,PE,42.49,285882
28-11-2022,01-12-2022,22100,CE,229.77,302066
28-11-2022,01-12-2022,22100,PE,118.36,199875
28-11-2022,01-12-2022,22150,CE,280.64,185681
28-11-2022,01-12-2022,22150,PE,397.77,294097
29-11-2022,01-12-2022,20850,CE,58.69,398538
29-11-2022,01-12-2022,20850,PE,313.65,126777
29-11-2022,01-12-2022,20900,CE,248.57,150540
29-11-2022,01-12-2022,20900,PE,27.09,305744
29-11-2022,01-12-2022,20950,CE,90.04,441576
29-11-2022,01-12-2022,20950,PE,214.34,151372
29-11-2022,01-12-2022,21000,CE,81.48,400260
29-11-2022,01-12-2022,21000,PE,95.63,238140
29-11-2022,01-12-2022,21050,CE,35.03,498439
29-11-2022,01-12-2022,21050,PE,398.25,165544
30-11-2022,01-12-2022,18900,CE,309.32,176680
30-11-2022,01-12-2022,18900,PE,325.83,347902
30-11-2022,01-12-2022,18950,CE,267.79,47512
30-11-2022,01-12-2022,18950,PE,355.6,198216
30-11-2022,01-12-2022,19000,CE,26.38,367357
30-11-2022,01-12-2022,19000,PE,205.33,311700
30-11-2022,01-12-2022,19050,CE,181.61,185000
30-11-2022,01-12-2022,19050,PE,108.23,119878
30-11-2022,01-12-2022,19100,CE,239.96,215341
30-11-2022,01-12-2022,19100,PE,55.32,496190
01-12-2022,01-12-2022,18900,CE,13.67,446418
01-12-2022,01-12-2022,18900,PE,292.39,237781
01-12-2022,01-12-2022,18950,CE,89.77,176230
01-12-2022,01-12-2022,18950,PE,227.44,428669
01-12-2022,01-12-2022,19000,CE,34.91,168588
01-12-2022,01-12-2022,19000,PE,167.46,43812
01-12-2022,01-12-2022,19050,CE,274.8,263183
01-12-2022,01-12-2022,19050,PE,289.44,208126
01-12-2022,01-12-2022,19100,CE,214.41,469710
01-12-2022,01-12-2022,19100,PE,149.68,102075
02-12-2022,08-12-2022,17850,CE,179.65,156791
02-12-2022,08-12-2022,17850,PE,346.8,235790
02-12-2022,08-12-2022,17900,CE,93.8,122102
02-12-2022,08-12-2022,17900,PE,69.7,253471
02-12-2022,08-12-2022,17950,CE,47.81,345457
02-12-2022,08-12-2022,17950,PE,223.36,69051
02-12-2022,08-12-2022,18000,CE,27.59,56880
02-12-2022,08-12-2022,18000,PE,246.54,456505
02-12-2022,08-12-2022,18050,CE,343.11,228761
02-12-2022,08-12-2022,18050,PE,136.4,276306
05-12-2022,08-12-2022,16400,CE,60.64,484773
05-12-2022,08-12-2022,16400,PE,398.18,291766
05-12-2022,08-12-2022,16450,CE,166.55,86817
05-12-2022,08-12-2022,16450,PE,50.84,20171
05-12-2022,08-12-2022,16500,CE,379.66,135884
05-12-2022,08-12-2022,16500,PE,375.93,393735
05-12-2022,08-12-2022,16550,CE,319.34,343118
05-12-2022,08-12-2022,16550,PE,162.82,233412
05-12-2022,08-12-2022,16600,CE,368.01,276461
05-12-2022,08-12-2022,16600,PE,305.96,498626
06-12-2022,08-12-2022,18500,CE,52.78,495923
06-12-2022,08-12-2022,18500,PE,228.38,192639
06-12-2022,08-12-2022,18550,CE,114.27,98284
06-12-2022,08-12-2022,18550,PE,258.99,89177
06-12-2022,08-12-2022,18600,CE,319.16,53999
06-12-2022,08-12-2022,18600,PE,310.35,257344
06-12-2022,08-12-2022,18650,CE,75.95,462478
06-12-2022,08-12-2022,18650,PE,260.47,417524
06-12-2022,08-12-2022,18700,CE,267.97,470223
06-12-2022,08-12-2022,18700,PE,291.89,181973
07-12-2022,08-12-2022,16700,CE,156.92,316868
07-12-2022,08-12-2022,16700,PE,303.66,97121
07-12-2022,08-12-2022,16750,CE,216.04,267023
07-12-2022,08-12-2022,16750,PE,298.97,152787
07-12-2022,08-12-2022,16800,CE,256.23,127496
07-12-2022,08-12-2022,16800,PE,230.6,191571
07-12-2022,08-12-2022,16850,CE,218.13,357554
07-12-2022,08-12-2022,16850,PE,194.05,287955
07-12-2022,08-12-2022,16900,CE,53.63,85100
07-12-2022,08-12-2022,16900,PE,378.52,35633
08-12-2022,08-12-2022,16550,CE,226.89,282465
08-12-2022,08-12-2022,16550,PE,122.14,197704
08-12-2022,08-12-2022,16600,CE,347.18,55685
08-12-2022,08-12-2022,16600,PE,186.32,422546
08-12-2022,08-12-2022,16650,CE,102.13,357547
08-12-2022,08-12-2022,16650,PE,26.74,219745
08-12-2022,08-12-2022,16700,CE,247.75,406526
08-12-2022,08-12-2022,16700,PE,106.65,184119
08-12-2022,08-12-2022,16750,CE,216.4,489688
08-12-2022,08-12-2022,16750,PE,237.25,289676
09-12-2022,15-12-2022,16000,CE,391.28,357976
09-12-2022,15-12-2022,16000,PE,95.14,233457
09-12-2022,15-12-2022,16050,CE,200.08,263779
09-12-2022,15-12-2022,16050,PE,216.31,431651
09-12-2022,15-12-2022,16100,CE,361.75,17968
09-12-2022,15-12-2022,16100,PE,320,214126
09-12-2022,15-12-2022,16150,CE,119.75,11603
09-12-2022,15-12-2022,16150,PE,25.89,73108
09-12-2022,15-12-2022,16200,CE,43.5,257808
09-12-2022,15-12-2022,16200,PE,109.88,198934
12-12-2022,15-12-2022,16700,CE,41.44,401957
12-12-2022,15-12-2022,16700,PE,126.01,124290
12-12-2022,15-12-2022,16750,CE,81.54,19676
12-12-2022,15-12-2022,16750,PE,106.73,359683
12-12-2022,15-12-2022,16800,CE,324.13,107079
12-12-2022,15-12-2022,16800,PE,204.55,466155
12-12-2022,15-12-2022,16850,CE,275.91,399640
12-12-2022,15-12-2022,16850,PE,230.79,375994
12-12-2022,15-12-2022,16900,CE,215.81,85731
12-12-2022,15-12-2022,16900,PE,187.59,206366
13-12-2022,15-12-2022,18300,CE,110.64,162549
13-12-2022,15-12-2022,18300,PE,355.97,492577
13-12-2022,15-12-2022,18350,CE,54.22,257179
13-12-2022,15-12-2022,18350,PE,83.83,134636
13-12-2022,15-12-2022,18400,CE,31.04,322503
13-12-2022,15-12-2022,18400,PE,263.23,45024
13-12-2022,15-12-2022,18450,CE,18.53,48661
13-12-2022,15-12-2022,18450,PE,244.52,133994
13-12-2022,15-12-2022,18500,CE,278.22,395595
13-12-2022,15-12-2022,18500,PE,203.34,404348
14-12-2022,15-12-2022,15450,CE,240.69,150229
14-12-2022,15-12-2022,15450,PE,304.99,41769
14-12-2022,15-12-2022,15500,CE,258.3,91304
14-12-2022,15-12-2022,15500,PE,28.82,90249
14-12-2022,15-12-2022,15550,CE,346.4,73491
14-12-2022,15-12-2022,15550,PE,17.77,335006
14-12-2022,15-12-2022,15600,CE,101.9,187739
14-12-2022,15-12-2022,15600,PE,120.05,407304
14-12-2022,15-12-2022,15650,CE,395.2,456436
14-12-2022,15-12-2022,15650,PE,293.26,318723
15-12-2022,15-12-2022,16600,CE,148.38,233745
15-12-2022,15-12-2022,16600,PE,75.81,185205
15-12-2022,15-12-2022,16650,CE,214.57,176776
15-12-2022,15-12-2022,16650,PE,129.31,50895
15-12-2022,15-12-2022,16700,CE,55.13,260509
15-12-2022,15-12-2022,16700,PE,302.38,158667
15-12-2022,15-12-2022,16750,CE,212.17,40018
15-12-2022,15-12-2022,16750,PE,174.49,173028
15-12-2022,15-12-2022,16800,CE,346.74,409043
15-12-2022,15-12-2022,16800,PE,346.45,313285
16-12-2022,22-12-2022,17350,CE,335.94,275655
16-12-2022,22-12-2022,17350,PE,64.5,230762
16-12-2022,22-12-2022,17400,CE,276.94,218363
16-12-2022,22-12-2022,17400,PE,95.23,25768
16-12-2022,22-12-2022,17450,CE,363.23,137250
16-12-2022,22-12-2022,17450,PE,230.96,426026
16-12-2022,22-12-2022,17500,CE,163.11,38020
16-12-2022,22-12-2022,17500,PE,197.16,427961
16-12-2022,22-12-2022,17550,CE,275.41,480961
16-12-2022,22-12-2022,17550,PE,69.86,263477
19-12-2022,22-12-2022,19900,CE,243.94,257750
19-12-2022,22-12-2022,19900,PE,118.6,126166
19-12-2022,22-12-2022,19950,CE,25.18,184749
19-12-2022,22-12-2022,19950,PE,15.24,64025
19-12-2022,22-12-2022,20000,CE,384.46,136142
19-12-2022,22-12-2022,20000,PE,97.48,134420
19-12-2022,22-12-2022,20050,CE,397.88,145094
19-12-2022,22-12-2022,20050,PE,126.83,471535
19-12-2022,22-12-2022,20100,CE,151.96,59472
19-12-2022,22-12-2022,20100,PE,180.18,145252
20-12-2022,22-12-2022,18100,CE,128.44,430149
20-12-2022,22-12-2022,18100,PE,56.84,186763
20-12-2022,22-12-2022,18150,CE,120.7,252166
20-12-2022,22-12-2022,18150,PE,366.66,385284
20-12-2022,22-12-2022,18200,CE,27.56,104091
20-12-2022,22-12-2022,18200,PE,25.54,470430
20-12-2022,22-12-2022,18250,CE,251.95,171442
20-12-2022,22-12-2022,18250,PE,66.1,48128
20-12-2022,22-12-2022,18300,CE,336.84,163472
20-12-2022,22-12-2022,18300,PE,362.38,141494
21-12-2022,22-12-2022,20750,CE,56.1,385516
21-12-2022,22-12-2022,20750,PE,122.8,343624
21-12-2022,22-12-2022,20800,CE,258.21,129588
21-12-2022,22-12-2022,20800,PE,207.24,264349
21-12-2022,22-12-2022,20850,CE,163.07,463870
21-12-2022,22-12-2022,20850,PE,332.42,281277
21-12-2022,22-12-2022,20900,CE,255,107498
21-12-2022,22-12-2022,20900,PE,393.9,79631
21-12-2022,22-12-2022,20950,CE,339.43,475696
21-12-2022,22-12-2022,20950,PE,15.88,148672
22-12-2022,22-12-2022,13100,CE,282.72,489584
22-12-2022,22-12-2022,13100,PE,290.01,491039
22-12-2022,22-12-2022,13150,CE,162.04,439465
22-12-2022,22-12-2022,13150,PE,289.44,281301
22-12-2022,22-12-2022,13200,CE,111.49,64822
22-12-2022,22-12-2022,13200,PE,243.46,166270
22-12-2022,22-12-2022,13250,CE,224.56,423296
22-12-2022,22-12-2022,13250,PE,364.22,418423
22-12-2022,22-12-2022,13300,CE,169.61,83772
22-12-2022,22-12-2022,13300,PE,96.82,272965
23-12-2022,29-12-2022,20200,CE,370.6,332103
23-12-2022,29-12-2022,20200,PE,273.53,491311
23-12-2022,29-12-2022,20250,CE,285.3,453589
23-12-2022,29-12-2022,20250,PE,31.39,227451
23-12-2022,29-12-2022,20300,CE,188.39,188063
23-12-2022,29-12-2022,20300,PE,29.83,103542
23-12-2022,29-12-2022,20350,CE,241.92,227749
23-12-2022,29-12-2022,20350,PE,322.54,456826
23-12-2022,29-12-2022,20400,CE,397.74,360106
23-12-2022,29-12-2022,20400,PE,242.02,455445
26-12-2022,29-12-2022,16950,CE,218.44,71549
26-12-2022,29-12-2022,16950,PE,63.42,456759
26-12-2022,29-12-2022,17000,CE,95.94,366725
26-12-2022,29-12-2022,17000,PE,134.51,191125
26-12-2022,29-12-2022,17050,CE,230.92,284705
26-12-2022,29-12-2022,17050,PE,233.25,51966
26-12-2022,29-12-2022,17100,CE,218.59,327869
26-12-2022,29-12-2022,17100,PE,23.49,35723
26-12-2022,29-12-2022,17150,CE,125.35,254560
26-12-2022,29-12-2022,17150,PE,144.81,58795
27-12-2022,29-12-2022,20650,CE,193.28,144409
27-12-2022,29-12-2022,20650,PE,397.9,344891
27-12-2022,29-12-2022,20700,CE,61.67,37328
27-12-2022,29-12-2022,20700,PE,316.1,494037
27-12-2022,29-12-2022,20750,CE,94.16,454121
27-12-2022,29-12-2022,20750,PE,366.26,122648
27-12-2022,29-12-2022,20800,CE,15.56,353010
27-12-2022,29-12-2022,20800,PE,367.45,151758
27-12-2022,29-12-2022,20850,CE,267.12,197120
27-12-2022,29-12-2022,20850,PE,178.73,337967
28-12-2022,29-12-2022,17050,CE,111.02,327448
28-12-2022,29-12-2022,17050,PE,205.91,175373
28-12-2022,29-12-2022,17100,CE,370.4,200180
28-12-2022,29-12-2022,17100,PE,123.41,75528
28-12-2022,29-12-2022,17150,CE,235.03,476610
28-12-2022,29-12-2022,17150,PE,255.68,300694
28-12-2022,29-12-2022,17200,CE,256.98,420967
28-12-2022,29-12-2022,17200,PE,286.4,112765
28-12-2022,29-12-2022,17250,CE,170.16,343582
28-12-2022,29-12-2022,17250,PE,183.7,357428
29-12-2022,29-12-2022,16500,CE,388.84,448014
29-12-2022,29-12-2022,16500,PE,220.93,333054
29-12-2022,29-12-2022,16550,CE,217.33,418672
29-12-2022,29-12-2022,16550,PE,180.55,106795
29-12-2022,29-12-2022,16600,CE,95.44,193508
29-12-2022,29-12-2022,16600,PE,43.08,190742
29-12-2022,29-12-2022,16650,CE,151.62,61226
29-12-2022,29-12-2022,16650,PE,145.95,319854
29-12-2022,29-12-2022,16700,CE,265.57,260152
29-12-2022,29-12-2022,16700,PE,153.43,495917
30-12-2022,05-01-2023,17350,CE,309.11,137794
30-12-2022,05-01-2023,17350,PE,331.25,295620
30-12-2022,05-01-2023,17400,CE,272.22,482085
30-12-2022,05-01-2023,17400,PE,363.89,498397
30-12-2022,05-01-2023,17450,CE,104.38,497418
30-12-2022,05-01-2023,17450,PE,359.51,155933
30-12-2022,05-01-2023,17500,CE,322.79,404838
30-12-2022,05-01-2023,17500,PE,270.19,280104
30-12-2022,05-01-2023,17550,CE,52.17,409506
30-12-2022,05-01-2023,17550,PE,348.7,193415
02-01-2023,05-01-2023,17900,CE,52.46,219829
02-01-2023,05-01-2023,17900,PE,133.11,236814
02-01-2023,05-01-2023,17950,CE,361.75,301149
02-01-2023,05-01-2023,17950,PE,138.74,31675
02-01-2023,05-01-2023,18000,CE,383.09,239710
02-01-2023,05-01-2023,18000,PE,311.61,104557
02-01-2023,05-01-2023,18050,CE,76.48,134461
02-01-2023,05-01-2023,18050,PE,326.06,193139
02-01-2023,05-01-2023,18100,CE,179.68,127048
02-01-2023,05-01-2023,18100,PE,350.08,49706
03-01-2023,05-01-2023,17150,CE,384.86,425014
03-01-2023,05-01-2023,17150,PE,15.19,130345
03-01-2023,05-01-2023,17200,CE,88.91,398162
03-01-2023,05-01-2023,17200,PE,86.08,235105
03-01-2023,05-01-2023,17250,CE,156.25,312013
03-01-2023,05-01-2023,17250,PE,316.93,473425
03-01-2023,05-01-2023,17300,CE,102.33,203400
03-01-2023,05-01-2023,17300,PE,118.57,280980
03-01-2023,05-01-2023,17350,CE,248.79,185288
03-01-2023,05-01-2023,17350,PE,382.72,414818
04-01-2023,05-01-2023,19600,CE,14.94,386618
04-01-2023,05-01-2023,19600,PE,361.68,73040
04-01-2023,05-01-2023,19650,CE,186.53,264952
04-01-2023,05-01-2023,19650,PE,10.55,123894
04-01-2023,05-01-2023,19700,CE,53.9,291872
04-01-2023,05-01-2023,19700,PE,81.57,164817
04-01-2023,05-01-2023,19750,CE,179.55,163885
04-01-2023,05-01-2023,19750,PE,84.48,60372
04-01-2023,05-01-2023,19800,CE,391.42,425103
04-01-2023,05-01-2023,19800,PE,162.82,197594
05-01-2023,05-01-2023,18800,CE,367.74,326999
05-01-2023,05-01-2023,18800,PE,361.3,249509
05-01-2023,05-01-2023,18850,CE,382.26,282373
05-01-2023,05-01-2023,18850,PE,277.8,220656
05-01-2023,05-01-2023,18900,CE,71.58,470761
05-01-2023,05-01-2023,18900,PE,325.17,15131
05-01-2023,05-01-2023,18950,CE,262.21,474773
05-01-2023,05-01-2023,18950,PE,189.36,240490
05-01-2023,05-01-2023,19000,CE,164.77,211327
05-01-2023,05-01-2023,19000,PE,248.13,290147
06-01-2023,12-01-2023,17850,CE,218.15,432445
06-01-2023,12-01-2023,17850,PE,108.78,13164
06-01-2023,12-01-2023,17900,CE,297.41,495793
06-01-2023,12-01-2023,17900,PE,179.36,254415
06-01-2023,12-01-2023,17950,CE,54.04,297597
06-01-2023,12-01-2023,17950,PE,198.33,135875
06-01-2023,12-01-2023,18000,CE,90.8,369463
06-01-2023,12-01-2023,18000,PE,11.26,342667
06-01-2023,12-01-2023,18050,CE,398.36,209140
06-01-2023,12-01-2023,18050,PE,139.37,483152
09-01-2023,12-01-2023,21250,CE,16.06,69469
09-01-2023,12-01-2023,21250,PE,262.49,152418
09-01-2023,12-01-2023,21300,CE,180,369301
09-01-2023,12-01-2023,21300,PE,249.23,462180
09-01-2023,12-01-2023,21350,CE,176.94,488009
09-01-2023,12-01-2023,21350,PE,270.5,478241
09-01-2023,12-01-2023,21400,CE,21.03,442872
09-01-2023,12-01-2023,21400,PE,328.96,80676
09-01-2023,12-01-2023,21450,CE,128.94,158546
09-01-2023,12-01-2023,21450,PE,23.15,141347
10-01-2023,12-01-2023,17800,CE,350.62,173506
10-01-2023,12-01-2023,17800,PE,342.7,202684
10-01-2023,12-01-2023,17850,CE,19.82,437599
10-01-2023,12-01-2023,17850,PE,13.11,478010
10-01-2023,12-01-2023,17900,CE,242.44,353244
10-01-2023,12-01-2023,17900,PE,88.24,346546
10-01-2023,12-01-2023,17950,CE,335.42,225154
10-01-2023,12-01-2023,17950,PE,302.78,331167
10-01-2023,12-01-2023,18000,CE,264.26,458090
10-01-2023,12-01-2023,18000,PE,131.42,353513
11-01-2023,12-01-2023,15800,CE,167.86,12298
11-01-2023,12-01-2023,15800,PE,316.66,182626
11-01-2023,12-01-2023,15850,CE,108.23,359879
11-01-2023,12-01-2023,15850,PE,184.66,295565
11-01-2023,12-01-2023,15900,CE,228.92,129761
11-01-2023,12-01-2023,15900,PE,294.98,344443
11-01-2023,12-01-2023,15950,CE,334.32,496678
11-01-2023,12-01-2023,15950,PE,91.48,270164
11-01-2023,12-01-2023,16000,CE,298.39,463355
11-01-2023,12-01-2023,16000,PE,329.57,50370
12-01-2023,12-01-2023,12200,CE,376.13,431628
12-01-2023,12-01-2023,12200,PE,272.72,145523
12-01-2023,12-01-2023,12250,CE,214.69,494831
12-01-2023,12-01-2023,12250,PE,55.62,170030
12-01-2023,12-01-2023,12300,CE,166.74,84971
12-01-2023,12-01-2023,12300,PE,324.72,78178
12-01-2023,12-01-2023,12350,CE,351.04,160031
12-01-2023,12-01-2023,12350,PE,129.54,420027
12-01-2023,12-01-2023,12400,CE,282.9,188969
12-01-2023,12-01-2023,12400,PE,213.26,212419
13-01-2023,19-01-2023,20350,CE,354.35,102986
13-01-2023,19-01-2023,20350,PE,281.92,313145
13-01-2023,19-01-2023,20400,CE,91.8,109262
13-01-2023,19-01-2023,20400,PE,357.22,262816
13-01-2023,19-01-2023,20450,CE,255,278568
13-01-2023,19-01-2023,20450,PE,165.39,104920
13-01-2023,19-01-2023,20500,CE,397.94,75860
13-01-2023,19-01-2023,20500,PE,312.15,316828
13-01-2023,19-01-2023,20550,CE,84.28,237354
13-01-2023,19-01-2023,20550,PE,205.46,113502
16-01-2023,19-01-2023,18750,CE,281.74,186334
16-01-2023,19-01-2023,18750,PE,186.5,148316
16-01-2023,19-01-2023,18800,CE,50.52,230743
16-01-2023,19-01-2023,18800,PE,154.2,210322
16-01-2023,19-01-2023,18850,CE,388.48,378903
16-01-2023,19-01-2023,18850,PE,230.04,339180
16-01-2023,19-01-2023,18900,CE,261.07,110825
16-01-2023,19-01-2023,18900,PE,295.15,104895
16-01-2023,19-01-2023,18950,CE,23.32,427045
16-01-2023,19-01-2023,18950,PE,26.77,39120
17-01-2023,19-01-2023,18450,CE,117.52,21631
17-01-2023,19-01-2023,18450,PE,28.66,219426
17-01-2023,19-01-2023,18500,CE,359.65,490867
17-01-2023,19-01-2023,18500,PE,214.71,183677
17-01-2023,19-01-2023,18550,CE,396.88,216209
17-01-2023,19-01-2023,18550,PE,261.6,194389
17-01-2023,19-01-2023,18600,CE,315.55,314323
17-01-2023,19-01-2023,18600,PE,120.79,338265
17-01-2023,19-01-2023,18650,CE,338.81,322255
17-01-2023,19-01-2023,18650,PE,206.91,376682
18-01-2023,19-01-2023,15600,CE,196.78,127247
18-01-2023,19-01-2023,15600,PE,205.23,299131
18-01-2023,19-01-2023,15650,CE,85.1,318707
18-01-2023,19-01-2023,15650,PE,288.22,77533
18-01-2023,19-01-2023,15700,CE,317.15,442057
18-01-2023,19-01-2023,15700,PE,89.72,433963
18-01-2023,19-01-2023,15750,CE,244.66,159921
18-01-2023,19-01-2023,15750,PE,326.36,97614
18-01-2023,19-01-2023,15800,CE,16.68,172291
18-01-2023,19-01-2023,15800,PE,203.17,219035
19-01-2023,19-01-2023,16750,CE,196.02,135132
19-01-2023,19-01-2023,16750,PE,239.74,268076
19-01-2023,19-01-2023,16800,CE,330.13,137099
19-01-2023,19-01-2023,16800,PE,217.88,298907
19-01-2023,19-01-2023,16850,CE,193.79,141339
19-01-2023,19-01-2023,16850,PE,16.92,480919
19-01-2023,19-01-2023,16900,CE,391.64,399284
19-01-2023,19-01-2023,16900,PE,146.02,207360
19-01-2023,19-01-2023,16950,CE,88.49,436312
19-01-2023,19-01-2023,16950,PE,113.3,354971
20-01-2023,26-01-2023,17550,CE,24.7,334628
20-01-2023,26-01-2023,17550,PE,227.68,489734
20-01-2023,26-01-2023,17600,CE,93.65,116018
20-01-2023,26-01-2023,17600,PE,386.58,452105
20-01-2023,26-01-2023,17650,CE,14.14,145933
20-01-2023,26-01-2023,17650,PE,232.39,343003
20-01-2023,26-01-2023,17700,CE,358.66,394732
20-01-2023,26-01-2023,17700,PE,244.12,71319
20-01-2023,26-01-2023,17750,CE,35.56,484673
20-01-2023,26-01-2023,17750,PE,199.84,101624
23-01-2023,26-01-2023,17700,CE,134.58,437536
23-01-2023,26-01-2023,17700,PE,369.71,41598
23-01-2023,26-01-2023,17750,CE,200.56,325429
23-01-2023,26-01-2023,17750,PE,264.16,147387
23-01-2023,26-01-2023,17800,CE,73.55,32423
23-01-2023,26-01-2023,17800,PE,91.11,275837
23-01-2023,26-01-2023,17850,CE,300.95,137514
23-01-2023,26-01-2023,17850,PE,11.21,288390
23-01-2023,26-01-2023,17900,CE,131.59,396701
23-01-2023,26-01-2023,17900,PE,80.82,47880
24-01-2023,26-01-2023,16850,CE,41.85,34135
24-01-2023,26-01-2023,16850,PE,109.28,273993
24-01-2023,26-01-2023,16900,CE,88.51,342814
24-01-2023,26-01-2023,16900,PE,230.37,253786
24-01-2023,26-01-2023,16950,CE,222.81,341175
24-01-2023,26-01-2023,16950,PE,251.67,153606
24-01-2023,26-01-2023,17000,CE,115.77,245139
24-01-2023,26-01-2023,17000,PE,332.74,328689
24-01-2023,26-01-2023,17050,CE,96.43,450273
24-01-2023,26-01-2023,17050,PE,41.66,72357
25-01-2023,26-01-2023,17350,CE,41.02,101136
25-01-2023,26-01-2023,17350,PE,184.59,190266
25-01-2023,26-01-2023,17400,CE,377.04,44308
25-01-2023,26-01-2023,17400,PE,63.97,297114
25-01-2023,26-01-2023,17450,CE,201.46,11212
25-01-2023,26-01-2023,17450,PE,83.34,61471
25-01-2023,26-01-2023,17500,CE,368.47,78771
25-01-2023,26-01-2023,17500,PE,94.34,196955
25-01-2023,26-01-2023,17550,CE,24.03,113682
25-01-2023,26-01-2023,17550,PE,67.01,431909
26-01-2023,26-01-2023,17550,CE,383.98,319133
26-01-2023,26-01-2023,17550,PE,305.19,57754
26-01-2023,26-01-2023,17600,CE,219.7,394404
26-01-2023,26-01-2023,17600,PE,66.51,49486
26-01-2023,26-01-2023,17650,CE,301.53,428139
26-01-2023,26-01-2023,17650,PE,166.73,356143
26-01-2023,26-01-2023,17700,CE,102.37,109500
26-01-2023,26-01-2023,17700,PE,324.59,152274
26-01-2023,26-01-2023,17750,CE,90.02,313007
26-01-2023,26-01-2023,17750,PE,45.15,110730
27-01-2023,02-02-2023,18650,CE,98.76,434159
27-01-2023,02-02-2023,18650,PE,260.66,396765
27-01-2023,02-02-2023,18700,CE,165.95,129066
27-01-2023,02-02-2023,18700,PE,105.76,393710
27-01-2023,02-02-2023,18750,CE,202.15,488325
27-01-2023,02-02-2023,18750,PE,188.21,162177
27-01-2023,02-02-2023,18800,CE,358.86,142916
27-01-2023,02-02-2023,18800,PE,117.23,397986
27-01-2023,02-02-2023,18850,CE,57.92,451720
27-01-2023,02-02-2023,18850,PE,96.45,373464
30-01-2023,02-02-2023,18700,CE,180.2,168912
30-01-2023,02-02-2023,18700,PE,43.17,204911
30-01-2023,02-02-2023,18750,CE,333.44,339578
30-01-2023,02-02-2023,18750,PE,208.59,74594
30-01-2023,02-02-2023,18800,CE,92.79,196205
30-01-2023,02-02-2023,18800,PE,62.82,279975
30-01-2023,02-02-2023,18850,CE,366.24,20342
30-01-2023,02-02-2023,18850,PE,135.73,197656
30-01-2023,02-02-2023,18900,CE,104.66,386146
30-01-2023,02-02-2023,18900,PE,217.33,299358
31-01-2023,02-02-2023,19850,CE,188.62,495361
31-01-2023,02-02-2023,19850,PE,381.03,178993
31-01-2023,02-02-2023,19900,CE,72.06,192152
31-01-2023,02-02-2023,19900,PE,293,33788
31-01-2023,02-02-2023,19950,CE,41.17,239380
31-01-2023,02-02-2023,19950,PE,33.89,250446
31-01-2023,02-02-2023,20000,CE,234.81,35807
31-01-2023,02-02-2023,20000,PE,215.91,62725
31-01-2023,02-02-2023,20050,CE,21.47,283695
31-01-2023,02-02-2023,20050,PE,354.11,179512
01-02-2023,02-02-2023,17400,CE,41.25,358599
01-02-2023,02-02-2023,17400,PE,387.64,83309
01-02-2023,02-02-2023,17450,CE,288.7,276518
01-02-2023,02-02-2023,17450,PE,173.88,345719
01-02-2023,02-02-2023,17500,CE,200.37,114737
01-02-2023,02-02-2023,17500,PE,222.3,201155
01-02-2023,02-02-2023,17550,CE,275.53,187056
01-02-2023,02-02-2023,17550,PE,89.22,197225
01-02-2023,02-02-2023,17600,CE,244.08,272265
01-02-2023,02-02-2023,17600,PE,181.45,201464
02-02-2023,02-02-2023,17950,CE,280.18,299806
02-02-2023,02-02-2023,17950,PE,355.21,263612
02-02-2023,02-02-2023,18000,CE,149.12,186055
02-02-2023,02-02-2023,18000,PE,364.38,332736
02-02-2023,02-02-2023,18050,CE,57.32,31610
02-02-2023,02-02-2023,18050,PE,86.57,337509
02-02-2023,02-02-2023,18100,CE,259.73,439080
02-02-2023,02-02-2023,18100,PE,286.25,422363
02-02-2023,02-02-2023,18150,CE,50.78,384043
02-02-2023,02-02-2023,18150,PE,326.35,229044
03-02-2023,09-02-2023,18600,CE,44.86,131020
03-02-2023,09-02-2023,18600,PE,138.25,142464
03-02-2023,09-02-2023,18650,CE,120.09,266407
03-02-2023,09-02-2023,18650,PE,48.58,246935
03-02-2023,09-02-2023,18700,CE,369.28,77073
03-02-2023,09-02-2023,18700,PE,325.65,114280
03-02-2023,09-02-2023,18750,CE,95.32,414001
03-02-2023,09-02-2023,18750,PE,73.56,44474
03-02-2023,09-02-2023,18800,CE,150.48,235334
03-02-2023,09-02-2023,18800,PE,372.6,118904
06-02-2023,09-02-2023,17650,CE,308.54,448248
06-02-2023,09-02-2023,17650,PE,145.78,20316
06-02-2023,09-02-2023,17700,CE,60.67,441601
06-02-2023,09-02-2023,17700,PE,129.51,305585
06-02-2023,09-02-2023,17750,CE,326.73,438813
06-02-2023,09-02-2023,17750,PE,53.71,146517
06-02-2023,09-02-2023,17800,CE,45.38,87781
06-02-2023,09-02-2023,17800,PE,353.15,420510
06-02-2023,09-02-2023,17850,CE,258.58,468845
06-02-2023,09-02-2023,17850,PE,235.44,321441
07-02-2023,09-02-2023,21250,CE,211.26,477450
07-02-2023,09-02-2023,21250,PE,245.34,495343
07-02-2023,09-02-2023,21300,CE,294.45,233837
07-02-2023,09-02-2023,21300,PE,86.33,57616
07-02-2023,09-02-2023,21350,CE,73.84,382574
07-02-2023,09-02-2023,21350,PE,343.46,459096
07-02-2023,09-02-2023,21400,CE,111,141387
07-02-2023,09-02-2023,21400,PE,387.56,198174
07-02-2023,09-02-2023,21450,CE,219.74,418634
07-02-2023,09-02-2023,21450,PE,318.13,66366
08-02-2023,09-02-2023,19150,CE,10.1,147489
08-02-2023,09-02-2023,19150,PE,257.22,91732
08-02-2023,09-02-2023,19200,CE,30.74,335302
08-02-2023,09-02-2023,19200,PE,284.12,59722
08-02-2023,09-02-2023,19250,CE,67.65,147440
08-02-2023,09-02-2023,19250,PE,159.97,245326
08-02-2023,09-02-2023,19300,CE,196.82,281696
08-02-2023,09-02-2023,19300,PE,205.11,463074
08-02-2023,09-02-2023,19350,CE,14.66,166737
08-02-2023,09-02-2023,19350,PE,92.37,453447
09-02-2023,09-02-2023,17950,CE,178.91,174735
09-02-2023,09-02-2023,17950,PE,182.15,457170
09-02-2023,09-02-2023,18000,CE,263.81,494758
09-02-2023,09-02-2023,18000,PE,394.95,204940
09-02-2023,09-02-2023,18050,CE,59.95,74811
09-02-2023,09-02-2023,18050,PE,178.58,96405
09-02-2023,09-02-2023,18100,CE,151.08,322063
09-02-2023,09-02-2023,18100,PE,86.4,97099
09-02-2023,09-02-2023,18150,CE,305.12,110012
09-02-2023,09-02-2023,18150,PE,139.19,192908
10-02-2023,16-02-2023,22150,CE,370.59,412387
10-02-2023,16-02-2023,22150,PE,385.34,218256
10-02-2023,16-02-2023,22200,CE,17.5,44840
10-02-2023,16-02-2023,22200,PE,94.93,20506
10-02-2023,16-02-2023,22250,CE,27.58,191653
10-02-2023,16-02-2023,22250,PE,82.96,173655
10-02-2023,16-02-2023,22300,CE,247.79,288845
10-02-2023,16-02-2023,22300,PE,17.15,226129
10-02-2023,16-02-2023,22350,CE,43.28,407204
10-02-2023,16-02-2023,22350,PE,82.85,264466
13-02-2023,16-02-2023,16900,CE,279.26,71585
13-02-2023,16-02-2023,16900,PE,253.41,449623
13-02-2023,16-02-2023,16950,CE,396.34,52050
13-02-2023,16-02-2023,16950,PE,186.82,38196
13-02-2023,16-02-2023,17000,CE,36.99,27614
13-02-2023,16-02-2023,17000,PE,185.03,326538
13-02-2023,16-02-2023,17050,CE,92.45,472518
13-02-2023,16-02-2023,17050,PE,72.92,355959
13-02-2023,16-02-2023,17100,CE,210.89,396021
13-02-2023,16-02-2023,17100,PE,372.63,325093
14-02-2023,16-02-2023,19350,CE,77.53,308809
14-02-2023,16-02-2023,19350,PE,112.4,146311
14-02-2023,16-02-2023,19400,CE,375.56,299869
14-02-2023,16-02-2023,19400,PE,133.19,316694
14-02-2023,16-02-2023,19450,CE,298.29,291024
14-02-2023,16-02-2023,19450,PE,95.93,121963
14-02-2023,16-02-2023,19500,CE,368.05,49383
14-02-2023,16-02-2023,19500,PE,216.4,114721
14-02-2023,16-02-2023,19550,CE,359.82,492753
14-02-2023,16-02-2023,19550,PE,57.29,174097
15-02-2023,16-02-2023,14350,CE,210.08,29870
15-02-2023,16-02-2023,14350,PE,177.33,207892
15-02-2023,16-02-2023,14400,CE,235.98,238737
15-02-2023,16-02-2023,14400,PE,105.07,342895
15-02-2023,16-02-2023,14450,CE,58.54,221034
15-02-2023,16-02-2023,14450,PE,208.82,252190
15-02-2023,16-02-2023,14500,CE,251.33,102890
15-02-2023,16-02-2023,14500,PE,136.5,195740
15-02-2023,16-02-2023,14550,CE,226.54,41189
15-02-2023,16-02-2023,14550,PE,33.78,300065
16-02-2023,16-02-2023,15250,CE,159.96,377616
16-02-2023,16-02-2023,15250,PE,214.67,27933
16-02-2023,16-02-2023,15300,CE,72.96,497657
16-02-2023,16-02-2023,15300,PE,92.66,493735
16-02-2023,16-02-2023,15350,CE,152.94,115752
16-02-2023,16-02-2023,15350,PE,100.9,240111
16-02-2023,16-02-2023,15400,CE,228.24,41280
16-02-2023,16-02-2023,15400,PE,85.07,429572
16-02-2023,16-02-2023,15450,CE,150.28,375376
16-02-2023,16-02-2023,15450,PE,384.5,411968
17-02-2023,23-02-2023,19300,CE,340.71,357859
17-02-2023,23-02-2023,19300,PE,376.63,370162
17-02-2023,23-02-2023,19350,CE,99.89,74904
17-02-2023,23-02-2023,19350,PE,362.39,376728
17-02-2023,23-02-2023,19400,CE,216.79,118908
17-02-2023,23-02-2023,19400,PE,59.02,394173
17-02-2023,23-02-2023,19450,CE,194.83,352602
17-02-2023,23-02-2023,19450,PE,283.15,263093
17-02-2023,23-02-2023,19500,CE,301.64,130585
17-02-2023,23-02-2023,19500,PE,62.26,372444
20-02-2023,23-02-2023,21750,CE,111.12,175602
20-02-2023,23-02-2023,21750,PE,109.93,136758
20-02-2023,23-02-2023,21800,CE,125.66,231376
20-02-2023,23-02-2023,21800,PE,87.37,56944
20-02-2023,23-02-2023,21850,CE,195.01,225876
20-02-2023,23-02-2023,21850,PE,367.22,468237
20-02-2023,23-02-2023,21900,CE,158.24,285966
20-02-2023,23-02-2023,21900,PE,32,265991
20-02-2023,23-02-2023,21950,CE,317.9,402860
20-02-2023,23-02-2023,21950,PE,215.68,62433
21-02-2023,23-02-2023,20150,CE,43.87,18346
21-02-2023,23-02-2023,20150,PE,388.74,230798
21-02-2023,23-02-2023,20200,CE,179.75,131269
21-02-2023,23-02-2023,20200,PE,49.19,279795
21-02-2023,23-02-2023,20250,CE,290.69,113265
21-02-2023,23-02-2023,20250,PE,30.23,496150
21-02-2023,23-02-2023,20300,CE,198.19,61440
21-02-2023,23-02-2023,20300,PE,299.19,377442
21-02-2023,23-02-2023,20350,CE,221.05,332843
21-02-2023,23-02-2023,20350,PE,204.28,436845
22-02-2023,23-02-2023,19200,CE,127.68,112261
22-02-2023,23-02-2023,19200,PE,251.63,285782
22-02-2023,23-02-2023,19250,CE,165.19,262263
22-02-2023,23-02-2023,19250,PE,187.68,63455
22-02-2023,23-02-2023,19300,CE,30.47,374234
22-02-2023,23-02-2023,19300,PE,214.21,454620
22-02-2023,23-02-2023,19350,CE,392.81,309867
22-02-2023,23-02-2023,19350,PE,378.75,479245
22-02-2023,23-02-2023,19400,CE,191.11,141355
22-02-2023,23-02-2023,19400,PE,268.24,215947
23-02-2023,23-02-2023,18900,CE,243.02,88836
23-02-2023,23-02-2023,18900,PE,39.59,188034
23-02-2023,23-02-2023,18950,CE,304.34,228323
23-02-2023,23-02-2023,18950,PE,123.35,86341
23-02-2023,23-02-2023,19000,CE,45.82,146176
23-02-2023,23-02-2023,19000,PE,74.7,229265
23-02-2023,23-02-2023,19050,CE,244.38,167592
23-02-2023,23-02-2023,19050,PE,265.71,58316
23-02-2023,23-02-2023,19100,CE,219.64,435160
23-02-2023,23-02-2023,19100,PE,232.76,127511
24-02-2023,02-03-2023,19300,CE,80.12,337232
24-02-2023,02-03-2023,19300,PE,211.53,231157
24-02-2023,02-03-2023,19350,CE,317.63,157934
24-02-2023,02-03-2023,19350,PE,358.92,313764
24-02-2023,02-03-2023,19400,CE,217.2,457003
24-02-2023,02-03-2023,19400,PE,281.27,182281
24-02-2023,02-03-2023,19450,CE,66.22,59694
24-02-2023,02-03-2023,19450,PE,131.66,285630
24-02-2023,02-03-2023,19500,CE,177.17,108542
24-02-2023,02-03-2023,19500,PE,307.74,388414
27-02-2023,02-03-2023,19750,CE,85.71,460528
27-02-2023,02-03-2023,19750,PE,298.12,106231
27-02-2023,02-03-2023,19800,CE,50.38,412321
27-02-2023,02-03-2023,19800,PE,294.16,137740
27-02-2023,02-03-2023,19850,CE,129.31,393009
27-02-2023,02-03-2023,19850,PE,241.76,163030
27-02-2023,02-03-2023,19900,CE,287.28,66877
27-02-2023,02-03-2023,19900,PE,49.81,112893
27-02-2023,02-03-2023,19950,CE,234.91,203427
27-02-2023,02-03-2023,19950,PE,207.06,128671
28-02-2023,02-03-2023,20750,CE,95.76,473167
28-02-2023,02-03-2023,20750,PE,319.17,233141
28-02-2023,02-03-2023,20800,CE,396.71,160371
28-02-2023,02-03-2023,20800,PE,352.51,275068
28-02-2023,02-03-2023,20850,CE,119.74,11000
28-02-2023,02-03-2023,20850,PE,150.15,393785
28-02-2023,02-03-2023,20900,CE,44.53,51832
28-02-2023,02-03-2023,20900,PE,297.17,156909
28-02-2023,02-03-2023,20950,CE,168.59,90830
28-02-2023,02-03-2023,20950,PE,253.89,182210
01-03-2023,02-03-2023,17200,CE,26.63,256362
01-03-2023,02-03-2023,17200,PE,56.48,146551
01-03-2023,02-03-2023,17250,CE,17.06,485427
01-03-2023,02-03-2023,17250,PE,14.95,155030
01-03-2023,02-03-2023,17300,CE,88.91,411693
01-03-2023,02-03-2023,17300,PE,237.14,213283
01-03-2023,02-03-2023,17350,CE,354.71,378322
01-03-2023,02-03-2023,17350,PE,262.01,229515
01-03-2023,02-03-2023,17400,CE,55.45,20827
01-03-2023,02-03-2023,17400,PE,218.08,416007
02-03-2023,02-03-2023,15900,CE,278.52,123551
02-03-2023,02-03-2023,15900,PE,373.61,297522
02-03-2023,02-03-2023,15950,CE,188.98,251233
02-03-2023,02-03-2023,15950,PE,93.34,364056
02-03-2023,02-03-2023,16000,CE,387.54,62751
02-03-2023,02-03-2023,16000,PE,297.98,444918
02-03-2023,02-03-2023,16050,CE,74.92,464579
02-03-2023,02-03-2023,16050,PE,353.55,140044
02-03-2023,02-03-2023,16100,CE,186.48,178854
02-03-2023,02-03-2023,16100,PE,374.82,464952
03-03-2023,09-03-2023,17900,CE,43.74,102514
03-03-2023,09-03-2023,17900,PE,306.29,103057
03-03-2023,09-03-2023,17950,CE,148,473056
03-03-2023,09-03-2023,17950,PE,231.36,275379
03-03-2023,09-03-2023,18000,CE,162.73,275454
03-03-2023,09-03-2023,18000,PE,115.45,369568
03-03-2023,09-03-2023,18050,CE,80.98,401551
03-03-2023,09-03-2023,18050,PE,75.62,118848
03-03-2023,09-03-2023,18100,CE,110.38,434267
03-03-2023,09-03-2023,18100,PE,223.26,135691
06-03-2023,09-03-2023,16500,CE,139.27,335958
06-03-2023,09-03-2023,16500,PE,85.6,297489
06-03-2023,09-03-2023,16550,CE,69.72,418023
06-03-2023,09-03-2023,16550,PE,51.43,340040
06-03-2023,09-03-2023,16600,CE,172.54,343904
06-03-2023,09-03-2023,16600,PE,146.99,52149
06-03-2023,09-03-2023,16650,CE,371.21,344248
06-03-2023,09-03-2023,16650,PE,165.69,150378
06-03-2023,09-03-2023,16700,CE,232.21,461302
06-03-2023,09-03-2023,16700,PE,169.42,26584
07-03-2023,09-03-2023,20200,CE,386.11,10089
07-03-2023,09-03-2023,20200,PE,336.16,370392
07-03-2023,09-03-2023,20250,CE,225.78,259736
07-03-2023,09-03-2023,20250,PE,50.15,266137
07-03-2023,09-03-2023,20300,CE,338.14,387897
07-03-2023,09-03-2023,20300,PE,261.18,378449
07-03-2023,09-03-2023,20350,CE,188.84,271503
07-03-2023,09-03-2023,20350,PE,246.8,151833
07-03-2023,09-03-2023,20400,CE,32.24,424217
07-03-2023,09-03-2023,20400,PE,376.22,456339
08-03-2023,09-03-2023,17050,CE,41.67,282595
08-03-2023,09-03-2023,17050,PE,187.77,499690
08-03-2023,09-03-2023,17100,CE,379.99,380281
08-03-2023,09-03-2023,17100,PE,220.42,392593
08-03-2023,09-03-2023,17150,CE,222,354325
08-03-2023,09-03-2023,17150,PE,395.58,355632
08-03-2023,09-03-2023,17200,CE,104.8,341653
08-03-2023,09-03-2023,17200,PE,82.14,485371
08-03-2023,09-03-2023,17250,CE,39.92,268260
08-03-2023,09-03-2023,17250,PE,398.42,281977
09-03-2023,09-03-2023,18050,CE,287.9,496143
09-03-2023,09-03-2023,18050,PE,102.4,153905
09-03-2023,09-03-2023,18100,CE,153.77,46500
09-03-2023,09-03-2023,18100,PE,386.96,235961
09-03-2023,09-03-2023,18150,CE,26.79,438553
09-03-2023,09-03-2023,18150,PE,383.02,346776
09-03-2023,09-03-2023,18200,CE,22.83,137851
09-03-2023,09-03-2023,18200,PE,396.73,317922
09-03-2023,09-03-2023,18250,CE,174.29,117083
09-03-2023,09-03-2023,18250,PE,351.95,191327
10-03-2023,16-03-2023,20400,CE,149.87,437542
10-03-2023,16-03-2023,20400,PE,297.54,174607
10-03-2023,16-03-2023,20450,CE,123.79,262585
10-03-2023,16-03-2023,20450,PE,290.15,129957
10-03-2023,16-03-2023,20500,CE,211.37,303813
10-03-2023,16-03-2023,20500,PE,329.07,152958
10-03-2023,16-03-2023,20550,CE,330.94,149242
10-03-2023,16-03-2023,20550,PE,43.03,233900
10-03-2023,16-03-2023,20600,CE,90.39,469011
10-03-2023,16-03-2023,20600,PE,128.16,287223
13-03-2023,16-03-2023,13400,CE,95.23,479156
13-03-2023,16-03-2023,13400,PE,76.85,469008
13-03-2023,16-03-2023,13450,CE,192.94,377928
13-03-2023,16-03-2023,13450,PE,205.93,329334
13-03-2023,16-03-2023,13500,CE,95.74,207228
13-03-2023,16-03-2023,13500,PE,233.82,13681
13-03-2023,16-03-2023,13550,CE,58.52,54527
13-03-2023,16-03-2023,13550,PE,270.34,80804
13-03-2023,16-03-2023,13600,CE,327.37,239415
13-03-2023,16-03-2023,13600,PE,189.29,368029
14-03-2023,16-03-2023,18000,CE,367.18,212241
14-03-2023,16-03-2023,18000,PE,173.88,394048
14-03-2023,16-03-2023,18050,CE,373.22,258771
14-03-2023,16-03-2023,18050,PE,378.17,461305
14-03-2023,16-03-2023,18100,CE,192.84,460729
14-03-2023,16-03-2023,18100,PE,122.41,406807
14-03-2023,16-03-2023,18150,CE,374.01,186738
14-03-2023,16-03-2023,18150,PE,158.93,424472
14-03-2023,16-03-2023,18200,CE,386.73,325884
14-03-2023,16-03-2023,18200,PE,261.62,183440
15-03-2023,16-03-2023,20550,CE,326.09,250581
15-03-2023,16-03-2023,20550,PE,260.37,470365
15-03-2023,16-03-2023,20600,CE,17.03,363691
15-03-2023,16-03-2023,20600,PE,171.88,19766
15-03-2023,16-03-2023,20650,CE,102.81,57968
15-03-2023,16-03-2023,20650,PE,338.85,180593
15-03-2023,16-03-2023,20700,CE,318.07,458160
15-03-2023,16-03-2023,20700,PE,139.45,410329
15-03-2023,16-03-2023,20750,CE,373.47,397600
15-03-2023,16-03-2023,20750,PE,219.59,416629
16-03-2023,16-03-2023,17400,CE,148.53,150151
16-03-2023,16-03-2023,17400,PE,303.35,156573
16-03-2023,16-03-2023,17450,CE,47.91,191121
16-03-2023,16-03-2023,17450,PE,254.79,54056
16-03-2023,16-03-2023,17500,CE,360.92,42337
16-03-2023,16-03-2023,17500,PE,254.07,430757
16-03-2023,16-03-2023,17550,CE,104.6,290599
16-03-2023,16-03-2023,17550,PE,274.03,358002
16-03-2023,16-03-2023,17600,CE,173.46,451540
16-03-2023,16-03-2023,17600,PE,24.91,382735
17-03-2023,23-03-2023,20450,CE,69.87,355648
17-03-2023,23-03-2023,20450,PE,81.1,79708
17-03-2023,23-03-2023,20500,CE,26.26,198084
17-03-2023,23-03-2023,20500,PE,253.92,308029
17-03-2023,23-03-2023,20550,CE,287.68,419423
17-03-2023,23-03-2023,20550,PE,87.93,491189
17-03-2023,23-03-2023,20600,CE,265.66,133267
17-03-2023,23-03-2023,20600,PE,309.9,453894
17-03-2023,23-03-2023,20650,CE,253.06,212097
17-03-2023,23-03-2023,20650,PE,199.53,321361
20-03-2023,23-03-2023,17850,CE,231.83,439981
20-03-2023,23-03-2023,17850,PE,36.6,148433
20-03-2023,23-03-2023,17900,CE,180.7,286658
20-03-2023,23-03-2023,17900,PE,342.06,491723
20-03-2023,23-03-2023,17950,CE,325.92,492655
20-03-2023,23-03-2023,17950,PE,236.08,398652
20-03-2023,23-03-2023,18000,CE,242.9,35888
20-03-2023,23-03-2023,18000,PE,230.68,26299
20-03-2023,23-03-2023,18050,CE,251.9,422636
20-03-2023,23-03-2023,18050,PE,149.48,466737
21-03-2023,23-03-2023,16200,CE,176.23,441883
21-03-2023,23-03-2023,16200,PE,119.97,283767
21-03-2023,23-03-2023,16250,CE,393.56,419354
21-03-2023,23-03-2023,16250,PE,229.3,255073
21-03-2023,23-03-2023,16300,CE,170.59,192364
21-03-2023,23-03-2023,16300,PE,332.99,347351
21-03-2023,23-03-2023,16350,CE,312.36,67440
21-03-2023,23-03-2023,16350,PE,220.37,214268
21-03-2023,23-03-2023,16400,CE,254.28,468872
21-03-2023,23-03-2023,16400,PE,40.87,56545
22-03-2023,23-03-2023,20050,CE,388.35,189063
22-03-2023,23-03-2023,20050,PE,149.47,441768
22-03-2023,23-03-2023,20100,CE,183.97,323737
22-03-2023,23-03-2023,20100,PE,124.7,350345
22-03-2023,23-03-2023,20150,CE,113.77,331773
22-03-2023,23-03-2023,20150,PE,392.67,51038
22-03-2023,23-03-2023,20200,CE,217.23,117518
22-03-2023,23-03-2023,20200,PE,85.2,199415
22-03-2023,23-03-2023,20250,CE,239.98,376029
22-03-2023,23-03-2023,20250,PE,42.75,215279
23-03-2023,23-03-2023,15200,CE,132.08,330251
23-03-2023,23-03-2023,15200,PE,113.47,456130
23-03-2023,23-03-2023,15250,CE,337.29,456566
23-03-2023,23-03-2023,15250,PE,325.29,172396
23-03-2023,23-03-2023,15300,CE,273.54,476017
23-03-2023,23-03-2023,15300,PE,336.75,134380
23-03-2023,23-03-2023,15350,CE,39.45,28531
23-03-2023,23-03-2023,15350,PE,183.22,50280
23-03-2023,23-03-2023,15400,CE,386.58,289679
23-03-2023,23-03-2023,15400,PE,53.69,243175
24-03-2023,30-03-2023,16400,CE,170.77,344936
24-03-2023,30-03-2023,16400,PE,143.08,160362
24-03-2023,30-03-2023,16450,CE,227.89,419846
24-03-2023,30-03-2023,16450,PE,303.88,341096
24-03-2023,30-03-2023,16500,CE,350,175628
24-03-2023,30-03-2023,16500,PE,162.03,88368
24-03-2023,30-03-2023,16550,CE,32.23,374973
24-03-2023,30-03-2023,16550,PE,182.23,211199
24-03-2023,30-03-2023,16600,CE,118.91,230811
24-03-2023,30-03-2023,16600,PE,291.52,390234
27-03-2023,30-03-2023,17300,CE,149.78,221641
27-03-2023,30-03-2023,17300,PE,215.84,171930
27-03-2023,30-03-2023,17350,CE,355.3,319938
27-03-2023,30-03-2023,17350,PE,385.29,318907
27-03-2023,30-03-2023,17400,CE,231.13,246896
27-03-2023,30-03-2023,17400,PE,315.04,459465
27-03-2023,30-03-2023,17450,CE,315.79,165476
27-03-2023,30-03-2023,17450,PE,97.79,31704
27-03-2023,30-03-2023,17500,CE,394.75,347907
27-03-2023,30-03-2023,17500,PE,224.16,495779
28-03-2023,30-03-2023,16750,CE,299.25,19655
28-03-2023,30-03-2023,16750,PE,42.65,174678
28-03-2023,30-03-2023,16800,CE,220.04,226744
28-03-2023,30-03-2023,16800,PE,182.03,379084
28-03-2023,30-03-2023,16850,CE,20,283580
28-03-2023,30-03-2023,16850,PE,316.18,394605
28-03-2023,30-03-2023,16900,CE,242.4,237092
28-03-2023,30-03-2023,16900,PE,156.91,149823
28-03-2023,30-03-2023,16950,CE,16.35,281916
28-03-2023,30-03-2023,16950,PE,119.56,14502
29-03-2023,30-03-2023,18500,CE,143.25,225250
29-03-2023,30-03-2023,18500,PE,252.74,188363
29-03-2023,30-03-2023,18550,CE,385.15,416151
29-03-2023,30-03-2023,18550,PE,229.02,82407
29-03-2023,30-03-2023,18600,CE,142.62,396510
29-03-2023,30-03-2023,18600,PE,393.99,251351
29-03-2023,30-03-2023,18650,CE,225.28,472718
29-03-2023,30-03-2023,18650,PE,220.26,461926
29-03-2023,30-03-2023,18700,CE,333.76,155505
29-03-2023,30-03-2023,18700,PE,219.98,95987
30-03-2023,30-03-2023,14950,CE,152.63,483308
30-03-2023,30-03-2023,14950,PE,137.23,491931
30-03-2023,30-03-2023,15000,CE,166.3,118036
30-03-2023,30-03-2023,15000,PE,52.94,462603
30-03-2023,30-03-2023,15050,CE,252.28,329911
30-03-2023,30-03-2023,15050,PE,31.38,146198
30-03-2023,30-03-2023,15100,CE,208.25,209294
30-03-2023,30-03-2023,15100,PE,382.19,142222
30-03-2023,30-03-2023,15150,CE,369.48,378984
30-03-2023,30-03-2023,15150,PE,364.94,478973
31-03-2023,06-04-2023,14200,CE,378.28,378900
31-03-2023,06-04-2023,14200,PE,358.36,430589
31-03-2023,06-04-2023,14250,CE,96.15,124083
31-03-2023,06-04-2023,14250,PE,303.4,235171
31-03-2023,06-04-2023,14300,CE,33.35,289667
31-03-2023,06-04-2023,14300,PE,85.22,137216
31-03-2023,06-04-2023,14350,CE,301.85,235646
31-03-2023,06-04-2023,14350,PE,168.35,148944
31-03-2023,06-04-2023,14400,CE,89.4,38208
31-03-2023,06-04-2023,14400,PE,169.4,477518
03-04-2023,06-04-2023,17700,CE,40.06,146591
03-04-2023,06-04-2023,17700,PE,57.01,420943
03-04-2023,06-04-2023,17750,CE,255.08,103483
03-04-2023,06-04-2023,17750,PE,158.91,59390
03-04-2023,06-04-2023,17800,CE,220.72,12805
03-04-2023,06-04-2023,17800,PE,234.73,459371
03-04-2023,06-04-2023,17850,CE,160.6,176872
03-04-2023,06-04-2023,17850,PE,332,354173
03-04-2023,06-04-2023,17900,CE,395.36,276730
03-04-2023,06-04-2023,17900,PE,313.85,130055
04-04-2023,06-04-2023,17300,CE,311.31,300128
04-04-2023,06-04-2023,17300,PE,56.95,39490
04-04-2023,06-04-2023,17350,CE,366.58,490763
04-04-2023,06-04-2023,17350,PE,31.12,54119
04-04-2023,06-04-2023,17400,CE,41.12,390983
04-04-2023,06-04-2023,17400,PE,146.74,39299
04-04-2023,06-04-2023,17450,CE,390.69,22429
04-04-2023,06-04-2023,17450,PE,64.22,417415
04-04-2023,06-04-2023,17500,CE,282.74,184378
04-04-2023,06-04-2023,17500,PE,289.98,178280
05-04-2023,06-04-2023,14350,CE,298.49,28302
05-04-2023,06-04-2023,14350,PE,183.34,356757
05-04-2023,06-04-2023,14400,CE,50.03,305991
05-04-2023,06-04-2023,14400,PE,209.65,188650
05-04-2023,06-04-2023,14450,CE,38.85,286041
05-04-2023,06-04-2023,14450,PE,195.67,338187
05-04-2023,06-04-2023,14500,CE,208.45,483753
05-04-2023,06-04-2023,14500,PE,216.83,243051
05-04-2023,06-04-2023,14550,CE,387.49,165217
05-04-2023,06-04-2023,14550,PE,38.64,182730
06-04-2023,06-04-2023,19550,CE,153.97,313704
06-04-2023,06-04-2023,19550,PE,368.47,216928
06-04-2023,06-04-2023,19600,CE,115.54,495414
06-04-2023,06-04-2023,19600,PE,240.64,248896
06-04-2023,06-04-2023,19650,CE,325.13,300033
06-04-2023,06-04-2023,19650,PE,16.49,301738
06-04-2023,06-04-2023,19700,CE,263.26,457936
06-04-2023,06-04-2023,19700,PE,61.75,443120
06-04-2023,06-04-2023,19750,CE,208.91,377673
06-04-2023,06-04-2023,19750,PE,68.62,376335
07-04-2023,13-04-2023,19100,CE,346.69,425404
07-04-2023,13-04-2023,19100,PE,24.15,132727
07-04-2023,13-04-2023,19150,CE,165.86,349284
07-04-2023,13-04-2023,19150,PE,298.36,279597
07-04-2023,13-04-2023,19200,CE,383.05,144781
07-04-2023,13-04-2023,19200,PE,263.91,425272
07-04-2023,13-04-2023,19250,CE,35.66,235705
07-04-2023,13-04-2023,19250,PE,269.97,110753
07-04-2023,13-04-2023,19300,CE,161.99,430318
07-04-2023,13-04-2023,19300,PE,214.16,473734
10-04-2023,13-04-2023,19300,CE,369.88,319199
10-04-2023,13-04-2023,19300,PE,253.4,47136
10-04-2023,13-04-2023,19350,CE,63.49,218053
10-04-2023,13-04-2023,19350,PE,373.84,165450
10-04-2023,13-04-2023,19400,CE,358.43,342804
10-04-2023,13-04-2023,19400,PE,133.19,144072
10-04-2023,13-04-2023,19450,CE,112.54,105779
10-04-2023,13-04-2023,19450,PE,219.19,340654
10-04-2023,13-04-2023,19500,CE,162.45,364979
10-04-2023,13-04-2023,19500,PE,335.82,464264
11-04-2023,13-04-2023,16300,CE,317.69,36219
11-04-2023,13-04-2023,16300,PE,184.74,295512
11-04-2023,13-04-2023,16350,CE,285.74,377389
11-04-2023,13-04-2023,16350,PE,127.03,421593
11-04-2023,13-04-2023,16400,CE,253.63,168540
11-04-2023,13-04-2023,16400,PE,22.82,152806
11-04-2023,13-04-2023,16450,CE,329.04,255727
11-04-2023,13-04-2023,16450,PE,127.13,321626
11-04-2023,13-04-2023,16500,CE,144.93,302302
11-04-2023,13-04-2023,16500,PE,17.68,95688
12-04-2023,13-04-2023,16450,CE,154.71,295251
12-04-2023,13-04-2023,16450,PE,283.56,208315
12-04-2023,13-04-2023,16500,CE,385.41,439764
12-04-2023,13-04-2023,16500,PE,307.72,112200
12-04-2023,13-04-2023,16550,CE,236.97,489899
12-04-2023,13-04-2023,16550,PE,324.21,315538
12-04-2023,13-04-2023,16600,CE,346.08,389854
12-04-2023,13-04-2023,16600,PE,91.49,498534
12-04-2023,13-04-2023,16650,CE,74.95,85175
12-04-2023,13-04-2023,16650,PE,334.17,478425
13-04-2023,13-04-2023,17550,CE,82.91,145747
13-04-2023,13-04-2023,17550,PE,112.22,413789
13-04-2023,13-04-2023,17600,CE,360.37,444337
13-04-2023,13-04-2023,17600,PE,374.74,186010
13-04-2023,13-04-2023,17650,CE,255.45,267072
13-04-2023,13-04-2023,17650,PE,84.82,384734
13-04-2023,13-04-2023,17700,CE,152.72,39689
13-04-2023,13-04-2023,17700,PE,236.55,464165
13-04-2023,13-04-2023,17750,CE,219.08,485673
13-04-2023,13-04-2023,17750,PE,173.98,438379
14-04-2023,20-04-2023,19300,CE,177.68,168501
14-04-2023,20-04-2023,19300,PE,190.73,298467
14-04-2023,20-04-2023,19350,CE,386.19,254831
14-04-2023,20-04-2023,19350,PE,114.17,349323
14-04-2023,20-04-2023,19400,CE,398.19,226973
14-04-2023,20-04-2023,19400,PE,327.11,262299
14-04-2023,20-04-2023,19450,CE,205.49,389626
14-04-2023,20-04-2023,19450,PE,330.23,383164
14-04-2023,20-04-2023,19500,CE,260.13,443815
14-04-2023,20-04-2023,19500,PE,164.95,391637
17-04-2023,20-04-2023,19800,CE,180.14,156817
17-04-2023,20-04-2023,19800,PE,124.31,101775
17-04-2023,20-04-2023,19850,CE,84.18,259703
17-04-2023,20-04-2023,19850,PE,108.31,321286
17-04-2023,20-04-2023,19900,CE,253.82,64781
17-04-2023,20-04-2023,19900,PE,242.02,124892
17-04-2023,20-04-2023,19950,CE,115.68,250763
17-04-2023,20-04-2023,19950,PE,227.99,32527
17-04-2023,20-04-2023,20000,CE,92.09,97222
17-04-2023,20-04-2023,20000,PE,350.34,420961
18-04-2023,20-04-2023,17800,CE,192.16,226816
18-04-2023,20-04-2023,17800,PE,181.7,340918
18-04-2023,20-04-2023,17850,CE,227.42,473843
18-04-2023,20-04-2023,17850,PE,227.44,487584
18-04-2023,20-04-2023,17900,CE,359.13,248279
18-04-2023,20-04-2023,17900,PE,125.62,488079
18-04-2023,20-04-2023,17950,CE,164.32,102459
18-04-2023,20-04-2023,17950,PE,315.35,365771
18-04-2023,20-04-2023,18000,CE,180.63,136281
18-04-2023,20-04-2023,18000,PE,213.19,236399
19-04-2023,20-04-2023,19500,CE,344.45,26192
19-04-2023,20-04-2023,19500,PE,107.45,198578
19-04-2023,20-04-2023,19550,CE,172.81,149845
19-04-2023,20-04-2023,19550,PE,346.57,198884
19-04-2023,20-04-2023,19600,CE,234.22,486848
19-04-2023,20-04-2023,19600,PE,137.63,288963
19-04-2023,20-04-2023,19650,CE,215.99,39762
19-04-2023,20-04-2023,19650,PE,173.81,316470
19-04-2023,20-04-2023,19700,CE,328.41,469276
19-04-2023,20-04-2023,19700,PE,105.99,285736
20-04-2023,20-04-2023,18150,CE,244.26,48172
20-04-2023,20-04-2023,18150,PE,94.37,301926
20-04-2023,20-04-2023,18200,CE,112.55,343742
20-04-2023,20-04-2023,18200,PE,121.99,222641
20-04-2023,20-04-2023,18250,CE,282.39,15028
20-04-2023,20-04-2023,18250,PE,272.2,459322
20-04-2023,20-04-2023,18300,CE,263.56,62692
20-04-2023,20-04-2023,18300,PE,57.63,219590
20-04-2023,20-04-2023,18350,CE,48.06,371047
20-04-2023,20-04-2023,18350,PE,398.91,105633
21-04-2023,27-04-2023,16700,CE,373.99,189081
21-04-2023,27-04-2023,16700,PE,167.35,304789
21-04-2023,27-04-2023,16750,CE,298.55,328520
21-04-2023,27-04-2023,16750,PE,333.37,47915
21-04-2023,27-04-2023,16800,CE,254.17,75399
21-04-2023,27-04-2023,16800,PE,315.88,443344
21-04-2023,27-04-2023,16850,CE,151.44,355895
21-04-2023,27-04-2023,16850,PE,141.19,211026
21-04-2023,27-04-2023,16900,CE,45.56,405912
21-04-2023,27-04-2023,16900,PE,28.99,266831
24-04-2023,27-04-2023,20700,CE,396.85,435354
24-04-2023,27-04-2023,20700,PE,218.38,381446
24-04-2023,27-04-2023,20750,CE,133.98,23643
24-04-2023,27-04-2023,20750,PE,347.47,95542
24-04-2023,27-04-2023,20800,CE,237.19,33049
24-04-2023,27-04-2023,20800,PE,366.75,225333
24-04-2023,27-04-2023,20850,CE,41.91,139103
24-04-2023,27-04-2023,20850,PE,284.25,47553
24-04-2023,27-04-2023,20900,CE,167.22,383430
24-04-2023,27-04-2023,20900,PE,303.19,80560
25-04-2023,27-04-2023,18700,CE,285.51,312779
25-04-2023,27-04-2023,18700,PE,337.61,459281
25-04-2023,27-04-2023,18750,CE,371.37,117702
25-04-2023,27-04-2023,18750,PE,310.37,198303
25-04-2023,27-04-2023,18800,CE,384.83,275821
25-04-2023,27-04-2023,18800,PE,175.54,222149
25-04-2023,27-04-2023,18850,CE,237.6,371852
25-04-2023,27-04-2023,18850,PE,59.99,309155
25-04-2023,27-04-2023,18900,CE,59.62,377687
25-04-2023,27-04-2023,18900,PE,377.79,452414
26-04-2023,27-04-2023,16600,CE,267.5,373343
26-04-2023,27-04-2023,16600,PE,131.52,316404
26-04-2023,27-04-2023,16650,CE,301.07,163921
26-04-2023,27-04-2023,16650,PE,222.38,227257
26-04-2023,27-04-2023,16700,CE,338.26,337393
26-04-2023,27-04-2023,16700,PE,212.68,367247
26-04-2023,27-04-2023,16750,CE,304.44,211293
26-04-2023,27-04-2023,16750,PE,203.56,67420
26-04-2023,27-04-2023,16800,CE,85.54,143513
26-04-2023,27-04-2023,16800,PE,375.99,235411
27-04-2023,27-04-2023,19200,CE,67.77,46475
27-04-2023,27-04-2023,19200,PE,262.78,40010
27-04-2023,27-04-2023,19250,CE,322.75,274454
27-04-2023,27-04-2023,19250,PE,227.74,186808
27-04-2023,27-04-2023,19300,CE,248.05,100919
27-04-2023,27-04-2023,19300,PE,146.07,468665
27-04-2023,27-04-2023,19350,CE,118.18,234977
27-04-2023,27-04-2023,19350,PE,222.89,413243
27-04-2023,27-04-2023,19400,CE,13.16,305964
27-04-2023,27-04-2023,19400,PE,221.1,320551
28-04-2023,04-05-2023,19000,CE,355.12,293404
28-04-2023,04-05-2023,19000,PE,180.2,336838
28-04-2023,04-05-2023,19050,CE,123.45,411504
28-04-2023,04-05-2023,19050,PE,345.92,49620
28-04-2023,04-05-2023,19100,CE,94.55,494293
28-04-2023,04-05-2023,19100,PE,220.51,90440
28-04-2023,04-05-2023,19150,CE,201.37,467977
28-04-2023,04-05-2023,19150,PE,276.68,86770
28-04-2023,04-05-2023,19200,CE,251.33,499567
28-04-2023,04-05-2023,19200,PE,224.95,236185
01-05-2023,04-05-2023,17400,CE,161.81,467458
01-05-2023,04-05-2023,17400,PE,35.97,323266
01-05-2023,04-05-2023,17450,CE,32.47,475998
01-05-2023,04-05-2023,17450,PE,107.69,18833
01-05-2023,04-05-2023,17500,CE,168.39,320065
01-05-2023,04-05-2023,17500,PE,32.91,379348
01-05-2023,04-05-2023,17550,CE,353.22,315880
01-05-2023,04-05-2023,17550,PE,387.35,490918
01-05-2023,04-05-2023,17600,CE,89.7,133779
01-05-2023,04-05-2023,17600,PE,37.62,407031
02-05-2023,04-05-2023,19200,CE,25.99,58161
02-05-2023,04-05-2023,19200,PE,35.76,83579
02-05-2023,04-05-2023,19250,CE,112.95,294962
02-05-2023,04-05-2023,19250,PE,66.21,413166
02-05-2023,04-05-2023,19300,CE,196.77,275476
02-05-2023,04-05-2023,19300,PE,46.55,280721
02-05-2023,04-05-2023,19350,CE,121.61,357762
02-05-2023,04-05-2023,19350,PE,253.04,299461
02-05-2023,04-05-2023,19400,CE,328.54,344035
02-05-2023,04-05-2023,19400,PE,197.13,140604
03-05-2023,04-05-2023,15650,CE,327.83,300472
03-05-2023,04-05-2023,15650,PE,193.6,215154
03-05-2023,04-05-2023,15700,CE,220.36,29811
03-05-2023,04-05-2023,15700,PE,224.74,332291
03-05-2023,04-05-2023,15750,CE,41.74,111513
03-05-2023,04-05-2023,15750,PE,272.78,87577
03-05-2023,04-05-2023,15800,CE,169.92,453538
03-05-2023,04-05-2023,15800,PE,287.15,165228
03-05-2023,04-05-2023,15850,CE,312.99,410612
03-05-2023,04-05-2023,15850,PE,38.35,289997
04-05-2023,04-05-2023,16200,CE,210.9,196890
04-05-2023,04-05-2023,16200,PE,265.64,402828
04-05-2023,04-05-2023,16250,CE,352.18,437499
04-05-2023,04-05-2023,16250,PE,190.51,57336
04-05-2023,04-05-2023,16300,CE,109.88,429135
04-05-2023,04-05-2023,16300,PE,364.51,398323
04-05-2023,04-05-2023,16350,CE,275.07,142974
04-05-2023,04-05-2023,16350,PE,120.8,260950
04-05-2023,04-05-2023,16400,CE,340.92,235542
04-05-2023,04-05-2023,16400,PE,391.4,449916
05-05-2023,11-05-2023,16250,CE,397.57,124535
05-05-2023,11-05-2023,16250,PE,319,398112
05-05-2023,11-05-2023,16300,CE,242.5,434554
05-05-2023,11-05-2023,16300,PE,257.41,12039
05-05-2023,11-05-2023,16350,CE,265.86,110332
05-05-2023,11-05-2023,16350,PE,332.59,222568
05-05-2023,11-05-2023,16400,CE,82.87,282437
05-05-2023,11-05-2023,16400,PE,284.92,201073
05-05-2023,11-05-2023,16450,CE,273.56,255377
05-05-2023,11-05-2023,16450,PE,134.62,50865
08-05-2023,11-05-2023,18350,CE,58.08,303239
08-05-2023,11-05-2023,18350,PE,305.21,10925
08-05-2023,11-05-2023,18400,CE,291.18,96630
08-05-2023,11-05-2023,18400,PE,142,380749
08-05-2023,11-05-2023,18450,CE,171.5,352175
08-05-2023,11-05-2023,18450,PE,333.95,416812
08-05-2023,11-05-2023,18500,CE,294.68,381667
08-05-2023,11-05-2023,18500,PE,129.64,78292
08-05-2023,11-05-2023,18550,CE,352.7,359144
08-05-2023,11-05-2023,18550,PE,298.3,485422
09-05-2023,11-05-2023,16950,CE,344.28,458583
09-05-2023,11-05-2023,16950,PE,314.89,255113
09-05-2023,11-05-2023,17000,CE,51.21,199888
09-05-2023,11-05-2023,17000,PE,386.21,59059
09-05-2023,11-05-2023,17050,CE,377.93,219488
09-05-2023,11-05-2023,17050,PE,116.04,148408
09-05-2023,11-05-2023,17100,CE,365.03,10539
09-05-2023,11-05-2023,17100,PE,399.71,42493
09-05-2023,11-05-2023,17150,CE,249.88,177506
09-05-2023,11-05-2023,17150,PE,80.1,298484
10-05-2023,11-05-2023,13950,CE,66.74,330603
10-05-2023,11-05-2023,13950,PE,98.94,406818
10-05-2023,11-05-2023,14000,CE,91.32,350292
10-05-2023,11-05-2023,14000,PE,340.97,356070
10-05-2023,11-05-2023,14050,CE,347.87,67280
10-05-2023,11-05-2023,14050,PE,274.89,108539
10-05-2023,11-05-2023,14100,CE,170.01,244977
10-05-2023,11-05-2023,14100,PE,169.02,75647
10-05-2023,11-05-2023,14150,CE,33.98,324974
10-05-2023,11-05-2023,14150,PE,58.39,173892
11-05-2023,11-05-2023,13800,CE,140.36,416104
11-05-2023,11-05-2023,13800,PE,387.34,315826
11-05-2023,11-05-2023,13850,CE,195.1,432689
11-05-2023,11-05-2023,13850,PE,14.46,344814
11-05-2023,11-05-2023,13900,CE,365.81,26035
11-05-2023,11-05-2023,13900,PE,293.84,483945
11-05-2023,11-05-2023,13950,CE,351.25,22826
11-05-2023,11-05-2023,13950,PE,185.41,428957
11-05-2023,11-05-2023,14000,CE,332.91,161683
11-05-2023,11-05-2023,14000,PE,241.81,179346
12-05-2023,18-05-2023,15000,CE,118.12,241260
12-05-2023,18-05-2023,15000,PE,98.01,66851
12-05-2023,18-05-2023,15050,CE,225.31,491632
12-05-2023,18-05-2023,15050,PE,56.81,193466
12-05-2023,18-05-2023,15100,CE,283.54,403990
12-05-2023,18-05-2023,15100,PE,322.08,47575
12-05-2023,18-05-2023,15150,CE,394.23,222524
12-05-2023,18-05-2023,15150,PE,234.38,80296
12-05-2023,18-05-2023,15200,CE,15.06,349727
12-05-2023,18-05-2023,15200,PE,209.85,165225
15-05-2023,18-05-2023,18750,CE,311.89,333803
15-05-2023,18-05-2023,18750,PE,361.65,136771
15-05-2023,18-05-2023,18800,CE,328.78,45052
15-05-2023,18-05-2023,18800,PE,313.94,495822
15-05-2023,18-05-2023,18850,CE,52.61,400521
15-05-2023,18-05-2023,18850,PE,391.07,413249
15-05-2023,18-05-2023,18900,CE,242.09,130450
15-05-2023,18-05-2023,18900,PE,192.56,432539
15-05-2023,18-05-2023,18950,CE,54.63,455740
15-05-2023,18-05-2023,18950,PE,204.54,280022
16-05-2023,18-05-2023,21400,CE,168.46,313653
16-05-2023,18-05-2023,21400,PE,295.34,30890
16-05-2023,18-05-2023,21450,CE,350.27,493141
16-05-2023,18-05-2023,21450,PE,299.67,319921
16-05-2023,18-05-2023,21500,CE,393.99,473581
16-05-2023,18-05-2023,21500,PE,48.11,33730
16-05-2023,18-05-2023,21550,CE,292.4,60689
16-05-2023,18-05-2023,21550,PE,102.45,128805
16-05-2023,18-05-2023,21600,CE,339.51,306878
16-05-2023,18-05-2023,21600,PE,372.94,249566
17-05-2023,18-05-2023,20650,CE,253.52,97525
17-05-2023,18-05-2023,20650,PE,27.99,424579
17-05-2023,18-05-2023,20700,CE,18.31,55498
17-05-2023,18-05-2023,20700,PE,40.17,200925
17-05-2023,18-05-2023,20750,CE,291.55,124532
17-05-2023,18-05-2023,20750,PE,125.16,335106
17-05-2023,18-05-2023,20800,CE,240.59,171420
17-05-2023,18-05-2023,20800,PE,393.31,77636
17-05-2023,18-05-2023,20850,CE,71.77,119859
17-05-2023,18-05-2023,20850,PE,158.53,484214
18-05-2023,18-05-2023,20050,CE,76.25,471066
18-05-2023,18-05-2023,20050,PE,265.95,46980
18-05-2023,18-05-2023,20100,CE,169.6,436911
18-05-2023,18-05-2023,20100,PE,177.25,359165
18-05-2023,18-05-2023,20150,CE,160.11,190077
18-05-2023,18-05-2023,20150,PE,121.67,276557
18-05-2023,18-05-2023,20200,CE,196.82,297277
18-05-2023,18-05-2023,20200,PE,277.78,169333
18-05-2023,18-05-2023,20250,CE,383.99,215044
18-05-2023,18-05-2023,20250,PE,186.04,184334
19-05-2023,25-05-2023,21200,CE,262.44,384074
19-05-2023,25-05-2023,21200,PE,34.19,87151
19-05-2023,25-05-2023,21250,CE,18.01,29885
19-05-2023,25-05-2023,21250,PE,10.19,294438
19-05-2023,25-05-2023,21300,CE,287.6,233070
19-05-2023,25-05-2023,21300,PE,207.44,124704
19-05-2023,25-05-2023,21350,CE,185.32,247017
19-05-2023,25-05-2023,21350,PE,10.39,354763
19-05-2023,25-05-2023,21400,CE,161.6,485718
19-05-2023,25-05-2023,21400,PE,304.73,370994
22-05-2023,25-05-2023,18000,CE,353.53,346664
22-05-2023,25-05-2023,18000,PE,211.42,388361
22-05-2023,25-05-2023,18050,CE,330.66,302579
22-05-2023,25-05-2023,18050,PE,365.06,48517
22-05-2023,25-05-2023,18100,CE,383.78,161681
22-05-2023,25-05-2023,18100,PE,102.78,151898
22-05-2023,25-05-2023,18150,CE,397.7,491881
22-05-2023,25-05-2023,18150,PE,73.02,169682
22-05-2023,25-05-2023,18200,CE,293.23,50698
22-05-2023,25-05-2023,18200,PE,296.81,41725
23-05-2023,25-05-2023,19600,CE,235.55,111182
23-05-2023,25-05-2023,19600,PE,232.58,454019
23-05-2023,25-05-2023,19650,CE,75.97,394308
23-05-2023,25-05-2023,19650,PE,291.75,453088
23-05-2023,25-05-2023,19700,CE,262.31,45135
23-05-2023,25-05-2023,19700,PE,28.37,156604
23-05-2023,25-05-2023,19750,CE,206.36,52186
23-05-2023,25-05-2023,19750,PE,218.59,274304
23-05-2023,25-05-2023,19800,CE,225.69,48391
23-05-2023,25-05-2023,19800,PE,160.05,457988
24-05-2023,25-05-2023,20000,CE,209.45,303279
24-05-2023,25-05-2023,20000,PE,51.26,384906
24-05-2023,25-05-2023,20050,CE,20.89,364399
24-05-2023,25-05-2023,20050,PE,132.26,21501
24-05-2023,25-05-2023,20100,CE,268.65,348606
24-05-2023,25-05-2023,20100,PE,196.94,348906
24-05-2023,25-05-2023,20150,CE,124.18,169303
24-05-2023,25-05-2023,20150,PE,111.48,52888
24-05-2023,25-05-2023,20200,CE,382.15,270959
24-05-2023,25-05-2023,20200,PE,70.68,437598
25-05-2023,25-05-2023,17100,CE,137.22,380361
25-05-2023,25-05-2023,17100,PE,102.88,189988
25-05-2023,25-05-2023,17150,CE,311.38,26610
25-05-2023,25-05-2023,17150,PE,129.13,243011
25-05-2023,25-05-2023,17200,CE,306.28,421847
25-05-2023,25-05-2023,17200,PE,168.42,287312
25-05-2023,25-05-2023,17250,CE,114.91,191970
25-05-2023,25-05-2023,17250,PE,130.58,97634
25-05-2023,25-05-2023,17300,CE,85.3,284641
25-05-2023,25-05-2023,17300,PE,175.65,475202
26-05-2023,01-06-2023,20100,CE,237.13,100712
26-05-2023,01-06-2023,20100,PE,205.38,163342
26-05-2023,01-06-2023,20150,CE,243.19,23650
26-05-2023,01-06-2023,20150,PE,212.43,403368
26-05-2023,01-06-2023,20200,CE,34.15,346565
26-05-2023,01-06-2023,20200,PE,123.3,299060
26-05-2023,01-06-2023,20250,CE,91.68,105126
26-05-2023,01-06-2023,20250,PE,281.94,66404
26-05-2023,01-06-2023,20300,CE,204.51,343823
26-05-2023,01-06-2023,20300,PE,120.84,58555
29-05-2023,01-06-2023,19150,CE,59.85,16552
29-05-2023,01-06-2023,19150,PE,111.22,192438
29-05-2023,01-06-2023,19200,CE,230.45,257621
29-05-2023,01-06-2023,19200,PE,369.83,162247
29-05-2023,01-06-2023,19250,CE,319.59,76188
29-05-2023,01-06-2023,19250,PE,62.04,425228
29-05-2023,01-06-2023,19300,CE,360.56,435275
29-05-2023,01-06-2023,19300,PE,168.26,397562
29-05-2023,01-06-2023,19350,CE,123.12,400006
29-05-2023,01-06-2023,19350,PE,285.86,390729
30-05-2023,01-06-2023,19300,CE,71.79,247056
30-05-2023,01-06-2023,19300,PE,371.32,79960
30-05-2023,01-06-2023,19350,CE,389.88,332832
30-05-2023,01-06-2023,19350,PE,357.55,234430
30-05-2023,01-06-2023,19400,CE,297.34,495391
30-05-2023,01-06-2023,19400,PE,208.89,411452
30-05-2023,01-06-2023,19450,CE,218.1,41337
30-05-2023,01-06-2023,19450,PE,115.86,463438
30-05-2023,01-06-2023,19500,CE,335.16,147958
30-05-2023,01-06-2023,19500,PE,169.54,239222
31-05-2023,01-06-2023,18900,CE,375.09,209853
31-05-2023,01-06-2023,18900,PE,350.93,138036
31-05-2023,01-06-2023,18950,CE,171.75,163796
31-05-2023,01-06-2023,18950,PE,204.45,287801
31-05-2023,01-06-2023,19000,CE,394.47,297645
31-05-2023,01-06-2023,19000,PE,223.38,381713
31-05-2023,01-06-2023,19050,CE,133.7,408836
31-05-2023,01-06-2023,19050,PE,43.71,288577
31-05-2023,01-06-2023,19100,CE,255.78,474976
31-05-2023,01-06-2023,19100,PE,215.87,312910
01-06-2023,01-06-2023,19200,CE,94.21,217140
01-06-2023,01-06-2023,19200,PE,304.91,175888
01-06-2023,01-06-2023,19250,CE,21.9,91855
01-06-2023,01-06-2023,19250,PE,355,271077
01-06-2023,01-06-2023,19300,CE,395.27,292413
01-06-2023,01-06-2023,19300,PE,282.55,268451
01-06-2023,01-06-2023,19350,CE,168.26,209317
01-06-2023,01-06-2023,19350,PE,359.61,309299
01-06-2023,01-06-2023,19400,CE,353.43,446228
01-06-2023,01-06-2023,19400,PE,165.96,336649
02-06-2023,08-06-2023,20500,CE,202.82,327010
02-06-2023,08-06-2023,20500,PE,143.07,80056
02-06-2023,08-06-2023,20550,CE,260.69,255353
02-06-2023,08-06-2023,20550,PE,226.39,339616
02-06-2023,08-06-2023,20600,CE,101.97,281002
02-06-2023,08-06-2023,20600,PE,231.26,128749
02-06-2023,08-06-2023,20650,CE,288.66,231473
02-06-2023,08-06-2023,20650,PE,194.56,45358
02-06-2023,08-06-2023,20700,CE,13.83,37088
02-06-2023,08-06-2023,20700,PE,75.19,430606
05-06-2023,08-06-2023,16100,CE,38.46,416007
05-06-2023,08-06-2023,16100,PE,298.49,338721
05-06-2023,08-06-2023,16150,CE,263.55,475915
05-06-2023,08-06-2023,16150,PE,81.67,165736
05-06-2023,08-06-2023,16200,CE,126.18,210373
05-06-2023,08-06-2023,16200,PE,302.61,479684
05-06-2023,08-06-2023,16250,CE,303.82,26939
05-06-2023,08-06-2023,16250,PE,174.51,353713
05-06-2023,08-06-2023,16300,CE,310.19,175795
05-06-2023,08-06-2023,16300,PE,55.92,237724
06-06-2023,08-06-2023,17400,CE,14.83,120757
06-06-2023,08-06-2023,17400,PE,66.54,451135
06-06-2023,08-06-2023,17450,CE,135.65,139915
06-06-2023,08-06-2023,17450,PE,157.47,89189
06-06-2023,08-06-2023,17500,CE,132.05,252320
06-06-2023,08-06-2023,17500,PE,241.54,20570
06-06-2023,08-06-2023,17550,CE,264.43,98657
06-06-2023,08-06-2023,17550,PE,52.85,295428
06-06-2023,08-06-2023,17600,CE,370.28,314488
06-06-2023,08-06-2023,17600,PE,42.9,141582
07-06-2023,08-06-2023,19500,CE,347.09,432852
07-06-2023,08-06-2023,19500,PE,338.85,434557
07-06-2023,08-06-2023,19550,CE,288.53,353724
07-06-2023,08-06-2023,19550,PE,233.62,239710
07-06-2023,08-06-2023,19600,CE,180.02,247493
07-06-2023,08-06-2023,19600,PE,368.71,415225
07-06-2023,08-06-2023,19650,CE,310.3,358056
07-06-2023,08-06-2023,19650,PE,314.17,364849
07-06-2023,08-06-2023,19700,CE,373.04,93922
07-06-2023,08-06-2023,19700,PE,10.51,344138
08-06-2023,08-06-2023,19800,CE,83.28,89787
08-06-2023,08-06-2023,19800,PE,348.79,205602
08-06-2023,08-06-2023,19850,CE,267.96,168104
08-06-2023,08-06-2023,19850,PE,277.91,335497
08-06-2023,08-06-2023,19900,CE,136.25,436784
08-06-2023,08-06-2023,19900,PE,153.76,287403
08-06-2023,08-06-2023,19950,CE,286.92,346137
08-06-2023,08-06-2023,19950,PE,371.6,252695
08-06-2023,08-06-2023,20000,CE,358.84,378090
08-06-2023,08-06-2023,20000,PE,285.93,217375
09-06-2023,15-06-2023,20450,CE,350.88,253191
09-06-2023,15-06-2023,20450,PE,39.13,428129
09-06-2023,15-06-2023,20500,CE,40.79,130029
09-06-2023,15-06-2023,20500,PE,326.06,115516
09-06-2023,15-06-2023,20550,CE,270.67,17383
09-06-2023,15-06-2023,20550,PE,384.02,437262
09-06-2023,15-06-2023,20600,CE,395.59,214572
09-06-2023,15-06-2023,20600,PE,10.73,197133
09-06-2023,15-06-2023,20650,CE,266.54,212317
09-06-2023,15-06-2023,20650,PE,328,119847
12-06-2023,15-06-2023,20250,CE,60.96,487341
12-06-2023,15-06-2023,20250,PE,26.12,62612
12-06-2023,15-06-2023,20300,CE,324.45,31654
12-06-2023,15-06-2023,20300,PE,29.27,172301
12-06-2023,15-06-2023,20350,CE,330.86,174927
12-06-2023,15-06-2023,20350,PE,295.1,492843
12-06-2023,15-06-2023,20400,CE,165.08,201062
12-06-2023,15-06-2023,20400,PE,324.03,354984
12-06-2023,15-06-2023,20450,CE,319.22,273325
12-06-2023,15-06-2023,20450,PE,320.43,135672
13-06-2023,15-06-2023,20550,CE,124.03,483757
13-06-2023,15-06-2023,20550,PE,269.93,178696
13-06-2023,15-06-2023,20600,CE,30.4,276888
13-06-2023,15-06-2023,20600,PE,106.55,239888
13-06-2023,15-06-2023,20650,CE,17.5,453064
13-06-2023,15-06-2023,20650,PE,12.01,164371
13-06-2023,15-06-2023,20700,CE,347.32,278567
13-06-2023,15-06-2023,20700,PE,242.24,154473
13-06-2023,15-06-2023,20750,CE,204.88,392918
13-06-2023,15-06-2023,20750,PE,278.23,482160
14-06-2023,15-06-2023,17400,CE,17.41,155577
14-06-2023,15-06-2023,17400,PE,130.12,252448
14-06-2023,15-06-2023,17450,CE,327.39,416451
14-06-2023,15-06-2023,17450,PE,103.06,212462
14-06-2023,15-06-2023,17500,CE,311.48,254906
14-06-2023,15-06-2023,17500,PE,393.74,342143
14-06-2023,15-06-2023,17550,CE,285.24,392887
14-06-2023,15-06-2023,17550,PE,318.81,345455
14-06-2023,15-06-2023,17600,CE,349.3,315401
14-06-2023,15-06-2023,17600,PE,391.01,70671
15-06-2023,15-06-2023,20550,CE,37.62,132300
15-06-2023,15-06-2023,20550,PE,40.57,16795
15-06-2023,15-06-2023,20600,CE,202.39,481192
15-06-2023,15-06-2023,20600,PE,201.58,354178
15-06-2023,15-06-2023,20650,CE,321.05,31086
15-06-2023,15-06-2023,20650,PE,19.2,74229
15-06-2023,15-06-2023,20700,CE,206.78,240847
15-06-2023,15-06-2023,20700,PE,324.56,149180
15-06-2023,15-06-2023,20750,CE,151.02,138231
15-06-2023,15-06-2023,20750,PE,115.79,222071
16-06-2023,22-06-2023,14350,CE,276.92,289704
16-06-2023,22-06-2023,14350,PE,34.44,112275
16-06-2023,22-06-2023,14400,CE,97.26,20417
16-06-2023,22-06-2023,14400,PE,160.4,116613
16-06-2023,22-06-2023,14450,CE,290.34,88323
16-06-2023,22-06-2023,14450,PE,215.83,88401
16-06-2023,22-06-2023,14500,CE,15.91,51809
16-06-2023,22-06-2023,14500,PE,71.72,490891
16-06-2023,22-06-2023,14550,CE,359.25,45940
16-06-2023,22-06-2023,14550,PE,296.29,446315
19-06-2023,22-06-2023,19300,CE,290.69,270009
19-06-2023,22-06-2023,19300,PE,205.26,487925
19-06-2023,22-06-2023,19350,CE,121.94,175413
19-06-2023,22-06-2023,19350,PE,263.78,140007
19-06-2023,22-06-2023,19400,CE,132.79,74267
19-06-2023,22-06-2023,19400,PE,17.08,363782
19-06-2023,22-06-2023,19450,CE,279.66,331508
19-06-2023,22-06-2023,19450,PE,15.45,130841
19-06-2023,22-06-2023,19500,CE,25.49,183965
19-06-2023,22-06-2023,19500,PE,236.04,458119
20-06-2023,22-06-2023,16250,CE,235.19,142527
20-06-2023,22-06-2023,16250,PE,187.33,121146
20-06-2023,22-06-2023,16300,CE,287.22,202134
20-06-2023,22-06-2023,16300,PE,204.95,368011
20-06-2023,22-06-2023,16350,CE,27.69,267283
20-06-2023,22-06-2023,16350,PE,372.09,208496
20-06-2023,22-06-2023,16400,CE,288.45,445014
20-06-2023,22-06-2023,16400,PE,191.84,104021
20-06-2023,22-06-2023,16450,CE,67.02,61687
20-06-2023,22-06-2023,16450,PE,45.24,295771
21-06-2023,22-06-2023,15300,CE,32.7,316923
21-06-2023,22-06-2023,15300,PE,17.5,340773
21-06-2023,22-06-2023,15350,CE,312.6,327924
21-06-2023,22-06-2023,15350,PE,186.33,281229
21-06-2023,22-06-2023,15400,CE,367.11,344613
21-06-2023,22-06-2023,15400,PE,395.02,402470
21-06-2023,22-06-2023,15450,CE,385.33,387156
21-06-2023,22-06-2023,15450,PE,393.69,35306
21-06-2023,22-06-2023,15500,CE,110.81,40317
21-06-2023,22-06-2023,15500,PE,123.01,22108
22-06-2023,22-06-2023,17400,CE,85.16,85780
22-06-2023,22-06-2023,17400,PE,33.63,295114
22-06-2023,22-06-2023,17450,CE,274.12,78951
22-06-2023,22-06-2023,17450,PE,189.61,184938
22-06-2023,22-06-2023,17500,CE,101.15,156090
22-06-2023,22-06-2023,17500,PE,338.96,493779
22-06-2023,22-06-2023,17550,CE,18.98,268066
22-06-2023,22-06-2023,17550,PE,213.13,150503
22-06-2023,22-06-2023,17600,CE,69.34,370497
22-06-2023,22-06-2023,17600,PE,107.06,234401
23-06-2023,29-06-2023,18150,CE,291.67,444564
23-06-2023,29-06-2023,18150,PE,260.83,393307
23-06-2023,29-06-2023,18200,CE,20.2,215241
23-06-2023,29-06-2023,18200,PE,336.09,254365
23-06-2023,29-06-2023,18250,CE,244.63,493117
23-06-2023,29-06-2023,18250,PE,150.68,499072
23-06-2023,29-06-2023,18300,CE,90.74,262997
23-06-2023,29-06-2023,18300,PE,231.65,380196
23-06-2023,29-06-2023,18350,CE,127.07,293810
23-06-2023,29-06-2023,18350,PE,335.53,473294
26-06-2023,29-06-2023,19900,CE,39.21,72657
26-06-2023,29-06-2023,19900,PE,123.3,363080
26-06-2023,29-06-2023,19950,CE,191.89,351373
26-06-2023,29-06-2023,19950,PE,212.56,204710
26-06-2023,29-06-2023,20000,CE,298.52,382258
26-06-2023,29-06-2023,20000,PE,394.75,117727
26-06-2023,29-06-2023,20050,CE,52.14,277726
26-06-2023,29-06-2023,20050,PE,258.84,383179
26-06-2023,29-06-2023,20100,CE,18.5,469392
26-06-2023,29-06-2023,20100,PE,223.76,51183
27-06-2023,29-06-2023,20050,CE,358.13,198994
27-06-2023,29-06-2023,20050,PE,293.77,416581
27-06-2023,29-06-2023,20100,CE,293.98,287362
27-06-2023,29-06-2023,20100,PE,376.78,250060
27-06-2023,29-06-2023,20150,CE,151.52,438556
27-06-2023,29-06-2023,20150,PE,209.93,119242
27-06-2023,29-06-2023,20200,CE,126.3,87320
27-06-2023,29-06-2023,20200,PE,176.02,298334
27-06-2023,29-06-2023,20250,CE,97.12,374990
27-06-2023,29-06-2023,20250,PE,225.66,232887
28-06-2023,29-06-2023,17500,CE,279.07,281847
28-06-2023,29-06-2023,17500,PE,129.48,134261
28-06-2023,29-06-2023,17550,CE,149.08,247099
28-06-2023,29-06-2023,17550,PE,265.14,294209
28-06-2023,29-06-2023,17600,CE,276.81,196678
28-06-2023,29-06-2023,17600,PE,333.69,196059
28-06-2023,29-06-2023,17650,CE,218.52,166553
28-06-2023,29-06-2023,17650,PE,30.95,486310
28-06-2023,29-06-2023,17700,CE,196.74,350215
28-06-2023,29-06-2023,17700,PE,154.22,324110
29-06-2023,29-06-2023,19400,CE,385.31,349171
29-06-2023,29-06-2023,19400,PE,13.9,230148
29-06-2023,29-06-2023,19450,CE,287.36,251066
29-06-2023,29-06-2023,19450,PE,373.95,105865
29-06-2023,29-06-2023,19500,CE,144.12,21686
29-06-2023,29-06-2023,19500,PE,240.39,229961
29-06-2023,29-06-2023,19550,CE,292.55,433148
29-06-2023,29-06-2023,19550,PE,178.2,333760
29-06-2023,29-06-2023,19600,CE,258.32,384876
29-06-2023,29-06-2023,19600,PE,390.65,111246
30-06-2023,06-07-2023,17500,CE,62.94,252684
30-06-2023,06-07-2023,17500,PE,383.48,101939
30-06-2023,06-07-2023,17550,CE,298.44,400136
30-06-2023,06-07-2023,17550,PE,80.75,362188
30-06-2023,06-07-2023,17600,CE,349.47,23918
30-06-2023,06-07-2023,17600,PE,153.64,23851
30-06-2023,06-07-2023,17650,CE,183.69,427635
30-06-2023,06-07-2023,17650,PE,291.38,166296
30-06-2023,06-07-2023,17700,CE,261.37,178572
30-06-2023,06-07-2023,17700,PE,89.5,170937
03-07-2023,06-07-2023,19450,CE,148.89,411939
03-07-2023,06-07-2023,19450,PE,37.88,224632
03-07-2023,06-07-2023,19500,CE,159.74,140256
03-07-2023,06-07-2023,19500,PE,102.64,496284
03-07-2023,06-07-2023,19550,CE,107.54,204101
03-07-2023,06-07-2023,19550,PE,109.23,104181
03-07-2023,06-07-2023,19600,CE,148.19,482776
03-07-2023,06-07-2023,19600,PE,213.61,191640
03-07-2023,06-07-2023,19650,CE,194.67,423847
03-07-2023,06-07-2023,19650,PE,190.25,56071
04-07-2023,06-07-2023,21150,CE,131.88,31749
04-07-2023,06-07-2023,21150,PE,198.29,476485
04-07-2023,06-07-2023,21200,CE,176.52,199538
04-07-2023,06-07-2023,21200,PE,199.41,425058
04-07-2023,06-07-2023,21250,CE,248.17,301962
04-07-2023,06-07-2023,21250,PE,194.26,434202
04-07-2023,06-07-2023,21300,CE,18.39,440121
04-07-2023,06-07-2023,21300,PE,235.95,52665
04-07-2023,06-07-2023,21350,CE,94.89,337515
04-07-2023,06-07-2023,21350,PE,339.81,336062
05-07-2023,06-07-2023,20050,CE,290.19,366989
05-07-2023,06-07-2023,20050,PE,167.96,361302
05-07-2023,06-07-2023,20100,CE,373.66,213311
05-07-2023,06-07-2023,20100,PE,196.17,98562
05-07-2023,06-07-2023,20150,CE,295.49,462655
05-07-2023,06-07-2023,20150,PE,148.23,113653
05-07-2023,06-07-2023,20200,CE,64.75,444894
05-07-2023,06-07-2023,20200,PE,345.6,457960
05-07-2023,06-07-2023,20250,CE,195.37,499328
05-07-2023,06-07-2023,20250,PE,193,119935
06-07-2023,06-07-2023,16550,CE,277.38,70087
06-07-2023,06-07-2023,16550,PE,22.19,414744
06-07-2023,06-07-2023,16600,CE,13.4,24103
06-07-2023,06-07-2023,16600,PE,69.42,321953
06-07-2023,06-07-2023,16650,CE,270.99,129115
06-07-2023,06-07-2023,16650,PE,100.41,68385
06-07-2023,06-07-2023,16700,CE,370.28,166210
06-07-2023,06-07-2023,16700,PE,101.92,191326
06-07-2023,06-07-2023,16750,CE,20.74,244366
06-07-2023,06-07-2023,16750,PE,169.16,391075
07-07-2023,13-07-2023,18150,CE,67.41,225629
07-07-2023,13-07-2023,18150,PE,40.78,139787
07-07-2023,13-07-2023,18200,CE,21.39,166872
07-07-2023,13-07-2023,18200,PE,278.67,420982
07-07-2023,13-07-2023,18250,CE,50.69,497031
07-07-2023,13-07-2023,18250,PE,246.39,476183
07-07-2023,13-07-2023,18300,CE,397.91,489839
07-07-2023,13-07-2023,18300,PE,18.19,184349
07-07-2023,13-07-2023,18350,CE,97.19,186826
07-07-2023,13-07-2023,18350,PE,20.89,173694
10-07-2023,13-07-2023,19350,CE,301.22,260697
10-07-2023,13-07-2023,19350,PE,364.42,175841
10-07-2023,13-07-2023,19400,CE,248.46,124416
10-07-2023,13-07-2023,19400,PE,326.68,270886
10-07-2023,13-07-2023,19450,CE,23.1,340672
10-07-2023,13-07-2023,19450,PE,53.76,367681
10-07-2023,13-07-2023,19500,CE,174.8,237319
10-07-2023,13-07-2023,19500,PE,171.95,483258
10-07-2023,13-07-2023,19550,CE,283.29,301853
10-07-2023,13-07-2023,19550,PE,397.19,20837
11-07-2023,13-07-2023,17450,CE,52.87,215580
11-07-2023,13-07-2023,17450,PE,56.68,175227
11-07-2023,13-07-2023,17500,CE,194.85,171538
11-07-2023,13-07-2023,17500,PE,278.03,59548
11-07-2023,13-07-2023,17550,CE,131.16,54068
11-07-2023,13-07-2023,17550,PE,280.32,442804
11-07-2023,13-07-2023,17600,CE,44.14,76478
11-07-2023,13-07-2023,17600,PE,189.07,414968
11-07-2023,13-07-2023,17650,CE,85.29,324091
11-07-2023,13-07-2023,17650,PE,361.21,295060
12-07-2023,13-07-2023,18650,CE,294.12,168175
12-07-2023,13-07-2023,18650,PE,321.56,262661
12-07-2023,13-07-2023,18700,CE,68.6,92893
12-07-2023,13-07-2023,18700,PE,25.92,345457
12-07-2023,13-07-2023,18750,CE,276.71,241251
12-07-2023,13-07-2023,18750,PE,113.46,23864
12-07-2023,13-07-2023,18800,CE,227.75,321837
12-07-2023,13-07-2023,18800,PE,46.45,394122
12-07-2023,13-07-2023,18850,CE,360.92,462874
12-07-2023,13-07-2023,18850,PE,295.89,217258
13-07-2023,13-07-2023,19300,CE,107.51,109621
13-07-2023,13-07-2023,19300,PE,24.16,83798
13-07-2023,13-07-2023,19350,CE,327.94,321464
13-07-2023,13-07-2023,19350,PE,357.38,468998
13-07-2023,13-07-2023,19400,CE,342.83,112072
13-07-2023,13-07-2023,19400,PE,191.45,408653
13-07-2023,13-07-2023,19450,CE,117.95,382014
13-07-2023,13-07-2023,19450,PE,24.56,190571
13-07-2023,13-07-2023,19500,CE,275.25,166529
13-07-2023,13-07-2023,19500,PE,42.26,76483
14-07-2023,20-07-2023,16300,CE,130.93,236925
14-07-2023,20-07-2023,16300,PE,96.74,223467
14-07-2023,20-07-2023,16350,CE,114.48,172385
14-07-2023,20-07-2023,16350,PE,155.3,354813
14-07-2023,20-07-2023,16400,CE,14.57,99344
14-07-2023,20-07-2023,16400,PE,142.36,486051
14-07-2023,20-07-2023,16450,CE,93.24,420264
14-07-2023,20-07-2023,16450,PE,100.15,427193
14-07-2023,20-07-2023,16500,CE,210.19,287655
14-07-2023,20-07-2023,16500,PE,197.56,101421
17-07-2023,20-07-2023,16500,CE,240.66,160954
17-07-2023,20-07-2023,16500,PE,163.87,363907
17-07-2023,20-07-2023,16550,CE,362.64,100982
17-07-2023,20-07-2023,16550,PE,13.23,451836
17-07-2023,20-07-2023,16600,CE,311.26,355314
17-07-2023,20-07-2023,16600,PE,312.07,480998
17-07-2023,20-07-2023,16650,CE,118.24,212894
17-07-2023,20-07-2023,16650,PE,205.69,138508
17-07-2023,20-07-2023,16700,CE,138.79,447583
17-07-2023,20-07-2023,16700,PE,367.94,225614
18-07-2023,20-07-2023,15600,CE,383.3,377328
18-07-2023,20-07-2023,15600,PE,201.98,408979
18-07-2023,20-07-2023,15650,CE,136.66,95439
18-07-2023,20-07-2023,15650,PE,238.56,473212
18-07-2023,20-07-2023,15700,CE,130.45,167401
18-07-2023,20-07-2023,15700,PE,201.35,488073
18-07-2023,20-07-2023,15750,CE,163.04,209988
18-07-2023,20-07-2023,15750,PE,260.57,298430
18-07-2023,20-07-2023,15800,CE,309.28,352426
18-07-2023,20-07-2023,15800,PE,76.21,463695
19-07-2023,20-07-2023,19900,CE,157.87,18579
19-07-2023,20-07-2023,19900,PE,387.92,333629
19-07-2023,20-07-2023,19950,CE,13.43,114351
19-07-2023,20-07-2023,19950,PE,109.67,10818
19-07-2023,20-07-2023,20000,CE,206.87,70418
19-07-2023,20-07-2023,20000,PE,219.4,401873
19-07-2023,20-07-2023,20050,CE,372.38,51710
19-07-2023,20-07-2023,20050,PE,61.78,43794
19-07-2023,20-07-2023,20100,CE,335.12,445249
19-07-2023,20-07-2023,20100,PE,351.01,111449
20-07-2023,20-07-2023,20300,CE,31.02,337633
20-07-2023,20-07-2023,20300,PE,207.71,377566
20-07-2023,20-07-2023,20350,CE,341.65,25837
20-07-2023,20-07-2023,20350,PE,230.8,212909
20-07-2023,20-07-2023,20400,CE,158.06,169964
20-07-2023,20-07-2023,20400,PE,143.34,462387
20-07-2023,20-07-2023,20450,CE,383.01,303587
20-07-2023,20-07-2023,20450,PE,184.26,74119
20-07-2023,20-07-2023,20500,CE,262.04,281837
20-07-2023,20-07-2023,20500,PE,321.96,399287
21-07-2023,27-07-2023,18000,CE,271.46,498061
21-07-2023,27-07-2023,18000,PE,54.16,105356
21-07-2023,27-07-2023,18050,CE,334.47,149239
21-07-2023,27-07-2023,18050,PE,368.77,400290
21-07-2023,27-07-2023,18100,CE,225.59,224818
21-07-2023,27-07-2023,18100,PE,50.67,161738
21-07-2023,27-07-2023,18150,CE,161.04,82175
21-07-2023,27-07-2023,18150,PE,284.48,295365
21-07-2023,27-07-2023,18200,CE,367.23,68293
21-07-2023,27-07-2023,18200,PE,327.6,286163
24-07-2023,27-07-2023,20350,CE,105.56,119905
24-07-2023,27-07-2023,20350,PE,74.02,370409
24-07-2023,27-07-2023,20400,CE,302.52,16134
24-07-2023,27-07-2023,20400,PE,311.46,397026
24-07-2023,27-07-2023,20450,CE,280.83,184256
24-07-2023,27-07-2023,20450,PE,82.08,158879
24-07-2023,27-07-2023,20500,CE,166.95,417821
24-07-2023,27-07-2023,20500,PE,294.51,138263
24-07-2023,27-07-2023,20550,CE,168.51,12686
24-07-2023,27-07-2023,20550,PE,112.75,111331
25-07-2023,27-07-2023,15550,CE,40.52,161895
25-07-2023,27-07-2023,15550,PE,281.63,122527
25-07-2023,27-07-2023,15600,CE,83.44,266068
25-07-2023,27-07-2023,15600,PE,251.03,356964
25-07-2023,27-07-2023,15650,CE,239.36,30581
25-07-2023,27-07-2023,15650,PE,361.92,443915
25-07-2023,27-07-2023,15700,CE,335.19,486999
25-07-2023,27-07-2023,15700,PE,217.53,433834
25-07-2023,27-07-2023,15750,CE,362.26,74849
25-07-2023,27-07-2023,15750,PE,301.54,242446
26-07-2023,27-07-2023,19150,CE,362.35,389422
26-07-2023,27-07-2023,19150,PE,306.4,210258
26-07-2023,27-07-2023,19200,CE,213.51,336202
26-07-2023,27-07-2023,19200,PE,41.08,398979
26-07-2023,27-07-2023,19250,CE,173.85,498969
26-07-2023,27-07-2023,19250,PE,389.25,51247
26-07-2023,27-07-2023,19300,CE,298.02,284414
26-07-2023,27-07-2023,19300,PE,75.35,470903
26-07-2023,27-07-2023,19350,CE,212.96,267289
26-07-2023,27-07-2023,19350,PE,378.13,291186
27-07-2023,27-07-2023,20350,CE,101.61,382942
27-07-2023,27-07-2023,20350,PE,48.94,154618
27-07-2023,27-07-2023,20400,CE,234.17,16833
27-07-2023,27-07-2023,20400,PE,256.43,89272
27-07-2023,27-07-2023,20450,CE,322.26,59521
27-07-2023,27-07-2023,20450,PE,186.34,318444
27-07-2023,27-07-2023,20500,CE,155.78,18870
27-07-2023,27-07-2023,20500,PE,19.86,357647
27-07-2023,27-07-2023,20550,CE,138.48,329815
27-07-2023,27-07-2023,20550,PE,339.2,410845
28-07-2023,03-08-2023,15950,CE,343.63,375729
28-07-2023,03-08-2023,15950,PE,143.73,165774
28-07-2023,03-08-2023,16000,CE,233.62,249414
28-07-2023,03-08-2023,16000,PE,81,59791
28-07-2023,03-08-2023,16050,CE,199.44,234316
28-07-2023,03-08-2023,16050,PE,326.97,403849
28-07-2023,03-08-2023,16100,CE,183.15,440349
28-07-2023,03-08-2023,16100,PE,219.26,236036
28-07-2023,03-08-2023,16150,CE,151.97,64364
28-07-2023,03-08-2023,16150,PE,184.68,275104
31-07-2023,03-08-2023,17500,CE,296.94,215393
31-07-2023,03-08-2023,17500,PE,242.9,182939
31-07-2023,03-08-2023,17550,CE,137.88,166903
31-07-2023,03-08-2023,17550,PE,80.26,241727
31-07-2023,03-08-2023,17600,CE,25.71,474010
31-07-2023,03-08-2023,17600,PE,144.63,108202
31-07-2023,03-08-2023,17650,CE,127.52,454332
31-07-2023,03-08-2023,17650,PE,21.07,394346
31-07-2023,03-08-2023,17700,CE,67.82,271867
31-07-2023,03-08-2023,17700,PE,121.02,389747
01-08-2023,03-08-2023,20650,CE,373.86,325306
01-08-2023,03-08-2023,20650,PE,135.35,171668
01-08-2023,03-08-2023,20700,CE,230.7,71387
01-08-2023,03-08-2023,20700,PE,251.64,187894
01-08-2023,03-08-2023,20750,CE,351.36,441928
01-08-2023,03-08-2023,20750,PE,158.86,37296
01-08-2023,03-08-2023,20800,CE,69.75,87373
01-08-2023,03-08-2023,20800,PE,192.06,103373
01-08-2023,03-08-2023,20850,CE,50.84,311639
01-08-2023,03-08-2023,20850,PE,134.82,244558
02-08-2023,03-08-2023,16450,CE,151.02,433093
02-08-2023,03-08-2023,16450,PE,121,25926
02-08-2023,03-08-2023,16500,CE,264.5,438504
02-08-2023,03-08-2023,16500,PE,166.81,290541
02-08-2023,03-08-2023,16550,CE,365.14,395391
02-08-2023,03-08-2023,16550,PE,17.49,401772
02-08-2023,03-08-2023,16600,CE,171.29,30223
02-08-2023,03-08-2023,16600,PE,239.27,39259
02-08-2023,03-08-2023,16650,CE,398.36,143335
02-08-2023,03-08-2023,16650,PE,327.45,309123
03-08-2023,03-08-2023,16950,CE,193.82,486222
03-08-2023,03-08-2023,16950,PE,287.37,254615
03-08-2023,03-08-2023,17000,CE,119.83,295753
03-08-2023,03-08-2023,17000,PE,398.77,164315
03-08-2023,03-08-2023,17050,CE,196.18,22811
03-08-2023,03-08-2023,17050,PE,22.52,35306
03-08-2023,03-08-2023,17100,CE,74.5,228800
03-08-2023,03-08-2023,17100,PE,75.23,126163
03-08-2023,03-08-2023,17150,CE,256.08,224741
03-08-2023,03-08-2023,17150,PE,43.11,485219
04-08-2023,10-08-2023,19300,CE,259.92,366919
04-08-2023,10-08-2023,19300,PE,100.9,477473
04-08-2023,10-08-2023,19350,CE,212.3,20140
04-08-2023,10-08-2023,19350,PE,193.82,293119
04-08-2023,10-08-2023,19400,CE,350.27,186140
04-08-2023,10-08-2023,19400,PE,249.01,216236
04-08-2023,10-08-2023,19450,CE,172.87,80526
04-08-2023,10-08-2023,19450,PE,108.45,213324
04-08-2023,10-08-2023,19500,CE,214.76,245868
04-08-2023,10-08-2023,19500,PE,250.7,38013
07-08-2023,10-08-2023,19200,CE,85.47,85182
07-08-2023,10-08-2023,19200,PE,163.07,356314
07-08-2023,10-08-2023,19250,CE,393.52,262900
07-08-2023,10-08-2023,19250,PE,293.61,163677
07-08-2023,10-08-2023,19300,CE,101.42,444820
07-08-2023,10-08-2023,19300,PE,201.21,203033
07-08-2023,10-08-2023,19350,CE,170.46,443578
07-08-2023,10-08-2023,19350,PE,177.92,199886
07-08-2023,10-08-2023,19400,CE,340.87,416284
07-08-2023,10-08-2023,19400,PE,270.55,336261
08-08-2023,10-08-2023,15700,CE,229.76,23339
08-08-2023,10-08-2023,15700,PE,62.69,319190
08-08-2023,10-08-2023,15750,CE,351.6,496251
08-08-2023,10-08-2023,15750,PE,290.47,279135
08-08-2023,10-08-2023,15800,CE,312.79,27054
08-08-2023,10-08-2023,15800,PE,299.53,10797
08-08-2023,10-08-2023,15850,CE,174.21,237212
08-08-2023,10-08-2023,15850,PE,206.85,123485
08-08-2023,10-08-2023,15900,CE,255.29,433612
08-08-2023,10-08-2023,15900,PE,23.6,231447
09-08-2023,10-08-2023,19450,CE,155.44,111471
09-08-2023,10-08-2023,19450,PE,261.47,274557
09-08-2023,10-08-2023,19500,CE,68.55,239660
09-08-2023,10-08-2023,19500,PE,55.23,238399
09-08-2023,10-08-2023,19550,CE,54.5,89819
09-08-2023,10-08-2023,19550,PE,313.74,475908
09-08-2023,10-08-2023,19600,CE,354.05,394423
09-08-2023,10-08-2023,19600,PE,332.18,396840
09-08-2023,10-08-2023,19650,CE,127.18,192162
09-08-2023,10-08-2023,19650,PE,74.18,359351
10-08-2023,10-08-2023,17700,CE,12.87,273997
10-08-2023,10-08-2023,17700,PE,121.49,412152
10-08-2023,10-08-2023,17750,CE,73.06,254742
10-08-2023,10-08-2023,17750,PE,150.15,356848
10-08-2023,10-08-2023,17800,CE,195.27,355800
10-08-2023,10-08-2023,17800,PE,130.31,449120
10-08-2023,10-08-2023,17850,CE,11.29,307410
10-08-2023,10-08-2023,17850,PE,250.59,289595
10-08-2023,10-08-2023,17900,CE,398.07,104272
10-08-2023,10-08-2023,17900,PE,16.34,148041
11-08-2023,17-08-2023,17850,CE,277.16,383443
11-08-2023,17-08-2023,17850,PE,255.54,111636
11-08-2023,17-08-2023,17900,CE,245.1,189285
11-08-2023,17-08-2023,17900,PE,382.66,62297
11-08-2023,17-08-2023,17950,CE,268.46,334148
11-08-2023,17-08-2023,17950,PE,380.87,335739
11-08-2023,17-08-2023,18000,CE,86.55,237862
11-08-2023,17-08-2023,18000,PE,359.36,117190
11-08-2023,17-08-2023,18050,CE,112.93,37013
11-08-2023,17-08-2023,18050,PE,373.45,282138
14-08-2023,17-08-2023,15400,CE,265.18,139778
14-08-2023,17-08-2023,15400,PE,15.72,374957
14-08-2023,17-08-2023,15450,CE,28.56,161010
14-08-2023,17-08-2023,15450,PE,47.37,490737
14-08-2023,17-08-2023,15500,CE,138,216053
14-08-2023,17-08-2023,15500,PE,213.89,393527
14-08-2023,17-08-2023,15550,CE,96.59,164312
14-08-2023,17-08-2023,15550,PE,297.85,218697
14-08-2023,17-08-2023,15600,CE,273.26,257724
14-08-2023,17-08-2023,15600,PE,25.06,392873
15-08-2023,17-08-2023,22550,CE,164.68,444575
15-08-2023,17-08-2023,22550,PE,219,159833
15-08-2023,17-08-2023,22600,CE,269.61,244252
15-08-2023,17-08-2023,22600,PE,357.08,488819
15-08-2023,17-08-2023,22650,CE,159.85,357413
15-08-2023,17-08-2023,22650,PE,187.89,35270
15-08-2023,17-08-2023,22700,CE,117.62,275980
15-08-2023,17-08-2023,22700,PE,308.56,78931
15-08-2023,17-08-2023,22750,CE,129.71,374981
15-08-2023,17-08-2023,22750,PE,250.75,485162
16-08-2023,17-08-2023,19600,CE,81.21,489352
16-08-2023,17-08-2023,19600,PE,21.95,293906
16-08-2023,17-08-2023,19650,CE,301.35,30234
16-08-2023,17-08-2023,19650,PE,58.73,340144
16-08-2023,17-08-2023,19700,CE,87.51,467898
16-08-2023,17-08-2023,19700,PE,223.01,240043
16-08-2023,17-08-2023,19750,CE,191.86,109584
16-08-2023,17-08-2023,19750,PE,387.1,108382
16-08-2023,17-08-2023,19800,CE,64.05,274138
16-08-2023,17-08-2023,19800,PE,167.37,52449
17-08-2023,17-08-2023,14300,CE,76.87,333673
17-08-2023,17-08-2023,14300,PE,374.05,263063
17-08-2023,17-08-2023,14350,CE,254.71,409309
17-08-2023,17-08-2023,14350,PE,119.07,159339
17-08-2023,17-08-2023,14400,CE,374.43,82577
17-08-2023,17-08-2023,14400,PE,250.82,406570
17-08-2023,17-08-2023,14450,CE,256.45,386948
17-08-2023,17-08-2023,14450,PE,362.38,209630
17-08-2023,17-08-2023,14500,CE,215.72,313107
17-08-2023,17-08-2023,14500,PE,34.89,436744
18-08-2023,24-08-2023,17850,CE,89.53,385331
18-08-2023,24-08-2023,17850,PE,193.85,48752
18-08-2023,24-08-2023,17900,CE,340.87,158676
18-08-2023,24-08-2023,17900,PE,294.02,407634
18-08-2023,24-08-2023,17950,CE,118.92,488244
18-08-2023,24-08-2023,17950,PE,267.02,463858
18-08-2023,24-08-2023,18000,CE,227.95,383583
18-08-2023,24-08-2023,18000,PE,330.22,327608
18-08-2023,24-08-2023,18050,CE,181.28,440486
18-08-2023,24-08-2023,18050,PE,69.63,438514
21-08-2023,24-08-2023,17750,CE,38.95,401530
21-08-2023,24-08-2023,17750,PE,331.36,212150
21-08-2023,24-08-2023,17800,CE,108.66,144122
21-08-2023,24-08-2023,17800,PE,366.13,14970
21-08-2023,24-08-2023,17850,CE,58.69,362795
21-08-2023,24-08-2023,17850,PE,365.36,401588
21-08-2023,24-08-2023,17900,CE,239.09,364290
21-08-2023,24-08-2023,17900,PE,326.66,28333
21-08-2023,24-08-2023,17950,CE,35.62,47929
21-08-2023,24-08-2023,17950,PE,282.59,80666
22-08-2023,24-08-2023,17850,CE,101.04,59795
22-08-2023,24-08-2023,17850,PE,72.65,455077
22-08-2023,24-08-2023,17900,CE,71.59,468290
22-08-2023,24-08-2023,17900,PE,278.43,121056
22-08-2023,24-08-2023,17950,CE,268.59,112211
22-08-2023,24-08-2023,17950,PE,288.55,115497
22-08-2023,24-08-2023,18000,CE,275.98,83275
22-08-2023,24-08-2023,18000,PE,359.91,488062
22-08-2023,24-08-2023,18050,CE,235.26,27986
22-08-2023,24-08-2023,18050,PE,150.1,305913
23-08-2023,24-08-2023,14800,CE,151.1,227987
23-08-2023,24-08-2023,14800,PE,50.81,376008
23-08-2023,24-08-2023,14850,CE,35.54,93575
23-08-2023,24-08-2023,14850,PE,109.06,401989
23-08-2023,24-08-2023,14900,CE,129.87,86567
23-08-2023,24-08-2023,14900,PE,298.01,290324
23-08-2023,24-08-2023,14950,CE,192.72,179072
23-08-2023,24-08-2023,14950,PE,264.25,472497
23-08-2023,24-08-2023,15000,CE,27.33,442666
23-08-2023,24-08-2023,15000,PE,373.26,433301
24-08-2023,24-08-2023,18300,CE,101.16,52663
24-08-2023,24-08-2023,18300,PE,303.16,406094
24-08-2023,24-08-2023,18350,CE,72.11,197574
24-08-2023,24-08-2023,18350,PE,377.5,233193
24-08-2023,24-08-2023,18400,CE,17.97,272091
24-08-2023,24-08-2023,18400,PE,334.64,480905
24-08-2023,24-08-2023,18450,CE,292.04,464802
24-08-2023,24-08-2023,18450,PE,329.84,270525
24-08-2023,24-08-2023,18500,CE,30.52,187980
24-08-2023,24-08-2023,18500,PE,149.15,392592
25-08-2023,31-08-2023,19850,CE,220.67,146699
25-08-2023,31-08-2023,19850,PE,308.76,396360
25-08-2023,31-08-2023,19900,CE,304.47,175925
25-08-2023,31-08-2023,19900,PE,147.73,456873
25-08-2023,31-08-2023,19950,CE,260.04,68028
25-08-2023,31-08-2023,19950,PE,44.48,64692
25-08-2023,31-08-2023,20000,CE,36.59,211580
25-08-2023,31-08-2023,20000,PE,96.18,178739
25-08-2023,31-08-2023,20050,CE,174.48,474517
25-08-2023,31-08-2023,20050,PE,367.68,303393
28-08-2023,31-08-2023,18750,CE,81.84,275587
28-08-2023,31-08-2023,18750,PE,240.61,106959
28-08-2023,31-08-2023,18800,CE,89.67,455690
28-08-2023,31-08-2023,18800,PE,91.55,31819
28-08-2023,31-08-2023,18850,CE,130.79,246209
28-08-2023,31-08-2023,18850,PE,206.1,179922
28-08-2023,31-08-2023,18900,CE,143.21,124158
28-08-2023,31-08-2023,18900,PE,364.21,47862
28-08-2023,31-08-2023,18950,CE,208.79,300591
28-08-2023,31-08-2023,18950,PE,262.97,46450
29-08-2023,31-08-2023,12450,CE,153.03,107105
29-08-2023,31-08-2023,12450,PE,302.48,134568
29-08-2023,31-08-2023,12500,CE,226.03,366443
29-08-2023,31-08-2023,12500,PE,62.84,497837
29-08-2023,31-08-2023,12550,CE,294.31,294904
29-08-2023,31-08-2023,12550,PE,286.42,312694
29-08-2023,31-08-2023,12600,CE,94.52,228073
29-08-2023,31-08-2023,12600,PE,125.25,258575
29-08-2023,31-08-2023,12650,CE,22.97,174268
29-08-2023,31-08-2023,12650,PE,170.76,60189
30-08-2023,31-08-2023,19950,CE,308.11,331595
30-08-2023,31-08-2023,19950,PE,357.23,95811
30-08-2023,31-08-2023,20000,CE,276,432129
30-08-2023,31-08-2023,20000,PE,148.67,493302
30-08-2023,31-08-2023,20050,CE,142.69,152782
30-08-2023,31-08-2023,20050,PE,176.97,235933
30-08-2023,31-08-2023,20100,CE,291.96,27929
30-08-2023,31-08-2023,20100,PE,229.66,102043
30-08-2023,31-08-2023,20150,CE,290.5,182447
30-08-2023,31-08-2023,20150,PE,41.13,404247
31-08-2023,31-08-2023,17400,CE,370.38,121817
31-08-2023,31-08-2023,17400,PE,357.43,39455
31-08-2023,31-08-2023,17450,CE,345.75,257115
31-08-2023,31-08-2023,17450,PE,64.7,336141
31-08-2023,31-08-2023,17500,CE,364.66,87212
31-08-2023,31-08-2023,17500,PE,254.3,381377
31-08-2023,31-08-2023,17550,CE,366.35,139885
31-08-2023,31-08-2023,17550,PE,222.67,19484
31-08-2023,31-08-2023,17600,CE,160.25,81696
31-08-2023,31-08-2023,17600,PE,194.56,74904
01-09-2023,07-09-2023,16600,CE,189.86,302555
01-09-2023,07-09-2023,16600,PE,39.36,433934
01-09-2023,07-09-2023,16650,CE,343.42,77758
01-09-2023,07-09-2023,16650,PE,42.5,345103
01-09-2023,07-09-2023,16700,CE,34.16,113932
01-09-2023,07-09-2023,16700,PE,298.07,88651
01-09-2023,07-09-2023,16750,CE,351.59,129891
01-09-2023,07-09-2023,16750,PE,384.81,30213
01-09-2023,07-09-2023,16800,CE,344.98,110734
01-09-2023,07-09-2023,16800,PE,136.42,60078
04-09-2023,07-09-2023,18500,CE,97.68,43386
04-09-2023,07-09-2023,18500,PE,394.13,54168
04-09-2023,07-09-2023,18550,CE,249.07,116384
04-09-2023,07-09-2023,18550,PE,361.82,364379
04-09-2023,07-09-2023,18600,CE,154.65,443038
04-09-2023,07-09-2023,18600,PE,289.78,407167
04-09-2023,07-09-2023,18650,CE,392,15361
04-09-2023,07-09-2023,18650,PE,249.26,399347
04-09-2023,07-09-2023,18700,CE,372.82,105220
04-09-2023,07-09-2023,18700,PE,316.96,69204
05-09-2023,07-09-2023,19400,CE,342.71,442271
05-09-2023,07-09-2023,19400,PE,10.87,48809
05-09-2023,07-09-2023,19450,CE,74.07,486850
05-09-2023,07-09-2023,19450,PE,349.99,125551
05-09-2023,07-09-2023,19500,CE,398.55,433507
05-09-2023,07-09-2023,19500,PE,218.27,320759
05-09-2023,07-09-2023,19550,CE,280.48,108590
05-09-2023,07-09-2023,19550,PE,326.81,479952
05-09-2023,07-09-2023,19600,CE,247.77,393744
05-09-2023,07-09-2023,19600,PE,154.18,123157
06-09-2023,07-09-2023,18450,CE,32.26,388790
06-09-2023,07-09-2023,18450,PE,342.33,44867
06-09-2023,07-09-2023,18500,CE,399.19,110665
06-09-2023,07-09-2023,18500,PE,394.61,16196
06-09-2023,07-09-2023,18550,CE,294.75,109237
06-09-2023,07-09-2023,18550,PE,168.37,24441
06-09-2023,07-09-2023,18600,CE,76.28,489848
06-09-2023,07-09-2023,18600,PE,271.58,139971
06-09-2023,07-09-2023,18650,CE,230.09,50043
06-09-2023,07-09-2023,18650,PE,126.18,392009
07-09-2023,07-09-2023,16300,CE,288.91,205233
07-09-2023,07-09-2023,16300,PE,170.23,159283
07-09-2023,07-09-2023,16350,CE,151.73,146768
07-09-2023,07-09-2023,16350,PE,183.02,469562
07-09-2023,07-09-2023,16400,CE,178.43,201450
07-09-2023,07-09-2023,16400,PE,62.69,213855
07-09-2023,07-09-2023,16450,CE,224.57,179485
07-09-2023,07-09-2023,16450,PE,261.69,114172
07-09-2023,07-09-2023,16500,CE,287.97,418921
07-09-2023,07-09-2023,16500,PE,349.64,483522
08-09-2023,14-09-2023,19150,CE,350.46,423421
08-09-2023,14-09-2023,19150,PE,289.41,365271
08-09-2023,14-09-2023,19200,CE,369.36,208430
08-09-2023,14-09-2023,19200,PE,170.62,88010
08-09-2023,14-09-2023,19250,CE,229.37,42425
08-09-2023,14-09-2023,19250,PE,107.17,11380
08-09-2023,14-09-2023,19300,CE,73.08,270289
08-09-2023,14-09-2023,19300,PE,325.01,78758
08-09-2023,14-09-2023,19350,CE,145.94,268120
08-09-2023,14-09-2023,19350,PE,325.09,357716
11-09-2023,14-09-2023,18850,CE,351.14,394844
11-09-2023,14-09-2023,18850,PE,370.42,227302
11-09-2023,14-09-2023,18900,CE,322.47,292882
11-09-2023,14-09-2023,18900,PE,324.77,139130
11-09-2023,14-09-2023,18950,CE,352.95,190356
11-09-2023,14-09-2023,18950,PE,102.78,388765
11-09-2023,14-09-2023,19000,CE,341.15,315459
11-09-2023,14-09-2023,19000,PE,355.11,170740
11-09-2023,14-09-2023,19050,CE,175.93,243487
11-09-2023,14-09-2023,19050,PE,350.28,238694
12-09-2023,14-09-2023,19100,CE,376.74,84455
12-09-2023,14-09-2023,19100,PE,360.72,426066
12-09-2023,14-09-2023,19150,CE,327.26,16042
12-09-2023,14-09-2023,19150,PE,182.13,150374
12-09-2023,14-09-2023,19200,CE,17.62,209075
12-09-2023,14-09-2023,19200,PE,20.55,419612
12-09-2023,14-09-2023,19250,CE,204.88,492061
12-09-2023,14-09-2023,19250,PE,23.17,276930
12-09-2023,14-09-2023,19300,CE,242.81,489669
12-09-2023,14-09-2023,19300,PE,24.64,81347
13-09-2023,14-09-2023,16550,CE,163.29,235154
13-09-2023,14-09-2023,16550,PE,241.42,153949
13-09-2023,14-09-2023,16600,CE,150.66,395004
13-09-2023,14-09-2023,16600,PE,222.64,338234
13-09-2023,14-09-2023,16650,CE,184.93,179584
13-09-2023,14-09-2023,16650,PE,249.21,137000
13-09-2023,14-09-2023,16700,CE,281.32,30768
13-09-2023,14-09-2023,16700,PE,124.84,68998
13-09-2023,14-09-2023,16750,CE,169.16,455391
13-09-2023,14-09-2023,16750,PE,147.17,134087
14-09-2023,14-09-2023,18450,CE,89.03,266835
14-09-2023,14-09-2023,18450,PE,45.36,110725
14-09-2023,14-09-2023,18500,CE,249.81,70163
14-09-2023,14-09-2023,18500,PE,190.06,229134
14-09-2023,14-09-2023,18550,CE,382.63,76969
14-09-2023,14-09-2023,18550,PE,349.41,201670
14-09-2023,14-09-2023,18600,CE,70.68,291070
14-09-2023,14-09-2023,18600,PE,281.28,443385
14-09-2023,14-09-2023,18650,CE,216.18,418953
14-09-2023,14-09-2023,18650,PE,270.95,92222
15-09-2023,21-09-2023,23500,CE,320,81011
15-09-2023,21-09-2023,23500,PE,110.4,221699
15-09-2023,21-09-2023,23550,CE,155.12,301678
15-09-2023,21-09-2023,23550,PE,54.9,59153
15-09-2023,21-09-2023,23600,CE,108.26,229039
15-09-2023,21-09-2023,23600,PE,14.46,363467
15-09-2023,21-09-2023,23650,CE,218.76,76653
15-09-2023,21-09-2023,23650,PE,175.73,50253
15-09-2023,21-09-2023,23700,CE,389.45,24817
15-09-2023,21-09-2023,23700,PE,365.15,498605
18-09-2023,21-09-2023,19100,CE,201.5,376258
18-09-2023,21-09-2023,19100,PE,155.87,386303
18-09-2023,21-09-2023,19150,CE,330.07,255870
18-09-2023,21-09-2023,19150,PE,119.92,176761
18-09-2023,21-09-2023,19200,CE,242.92,75594
18-09-2023,21-09-2023,19200,PE,236.79,146417
18-09-2023,21-09-2023,19250,CE,58.26,487653
18-09-2023,21-09-2023,19250,PE,398.95,64993
18-09-2023,21-09-2023,19300,CE,156.91,285369
18-09-2023,21-09-2023,19300,PE,329.78,379461
19-09-2023,21-09-2023,17050,CE,336.77,236698
19-09-2023,21-09-2023,17050,PE,373.02,192525
19-09-2023,21-09-2023,17100,CE,369.67,359498
19-09-2023,21-09-2023,17100,PE,320.46,115496
19-09-2023,21-09-2023,17150,CE,287.73,191219
19-09-2023,21-09-2023,17150,PE,309.54,497077
19-09-2023,21-09-2023,17200,CE,116.72,111936
19-09-2023,21-09-2023,17200,PE,110.33,379148
19-09-2023,21-09-2023,17250,CE,84.83,190672
19-09-2023,21-09-2023,17250,PE,194.05,434994
20-09-2023,21-09-2023,19500,CE,21.04,49900
20-09-2023,21-09-2023,19500,PE,115.69,200836
20-09-2023,21-09-2023,19550,CE,319.41,39162
20-09-2023,21-09-2023,19550,PE,146.99,283586
20-09-2023,21-09-2023,19600,CE,25.92,166949
20-09-2023,21-09-2023,19600,PE,138.57,66615
20-09-2023,21-09-2023,19650,CE,305.76,422835
20-09-2023,21-09-2023,19650,PE,254.84,316696
20-09-2023,21-09-2023,19700,CE,257.78,252580
20-09-2023,21-09-2023,19700,PE,280.66,200795
21-09-2023,21-09-2023,20300,CE,159.23,152497
21-09-2023,21-09-2023,20300,PE,32.93,427380
21-09-2023,21-09-2023,20350,CE,182.24,313611
21-09-2023,21-09-2023,20350,PE,236.78,363994
21-09-2023,21-09-2023,20400,CE,47.51,213491
21-09-2023,21-09-2023,20400,PE,208.72,27414
21-09-2023,21-09-2023,20450,CE,187.27,495100
21-09-2023,21-09-2023,20450,PE,325.78,332155
21-09-2023,21-09-2023,20500,CE,140.06,202042
21-09-2023,21-09-2023,20500,PE,131.55,245535
22-09-2023,28-09-2023,16800,CE,73.08,312451
22-09-2023,28-09-2023,16800,PE,388.78,417143
22-09-2023,28-09-2023,16850,CE,106.85,67537
22-09-2023,28-09-2023,16850,PE,155.35,24580
22-09-2023,28-09-2023,16900,CE,57.09,210762
22-09-2023,28-09-2023,16900,PE,18.44,448727
22-09-2023,28-09-2023,16950,CE,324.95,236481
22-09-2023,28-09-2023,16950,PE,125.93,466772
22-09-2023,28-09-2023,17000,CE,141.74,256785
22-09-2023,28-09-2023,17000,PE,121.81,23711
25-09-2023,28-09-2023,14900,CE,172.87,195672
25-09-2023,28-09-2023,14900,PE,85.84,340141
25-09-2023,28-09-2023,14950,CE,393.75,473709
25-09-2023,28-09-2023,14950,PE,373.12,46182
25-09-2023,28-09-2023,15000,CE,71.92,203686
25-09-2023,28-09-2023,15000,PE,280.92,374565
25-09-2023,28-09-2023,15050,CE,204.51,68317
25-09-2023,28-09-2023,15050,PE,80.8,290900
25-09-2023,28-09-2023,15100,CE,223.85,47360
25-09-2023,28-09-2023,15100,PE,97.22,147232
26-09-2023,28-09-2023,16550,CE,47.51,334439
26-09-2023,28-09-2023,16550,PE,231.14,255678
26-09-2023,28-09-2023,16600,CE,57.09,97446
26-09-2023,28-09-2023,16600,PE,229.08,212463
26-09-2023,28-09-2023,16650,CE,243.65,81276
26-09-2023,28-09-2023,16650,PE,55.83,98824
26-09-2023,28-09-2023,16700,CE,22.79,418357
26-09-2023,28-09-2023,16700,PE,35.13,121485
26-09-2023,28-09-2023,16750,CE,42.34,410562
26-09-2023,28-09-2023,16750,PE,126.5,255809
27-09-2023,28-09-2023,18650,CE,277.62,262260
27-09-2023,28-09-2023,18650,PE,194.46,74192
27-09-2023,28-09-2023,18700,CE,285.62,337196
27-09-2023,28-09-2023,18700,PE,286.14,329834
27-09-2023,28-09-2023,18750,CE,155.62,259019
27-09-2023,28-09-2023,18750,PE,68.82,336979
27-09-2023,28-09-2023,18800,CE,138.99,124631
27-09-2023,28-09-2023,18800,PE,132.11,312024
27-09-2023,28-09-2023,18850,CE,78.15,299171
27-09-2023,28-09-2023,18850,PE,265.46,14627
28-09-2023,28-09-2023,17950,CE,370.37,447880
28-09-2023,28-09-2023,17950,PE,176.81,472354
28-09-2023,28-09-2023,18000,CE,246.5,16329
28-09-2023,28-09-2023,18000,PE,166.78,95828
28-09-2023,28-09-2023,18050,CE,165.46,309209
28-09-2023,28-09-2023,18050,PE,296.29,454836
28-09-2023,28-09-2023,18100,CE,47.51,331224
28-09-2023,28-09-2023,18100,PE,70.11,318081
28-09-2023,28-09-2023,18150,CE,218.5,52923
28-09-2023,28-09-2023,18150,PE,298.25,83846
29-09-2023,05-10-2023,18200,CE,101.46,188057
29-09-2023,05-10-2023,18200,PE,298.53,113185
29-09-2023,05-10-2023,18250,CE,345.5,200786
29-09-2023,05-10-2023,18250,PE,255.99,218299
29-09-2023,05-10-2023,18300,CE,189.41,72500
29-09-2023,05-10-2023,18300,PE,150.36,116482
29-09-2023,05-10-2023,18350,CE,88.55,385152
29-09-2023,05-10-2023,18350,PE,176.3,382810
29-09-2023,05-10-2023,18400,CE,399,404095
29-09-2023,05-10-2023,18400,PE,254.18,327103
02-10-2023,05-10-2023,16900,CE,283.32,482484
02-10-2023,05-10-2023,16900,PE,272.36,243145
02-10-2023,05-10-2023,16950,CE,53.12,429255
02-10-2023,05-10-2023,16950,PE,131.33,280092
02-10-2023,05-10-2023,17000,CE,154.9,431259
02-10-2023,05-10-2023,17000,PE,314.36,425576
02-10-2023,05-10-2023,17050,CE,234.93,188552
02-10-2023,05-10-2023,17050,PE,24.96,261088
02-10-2023,05-10-2023,17100,CE,198.4,192383
02-10-2023,05-10-2023,17100,PE,179,341730
03-10-2023,05-10-2023,17250,CE,102.85,172517
03-10-2023,05-10-2023,17250,PE,86.71,173657
03-10-2023,05-10-2023,17300,CE,43.12,280106
03-10-2023,05-10-2023,17300,PE,156.24,17882
03-10-2023,05-10-2023,17350,CE,240.79,287300
03-10-2023,05-10-2023,17350,PE,68.02,382616
03-10-2023,05-10-2023,17400,CE,117.65,400285
03-10-2023,05-10-2023,17400,PE,333.82,64300
03-10-2023,05-10-2023,17450,CE,80.82,95163
03-10-2023,05-10-2023,17450,PE,118.71,149310
04-10-2023,05-10-2023,16900,CE,13.37,313143
04-10-2023,05-10-2023,16900,PE,280.26,357850
04-10-2023,05-10-2023,16950,CE,385.98,47608
04-10-2023,05-10-2023,16950,PE,68.28,29233
04-10-2023,05-10-2023,17000,CE,10.3,350493
04-10-2023,05-10-2023,17000,PE,60.35,298405
04-10-2023,05-10-2023,17050,CE,104.71,427545
04-10-2023,05-10-2023,17050,PE,288.8,300349
04-10-2023,05-10-2023,17100,CE,360.86,94207
04-10-2023,05-10-2023,17100,PE,394.48,196937
05-10-2023,05-10-2023,16950,CE,65.81,261593
05-10-2023,05-10-2023,16950,PE,277.01,277343
05-10-2023,05-10-2023,17000,CE,58.37,223948
05-10-2023,05-10-2023,17000,PE,127.34,26013
05-10-2023,05-10-2023,17050,CE,69.14,399093
05-10-2023,05-10-2023,17050,PE,376.09,26806
05-10-2023,05-10-2023,17100,CE,272.89,156251
05-10-2023,05-10-2023,17100,PE,166,112358
05-10-2023,05-10-2023,17150,CE,367.26,265623
05-10-2023,05-10-2023,17150,PE,251.23,36355
06-10-2023,12-10-2023,16950,CE,28.08,225258
06-10-2023,12-10-2023,16950,PE,18.83,352416
06-10-2023,12-10-2023,17000,CE,106.97,12916
06-10-2023,12-10-2023,17000,PE,308.7,267145
06-10-2023,12-10-2023,17050,CE,100.08,462244
06-10-2023,12-10-2023,17050,PE,284.75,341884
06-10-2023,12-10-2023,17100,CE,189.07,474621
06-10-2023,12-10-2023,17100,PE,268.92,155409
06-10-2023,12-10-2023,17150,CE,244.16,57252
06-10-2023,12-10-2023,17150,PE,345.18,101431
09-10-2023,12-10-2023,14950,CE,254.84,202661
09-10-2023,12-10-2023,14950,PE,27.9,105921
09-10-2023,12-10-2023,15000,CE,141.09,485890
09-10-2023,12-10-2023,15000,PE,366.9,414499
09-10-2023,12-10-2023,15050,CE,157.38,289702
09-10-2023,12-10-2023,15050,PE,278.16,261168
09-10-2023,12-10-2023,15100,CE,191.49,40340
09-10-2023,12-10-2023,15100,PE,391.07,245651
09-10-2023,12-10-2023,15150,CE,13,162652
09-10-2023,12-10-2023,15150,PE,293.41,20217
10-10-2023,12-10-2023,18750,CE,175.98,13320
10-10-2023,12-10-2023,18750,PE,56.46,205776
10-10-2023,12-10-2023,18800,CE,124.42,118739
10-10-2023,12-10-2023,18800,PE,205.26,419984
10-10-2023,12-10-2023,18850,CE,170.24,10324
10-10-2023,12-10-2023,18850,PE,307.39,427973
10-10-2023,12-10-2023,18900,CE,391.5,41807
10-10-2023,12-10-2023,18900,PE,39.41,138589
10-10-2023,12-10-2023,18950,CE,177.89,168386
10-10-2023,12-10-2023,18950,PE,280.37,409934
11-10-2023,12-10-2023,19300,CE,32.28,276740
11-10-2023,12-10-2023,19300,PE,391.47,421322
11-10-2023,12-10-2023,19350,CE,236.15,304602
11-10-2023,12-10-2023,19350,PE,206.82,260478
11-10-2023,12-10-2023,19400,CE,77.28,81166
11-10-2023,12-10-2023,19400,PE,192.01,440013
11-10-2023,12-10-2023,19450,CE,105.19,99148
11-10-2023,12-10-2023,19450,PE,261.28,21625
11-10-2023,12-10-2023,19500,CE,260.35,287491
11-10-2023,12-10-2023,19500,PE,107.68,60676
12-10-2023,12-10-2023,18150,CE,238.35,87861
12-10-2023,12-10-2023,18150,PE,343.87,430961
12-10-2023,12-10-2023,18200,CE,217.27,59337
12-10-2023,12-10-2023,18200,PE,59.62,165200
12-10-2023,12-10-2023,18250,CE,57.03,167533
12-10-2023,12-10-2023,18250,PE,194.92,492897
12-10-2023,12-10-2023,18300,CE,18.98,50084
12-10-2023,12-10-2023,18300,PE,14.11,434610
12-10-2023,12-10-2023,18350,CE,399.24,127366
12-10-2023,12-10-2023,18350,PE,283.43,166315
13-10-2023,19-10-2023,17050,CE,173.62,157060
13-10-2023,19-10-2023,17050,PE,14.15,177992
13-10-2023,19-10-2023,17100,CE,382.88,354059
13-10-2023,19-10-2023,17100,PE,282.26,482506
13-10-2023,19-10-2023,17150,CE,172.32,172131
13-10-2023,19-10-2023,17150,PE,162.89,91594
13-10-2023,19-10-2023,17200,CE,369.98,445672
13-10-2023,19-10-2023,17200,PE,229.16,488869
13-10-2023,19-10-2023,17250,CE,383.67,438947
13-10-2023,19-10-2023,17250,PE,64.84,274854
16-10-2023,19-10-2023,19250,CE,61.98,243492
16-10-2023,19-10-2023,19250,PE,257.76,385423
16-10-2023,19-10-2023,19300,CE,271.41,64035
16-10-2023,19-10-2023,19300,PE,14.71,421882
16-10-2023,19-10-2023,19350,CE,331.72,463186
16-10-2023,19-10-2023,19350,PE,95.66,108825
16-10-2023,19-10-2023,19400,CE,179.97,352787
16-10-2023,19-10-2023,19400,PE,155.2,418798
16-10-2023,19-10-2023,19450,CE,334.18,272006
16-10-2023,19-10-2023,19450,PE,333.78,456719
17-10-2023,19-10-2023,15850,CE,282.38,177257
17-10-2023,19-10-2023,15850,PE,190.34,22372
17-10-2023,19-10-2023,15900,CE,112.14,127185
17-10-2023,19-10-2023,15900,PE,346.75,241329
17-10-2023,19-10-2023,15950,CE,316.56,89396
17-10-2023,19-10-2023,15950,PE,385.89,211707
17-10-2023,19-10-2023,16000,CE,202.65,380669
17-10-2023,19-10-2023,16000,PE,143.3,196469
17-10-2023,19-10-2023,16050,CE,136.25,248912
17-10-2023,19-10-2023,16050,PE,197.67,218188
18-10-2023,19-10-2023,19500,CE,59,65513
18-10-2023,19-10-2023,19500,PE,177.11,19404
18-10-2023,19-10-2023,19550,CE,218.95,256982
18-10-2023,19-10-2023,19550,PE,307.34,42213
18-10-2023,19-10-2023,19600,CE,148.79,120211
18-10-2023,19-10-2023,19600,PE,99.68,361383
18-10-2023,19-10-2023,19650,CE,393.7,311304
18-10-2023,19-10-2023,19650,PE,17.87,243157
18-10-2023,19-10-2023,19700,CE,189.94,167314
18-10-2023,19-10-2023,19700,PE,106.57,240423
19-10-2023,19-10-2023,17800,CE,117.02,120802
19-10-2023,19-10-2023,17800,PE,392.46,410505
19-10-2023,19-10-2023,17850,CE,175.03,401896
19-10-2023,19-10-2023,17850,PE,31.5,440498
19-10-2023,19-10-2023,17900,CE,209.86,65061
19-10-2023,19-10-2023,17900,PE,123.46,356894
19-10-2023,19-10-2023,17950,CE,100.24,493917
19-10-2023,19-10-2023,17950,PE,221.29,86066
19-10-2023,19-10-2023,18000,CE,173.15,372596
19-10-2023,19-10-2023,18000,PE,154.4,84195
20-10-2023,26-10-2023,15950,CE,245.17,160508
20-10-2023,26-10-2023,15950,PE,87.55,302046
20-10-2023,26-10-2023,16000,CE,50.48,251348
20-10-2023,26-10-2023,16000,PE,289.59,254979
20-10-2023,26-10-2023,16050,CE,40.36,198122
20-10-2023,26-10-2023,16050,PE,65.21,164168
20-10-2023,26-10-2023,16100,CE,292.92,110851
20-10-2023,26-10-2023,16100,PE,96.46,451409
20-10-2023,26-10-2023,16150,CE,154.7,120580
20-10-2023,26-10-2023,16150,PE,273.26,203748
23-10-2023,26-10-2023,18150,CE,271.08,252420
23-10-2023,26-10-2023,18150,PE,234.4,414633
23-10-2023,26-10-2023,18200,CE,274.54,483352
23-10-2023,26-10-2023,18200,PE,374.42,95231
23-10-2023,26-10-2023,18250,CE,245.49,307240
23-10-2023,26-10-2023,18250,PE,112.35,320389
23-10-2023,26-10-2023,18300,CE,369.06,416907
23-10-2023,26-10-2023,18300,PE,99.22,336200
23-10-2023,26-10-2023,18350,CE,395.61,367833
23-10-2023,26-10-2023,18350,PE,95.03,349095
24-10-2023,26-10-2023,18550,CE,224.25,417894
24-10-2023,26-10-2023,18550,PE,141.98,96675
24-10-2023,26-10-2023,18600,CE,102.17,294680
24-10-2023,26-10-2023,18600,PE,163.3,444257
24-10-2023,26-10-2023,18650,CE,182.56,183193
24-10-2023,26-10-2023,18650,PE,362.09,216361
24-10-2023,26-10-2023,18700,CE,284.48,460439
24-10-2023,26-10-2023,18700,PE,301.62,141803
24-10-2023,26-10-2023,18750,CE,345.53,298793
24-10-2023,26-10-2023,18750,PE,192.49,160081
25-10-2023,26-10-2023,17150,CE,156.68,181621
25-10-2023,26-10-2023,17150,PE,73.01,33706
25-10-2023,26-10-2023,17200,CE,191.96,187402
25-10-2023,26-10-2023,17200,PE,296.18,130519
25-10-2023,26-10-2023,17250,CE,232.64,359423
25-10-2023,26-10-2023,17250,PE,100.9,15907
25-10-2023,26-10-2023,17300,CE,165.27,313502
25-10-2023,26-10-2023,17300,PE,347.18,79210
25-10-2023,26-10-2023,17350,CE,15.81,292502
25-10-2023,26-10-2023,17350,PE,294,429482
26-10-2023,26-10-2023,17550,CE,96.03,243985
26-10-2023,26-10-2023,17550,PE,245.15,417287
26-10-2023,26-10-2023,17600,CE,396.53,43465
26-10-2023,26-10-2023,17600,PE,48.04,197681
26-10-2023,26-10-2023,17650,CE,122.63,236258
26-10-2023,26-10-2023,17650,PE,168.08,281718
26-10-2023,26-10-2023,17700,CE,99.65,459197
26-10-2023,26-10-2023,17700,PE,321.74,380888
26-10-2023,26-10-2023,17750,CE,159.06,457201
26-10-2023,26-10-2023,17750,PE,140.4,92601
27-10-2023,02-11-2023,17650,CE,381.24,96955
27-10-2023,02-11-2023,17650,PE,106.57,41954
27-10-2023,02-11-2023,17700,CE,342.32,182070
27-10-2023,02-11-2023,17700,PE,345.72,413973
27-10-2023,02-11-2023,17750,CE,277.75,171735
27-10-2023,02-11-2023,17750,PE,345.67,454931
27-10-2023,02-11-2023,17800,CE,209.83,37292
27-10-2023,02-11-2023,17800,PE,129.41,309740
27-10-2023,02-11-2023,17850,CE,174.09,407612
27-10-2023,02-11-2023,17850,PE,230.12,90347
30-10-2023,02-11-2023,18250,CE,286.67,92311
30-10-2023,02-11-2023,18250,PE,22.07,244368
30-10-2023,02-11-2023,18300,CE,294.83,293207
30-10-2023,02-11-2023,18300,PE,65.15,383689
30-10-2023,02-11-2023,18350,CE,107.07,13371
30-10-2023,02-11-2023,18350,PE,84.55,287026
30-10-2023,02-11-2023,18400,CE,49.61,359488
30-10-2023,02-11-2023,18400,PE,180.33,494429
30-10-2023,02-11-2023,18450,CE,343.37,118841
30-10-2023,02-11-2023,18450,PE,234.58,51167
31-10-2023,02-11-2023,15850,CE,350.63,252677
31-10-2023,02-11-2023,15850,PE,34.24,347582
31-10-2023,02-11-2023,15900,CE,275.1,360920
31-10-2023,02-11-2023,15900,PE,366.43,32702
31-10-2023,02-11-2023,15950,CE,314.05,287197
31-10-2023,02-11-2023,15950,PE,129.87,452740
31-10-2023,02-11-2023,16000,CE,390.92,71344
31-10-2023,02-11-2023,16000,PE,142.84,92724
31-10-2023,02-11-2023,16050,CE,363.58,398058
31-10-2023,02-11-2023,16050,PE,167.49,301202
01-11-2023,02-11-2023,17900,CE,205.12,188424
01-11-2023,02-11-2023,17900,PE,170.96,138210
01-11-2023,02-11-2023,17950,CE,306.87,360732
01-11-2023,02-11-2023,17950,PE,114.12,175206
01-11-2023,02-11-2023,18000,CE,144.01,151166
01-11-2023,02-11-2023,18000,PE,146.29,363457
01-11-2023,02-11-2023,18050,CE,310.74,240112
01-11-2023,02-11-2023,18050,PE,294.9,213690
01-11-2023,02-11-2023,18100,CE,266.44,371173
01-11-2023,02-11-2023,18100,PE,375.55,237495
02-11-2023,02-11-2023,17300,CE,225.47,235757
02-11-2023,02-11-2023,17300,PE,242.66,487429
02-11-2023,02-11-2023,17350,CE,57.24,298185
02-11-2023,02-11-2023,17350,PE,350.22,425451
02-11-2023,02-11-2023,17400,CE,82.88,403080
02-11-2023,02-11-2023,17400,PE,256.92,149579
02-11-2023,02-11-2023,17450,CE,290.92,119235
02-11-2023,02-11-2023,17450,PE,366.01,403050
02-11-2023,02-11-2023,17500,CE,205.55,43690
02-11-2023,02-11-2023,17500,PE,213.18,225114
03-11-2023,09-11-2023,19550,CE,85.06,313872
03-11-2023,09-11-2023,19550,PE,289.02,288410
03-11-2023,09-11-2023,19600,CE,196.1,309633
03-11-2023,09-11-2023,19600,PE,43.86,156764
03-11-2023,09-11-2023,19650,CE,339.1,245187
03-11-2023,09-11-2023,19650,PE,163.28,147640
03-11-2023,09-11-2023,19700,CE,70.37,314724
03-11-2023,09-11-2023,19700,PE,136.96,286018
03-11-2023,09-11-2023,19750,CE,295.66,412343
03-11-2023,09-11-2023,19750,PE,290.16,299652
06-11-2023,09-11-2023,16350,CE,169.34,27277
06-11-2023,09-11-2023,16350,PE,132.63,265281
06-11-2023,09-11-2023,16400,CE,378.84,231984
06-11-2023,09-11-2023,16400,PE,374.77,460745
06-11-2023,09-11-2023,16450,CE,191.15,133525
06-11-2023,09-11-2023,16450,PE,267.7,268580
06-11-2023,09-11-2023,16500,CE,325.97,455042
06-11-2023,09-11-2023,16500,PE,185.71,345465
06-11-2023,09-11-2023,16550,CE,238.75,419895
06-11-2023,09-11-2023,16550,PE,155.99,296867
07-11-2023,09-11-2023,19650,CE,349.32,412569
07-11-2023,09-11-2023,19650,PE,339.91,205879
07-11-2023,09-11-2023,19700,CE,357.89,103973
07-11-2023,09-11-2023,19700,PE,356.85,302708
07-11-2023,09-11-2023,19750,CE,322.5,206545
07-11-2023,09-11-2023,19750,PE,267.83,212571
07-11-2023,09-11-2023,19800,CE,128.42,474201
07-11-2023,09-11-2023,19800,PE,267.17,314971
07-11-2023,09-11-2023,19850,CE,151.93,269375
07-11-2023,09-11-2023,19850,PE,35.9,403910
08-11-2023,09-11-2023,16500,CE,290.27,257800
08-11-2023,09-11-2023,16500,PE,290.57,246327
08-11-2023,09-11-2023,16550,CE,325.86,305025
08-11-2023,09-11-2023,16550,PE,33.94,16027
08-11-2023,09-11-2023,16600,CE,321.17,344227
08-11-2023,09-11-2023,16600,PE,379.15,309931
08-11-2023,09-11-2023,16650,CE,393.42,427593
08-11-2023,09-11-2023,16650,PE,106.18,399974
08-11-2023,09-11-2023,16700,CE,341.17,154195
08-11-2023,09-11-2023,16700,PE,204.73,454484
09-11-2023,09-11-2023,19100,CE,80.55,491779
09-11-2023,09-11-2023,19100,PE,335.07,285032
09-11-2023,09-11-2023,19150,CE,293.95,451270
09-11-2023,09-11-2023,19150,PE,231.06,237210
09-11-2023,09-11-2023,19200,CE,15.5,249787
09-11-2023,09-11-2023,19200,PE,366.15,302491
09-11-2023,09-11-2023,19250,CE,72.07,258247
09-11-2023,09-11-2023,19250,PE,97.96,38708
09-11-2023,09-11-2023,19300,CE,176.44,130102
09-11-2023,09-11-2023,19300,PE,279.86,159003
10-11-2023,16-11-2023,17900,CE,346.09,273201
10-11-2023,16-11-2023,17900,PE,387.64,238943
10-11-2023,16-11-2023,17950,CE,238.79,114232
10-11-2023,16-11-2023,17950,PE,58.26,456881
10-11-2023,16-11-2023,18000,CE,214.32,273131
10-11-2023,16-11-2023,18000,PE,221.82,120941
10-11-2023,16-11-2023,18050,CE,13.41,89255
10-11-2023,16-11-2023,18050,PE,323.09,184772
10-11-2023,16-11-2023,18100,CE,332.8,72055
10-11-2023,16-11-2023,18100,PE,348.15,383871
13-11-2023,16-11-2023,17100,CE,60.87,65874
13-11-2023,16-11-2023,17100,PE,33.74,30278
13-11-2023,16-11-2023,17150,CE,276.74,417930
13-11-2023,16-11-2023,17150,PE,323.12,105111
13-11-2023,16-11-2023,17200,CE,176.06,166217
13-11-2023,16-11-2023,17200,PE,166.28,62458
13-11-2023,16-11-2023,17250,CE,105.48,401373
13-11-2023,16-11-2023,17250,PE,389.53,285375
13-11-2023,16-11-2023,17300,CE,142.26,437248
13-11-2023,16-11-2023,17300,PE,300.58,329720
14-11-2023,16-11-2023,19150,CE,294.51,30258
14-11-2023,16-11-2023,19150,PE,223.19,274345
14-11-2023,16-11-2023,19200,CE,323.37,480522
14-11-2023,16-11-2023,19200,PE,150.27,489245
14-11-2023,16-11-2023,19250,CE,63.39,429732
14-11-2023,16-11-2023,19250,PE,11.88,25741
14-11-2023,16-11-2023,19300,CE,336.23,182157
14-11-2023,16-11-2023,19300,PE,276.19,314408
14-11-2023,16-11-2023,19350,CE,380.39,299019
14-11-2023,16-11-2023,19350,PE,244.65,352089
15-11-2023,16-11-2023,18800,CE,348.58,440577
15-11-2023,16-11-2023,18800,PE,302.87,60534
15-11-2023,16-11-2023,18850,CE,42.94,446314
15-11-2023,16-11-2023,18850,PE,84.96,263664
15-11-2023,16-11-2023,18900,CE,199.19,133703
15-11-2023,16-11-2023,18900,PE,64.15,51996
15-11-2023,16-11-2023,18950,CE,201.32,166266
15-11-2023,16-11-2023,18950,PE,49.7,379478
15-11-2023,16-11-2023,19000,CE,233.39,150870
15-11-2023,16-11-2023,19000,PE,296.91,295221
16-11-2023,16-11-2023,16700,CE,333.39,327150
16-11-2023,16-11-2023,16700,PE,134.22,372162
16-11-2023,16-11-2023,16750,CE,309.83,334269
16-11-2023,16-11-2023,16750,PE,16.59,351242
16-11-2023,16-11-2023,16800,CE,108.24,148836
16-11-2023,16-11-2023,16800,PE,397.83,72096
16-11-2023,16-11-2023,16850,CE,234.29,242776
16-11-2023,16-11-2023,16850,PE,335.98,401357
16-11-2023,16-11-2023,16900,CE,179.97,10576
16-11-2023,16-11-2023,16900,PE,39.98,59092
17-11-2023,23-11-2023,15200,CE,219.95,140876
17-11-2023,23-11-2023,15200,PE,256.05,197254
17-11-2023,23-11-2023,15250,CE,305.85,15596
17-11-2023,23-11-2023,15250,PE,378.27,386957
17-11-2023,23-11-2023,15300,CE,67.45,304295
17-11-2023,23-11-2023,15300,PE,34.72,477308
17-11-2023,23-11-2023,15350,CE,137.26,75857
17-11-2023,23-11-2023,15350,PE,113.8,277962
17-11-2023,23-11-2023,15400,CE,87.96,164380
17-11-2023,23-11-2023,15400,PE,249.06,380283
20-11-2023,23-11-2023,16550,CE,172.99,112219
20-11-2023,23-11-2023,16550,PE,31.84,333309
20-11-2023,23-11-2023,16600,CE,65.63,452131
20-11-2023,23-11-2023,16600,PE,114.28,222876
20-11-2023,23-11-2023,16650,CE,18.46,382982
20-11-2023,23-11-2023,16650,PE,13.73,98413
20-11-2023,23-11-2023,16700,CE,235.75,137512
20-11-2023,23-11-2023,16700,PE,199.34,328530
20-11-2023,23-11-2023,16750,CE,189.75,402140
20-11-2023,23-11-2023,16750,PE,181.72,250495
21-11-2023,23-11-2023,21800,CE,264.43,115068
21-11-2023,23-11-2023,21800,PE,76.66,441742
21-11-2023,23-11-2023,21850,CE,37.87,149945
21-11-2023,23-11-2023,21850,PE,323.26,425523
21-11-2023,23-11-2023,21900,CE,257.46,269568
21-11-2023,23-11-2023,21900,PE,284.81,132460
21-11-2023,23-11-2023,21950,CE,68.64,427045
21-11-2023,23-11-2023,21950,PE,58.42,72686
21-11-2023,23-11-2023,22000,CE,356.87,73615
21-11-2023,23-11-2023,22000,PE,215.15,142344
22-11-2023,23-11-2023,22650,CE,344.5,43030
22-11-2023,23-11-2023,22650,PE,240.71,26172
22-11-2023,23-11-2023,22700,CE,59.97,415071
22-11-2023,23-11-2023,22700,PE,232.57,493799
22-11-2023,23-11-2023,22750,CE,74.99,45306
22-11-2023,23-11-2023,22750,PE,310.6,455430
22-11-2023,23-11-2023,22800,CE,101.43,151992
22-11-2023,23-11-2023,22800,PE,19.54,481813
22-11-2023,23-11-2023,22850,CE,209.5,78977
22-11-2023,23-11-2023,22850,PE,206.95,241570
23-11-2023,23-11-2023,16600,CE,325.52,255004
23-11-2023,23-11-2023,16600,PE,338.11,491795
23-11-2023,23-11-2023,16650,CE,340.08,376587
23-11-2023,23-11-2023,16650,PE,303.67,120311
23-11-2023,23-11-2023,16700,CE,254.37,386561
23-11-2023,23-11-2023,16700,PE,198.3,390372
23-11-2023,23-11-2023,16750,CE,259.29,295822
23-11-2023,23-11-2023,16750,PE,219.52,80231
23-11-2023,23-11-2023,16800,CE,107.64,282654
23-11-2023,23-11-2023,16800,PE,96.86,198424
24-11-2023,30-11-2023,19750,CE,222.85,87877
24-11-2023,30-11-2023,19750,PE,381.91,203244
24-11-2023,30-11-2023,19800,CE,329.27,78623
24-11-2023,30-11-2023,19800,PE,139.68,176128
24-11-2023,30-11-2023,19850,CE,146.7,12582
24-11-2023,30-11-2023,19850,PE,183.28,241883
24-11-2023,30-11-2023,19900,CE,248.08,366541
24-11-2023,30-11-2023,19900,PE,248.01,380530
24-11-2023,30-11-2023,19950,CE,371.8,18031
24-11-2023,30-11-2023,19950,PE,18.1,27983
27-11-2023,30-11-2023,15300,CE,222.14,62831
27-11-2023,30-11-2023,15300,PE,365.94,227160
27-11-2023,30-11-2023,15350,CE,327.71,306685
27-11-2023,30-11-2023,15350,PE,197.88,340256
27-11-2023,30-11-2023,15400,CE,108.65,52809
27-11-2023,30-11-2023,15400,PE,196.37,434304
27-11-2023,30-11-2023,15450,CE,373.79,392700
27-11-2023,30-11-2023,15450,PE,112.57,115961
27-11-2023,30-11-2023,15500,CE,164.92,36438
27-11-2023,30-11-2023,15500,PE,47.64,317162
28-11-2023,30-11-2023,16100,CE,250.92,99332
28-11-2023,30-11-2023,16100,PE,186.03,427116
28-11-2023,30-11-2023,16150,CE,378.65,145182
28-11-2023,30-11-2023,16150,PE,377.54,379674
28-11-2023,30-11-2023,16200,CE,325.25,88805
28-11-2023,30-11-2023,16200,PE,172.34,34225
28-11-2023,30-11-2023,16250,CE,156.17,290543
28-11-2023,30-11-2023,16250,PE,354.44,60608
28-11-2023,30-11-2023,16300,CE,192.61,100192
28-11-2023,30-11-2023,16300,PE,187.13,227729
29-11-2023,30-11-2023,14450,CE,51.22,362589
29-11-2023,30-11-2023,14450,PE,224.71,118679
29-11-2023,30-11-2023,14500,CE,171.48,249232
29-11-2023,30-11-2023,14500,PE,340.73,294302
29-11-2023,30-11-2023,14550,CE,201.38,419646
29-11-2023,30-11-2023,14550,PE,358.37,354937
29-11-2023,30-11-2023,14600,CE,92.7,454697
29-11-2023,30-11-2023,14600,PE,210.27,214725
29-11-2023,30-11-2023,14650,CE,196.26,457344
29-11-2023,30-11-2023,14650,PE,60.25,79300
30-11-2023,30-11-2023,18800,CE,255.95,244936
30-11-2023,30-11-2023,18800,PE,367.78,192083
30-11-2023,30-11-2023,18850,CE,48.58,393318
30-11-2023,30-11-2023,18850,PE,146.41,136707
30-11-2023,30-11-2023,18900,CE,70.85,171083
30-11-2023,30-11-2023,18900,PE,224.92,174038
30-11-2023,30-11-2023,18950,CE,271.86,111023
30-11-2023,30-11-2023,18950,PE,12.98,463164
30-11-2023,30-11-2023,19000,CE,333.29,462916
30-11-2023,30-11-2023,19000,PE,217.52,52260
01-12-2023,07-12-2023,16000,CE,233.67,42026
01-12-2023,07-12-2023,16000,PE,141.98,204289
01-12-2023,07-12-2023,16050,CE,177.41,115595
01-12-2023,07-12-2023,16050,PE,152.67,177106
01-12-2023,07-12-2023,16100,CE,51.33,46743
01-12-2023,07-12-2023,16100,PE,60.32,55886
01-12-2023,07-12-2023,16150,CE,191.15,380490
01-12-2023,07-12-2023,16150,PE,97.63,319879
01-12-2023,07-12-2023,16200,CE,225.12,113761
01-12-2023,07-12-2023,16200,PE,154.38,144035
04-12-2023,07-12-2023,15050,CE,292.23,192342
04-12-2023,07-12-2023,15050,PE,385.32,438983
04-12-2023,07-12-2023,15100,CE,374.85,229567
04-12-2023,07-12-2023,15100,PE,123.06,129601
04-12-2023,07-12-2023,15150,CE,23.42,60261
04-12-2023,07-12-2023,15150,PE,364.04,194554
04-12-2023,07-12-2023,15200,CE,296.66,121741
04-12-2023,07-12-2023,15200,PE,255.17,448428
04-12-2023,07-12-2023,15250,CE,180.97,434165
04-12-2023,07-12-2023,15250,PE,122.26,380520
05-12-2023,07-12-2023,18100,CE,138.91,278580
05-12-2023,07-12-2023,18100,PE,270.09,490789
05-12-2023,07-12-2023,18150,CE,334.26,253876
05-12-2023,07-12-2023,18150,PE,297.37,391674
05-12-2023,07-12-2023,18200,CE,364.51,232459
05-12-2023,07-12-2023,18200,PE,99.85,490602
05-12-2023,07-12-2023,18250,CE,322.25,195650
05-12-2023,07-12-2023,18250,PE,252.18,33821
05-12-2023,07-12-2023,18300,CE,103.66,351647
05-12-2023,07-12-2023,18300,PE,345.36,212561
06-12-2023,07-12-2023,19300,CE,265.09,436040
06-12-2023,07-12-2023,19300,PE,22.9,396350
06-12-2023,07-12-2023,19350,CE,266.4,27513
06-12-2023,07-12-2023,19350,PE,275.02,298604
06-12-2023,07-12-2023,19400,CE,386.57,361464
06-12-2023,07-12-2023,19400,PE,270.67,498997
06-12-2023,07-12-2023,19450,CE,59.88,354784
06-12-2023,07-12-2023,19450,PE,291.22,188186
06-12-2023,07-12-2023,19500,CE,79.83,74125
06-12-2023,07-12-2023,19500,PE,70.55,16167
07-12-2023,07-12-2023,18650,CE,203.59,466792
07-12-2023,07-12-2023,18650,PE,212.2,421518
07-12-2023,07-12-2023,18700,CE,388.35,285665
07-12-2023,07-12-2023,18700,PE,272.01,117515
07-12-2023,07-12-2023,18750,CE,119.29,126245
07-12-2023,07-12-2023,18750,PE,105.84,336645
07-12-2023,07-12-2023,18800,CE,135.09,44099
07-12-2023,07-12-2023,18800,PE,131.38,177452
07-12-2023,07-12-2023,18850,CE,143.1,137213
07-12-2023,07-12-2023,18850,PE,275.95,227497
08-12-2023,14-12-2023,18100,CE,211.93,409352
08-12-2023,14-12-2023,18100,PE,94.22,287532
08-12-2023,14-12-2023,18150,CE,239.05,286777
08-12-2023,14-12-2023,18150,PE,360.86,302085
08-12-2023,14-12-2023,18200,CE,357.4,311551
08-12-2023,14-12-2023,18200,PE,52.06,281067
08-12-2023,14-12-2023,18250,CE,143.71,75133
08-12-2023,14-12-2023,18250,PE,342.33,251246
08-12-2023,14-12-2023,18300,CE,293.79,394855
08-12-2023,14-12-2023,18300,PE,35.53,223936
11-12-2023,14-12-2023,15950,CE,370.28,306321
11-12-2023,14-12-2023,15950,PE,124.36,371579
11-12-2023,14-12-2023,16000,CE,334.05,293972
11-12-2023,14-12-2023,16000,PE,303.33,31814
11-12-2023,14-12-2023,16050,CE,220.61,50822
11-12-2023,14-12-2023,16050,PE,218.16,276530
11-12-2023,14-12-2023,16100,CE,212.18,342948
11-12-2023,14-12-2023,16100,PE,195.21,93214
11-12-2023,14-12-2023,16150,CE,233.83,152145
11-12-2023,14-12-2023,16150,PE,141.62,448434
12-12-2023,14-12-2023,16350,CE,97.18,270083
12-12-2023,14-12-2023,16350,PE,48.72,238163
12-12-2023,14-12-2023,16400,CE,368.17,225141
12-12-2023,14-12-2023,16400,PE,62.3,321586
12-12-2023,14-12-2023,16450,CE,218.67,288180
12-12-2023,14-12-2023,16450,PE,50.58,80675
12-12-2023,14-12-2023,16500,CE,99.29,180186
12-12-2023,14-12-2023,16500,PE,209.98,490924
12-12-2023,14-12-2023,16550,CE,363.06,100986
12-12-2023,14-12-2023,16550,PE,137.32,40862
13-12-2023,14-12-2023,16600,CE,29.82,215104
13-12-2023,14-12-2023,16600,PE,55.22,321612
13-12-2023,14-12-2023,16650,CE,99.85,195810
13-12-2023,14-12-2023,16650,PE,228.87,499435
13-12-2023,14-12-2023,16700,CE,327.99,82494
13-12-2023,14-12-2023,16700,PE,105.25,42114
13-12-2023,14-12-2023,16750,CE,102.89,121645
13-12-2023,14-12-2023,16750,PE,221.23,247849
13-12-2023,14-12-2023,16800,CE,225.34,275285
13-12-2023,14-12-2023,16800,PE,56.84,207728
14-12-2023,14-12-2023,16850,CE,46.8,433854
14-12-2023,14-12-2023,16850,PE,17.28,99352
14-12-2023,14-12-2023,16900,CE,196.81,254161
14-12-2023,14-12-2023,16900,PE,345.48,216132
14-12-2023,14-12-2023,16950,CE,392.9,300871
14-12-2023,14-12-2023,16950,PE,145.27,137892
14-12-2023,14-12-2023,17000,CE,331.39,265580
14-12-2023,14-12-2023,17000,PE,212.35,351104
14-12-2023,14-12-2023,17050,CE,309.37,83040
14-12-2023,14-12-2023,17050,PE,320.36,238150
15-12-2023,21-12-2023,19500,CE,90.16,417763
15-12-2023,21-12-2023,19500,PE,124.18,291780
15-12-2023,21-12-2023,19550,CE,302.14,171964
15-12-2023,21-12-2023,19550,PE,318.95,321591
15-12-2023,21-12-2023,19600,CE,50.52,378571
15-12-2023,21-12-2023,19600,PE,329.26,418748
15-12-2023,21-12-2023,19650,CE,202.45,209824
15-12-2023,21-12-2023,19650,PE,241.31,460861
15-12-2023,21-12-2023,19700,CE,307.26,216494
15-12-2023,21-12-2023,19700,PE,165.4,175226
18-12-2023,21-12-2023,18300,CE,87.39,196402
18-12-2023,21-12-2023,18300,PE,397.41,375387
18-12-2023,21-12-2023,18350,CE,310.46,337164
18-12-2023,21-12-2023,18350,PE,353.07,371347
18-12-2023,21-12-2023,18400,CE,57.78,69346
18-12-2023,21-12-2023,18400,PE,177.03,409081
18-12-2023,21-12-2023,18450,CE,130.87,252331
18-12-2023,21-12-2023,18450,PE,41.86,309734
18-12-2023,21-12-2023,18500,CE,280.23,156191
18-12-2023,21-12-2023,18500,PE,337.17,362512
19-12-2023,21-12-2023,19150,CE,11.48,449504
19-12-2023,21-12-2023,19150,PE,363.32,29361
19-12-2023,21-12-2023,19200,CE,393.19,133350
19-12-2023,21-12-2023,19200,PE,38.8,161322
19-12-2023,21-12-2023,19250,CE,167.47,289912
19-12-2023,21-12-2023,19250,PE,20.25,484772
19-12-2023,21-12-2023,19300,CE,382.77,137572
19-12-2023,21-12-2023,19300,PE,316.9,239526
19-12-2023,21-12-2023,19350,CE,241.61,207184
19-12-2023,21-12-2023,19350,PE,85.7,237696
20-12-2023,21-12-2023,16400,CE,239.92,408586
20-12-2023,21-12-2023,16400,PE,198.86,66568
20-12-2023,21-12-2023,16450,CE,347.64,52175
20-12-2023,21-12-2023,16450,PE,132.19,268666
20-12-2023,21-12-2023,16500,CE,310.21,293030
20-12-2023,21-12-2023,16500,PE,176.87,164662
20-12-2023,21-12-2023,16550,CE,136.92,88324
20-12-2023,21-12-2023,16550,PE,388.09,148684
20-12-2023,21-12-2023,16600,CE,94.91,440681
20-12-2023,21-12-2023,16600,PE,325.72,248092
21-12-2023,21-12-2023,16750,CE,80.83,235848
21-12-2023,21-12-2023,16750,PE,111.94,109991
21-12-2023,21-12-2023,16800,CE,294.16,482093
21-12-2023,21-12-2023,16800,PE,286.42,131545
21-12-2023,21-12-2023,16850,CE,262.96,85842
21-12-2023,21-12-2023,16850,PE,388.55,96953
21-12-2023,21-12-2023,16900,CE,304.95,90201
21-12-2023,21-12-2023,16900,PE,295.48,260730
21-12-2023,21-12-2023,16950,CE,83.74,156277
21-12-2023,21-12-2023,16950,PE,132.21,259847
22-12-2023,28-12-2023,16550,CE,230.45,29194
22-12-2023,28-12-2023,16550,PE,278.47,332379
22-12-2023,28-12-2023,16600,CE,391.69,198926
22-12-2023,28-12-2023,16600,PE,384.53,424205
22-12-2023,28-12-2023,16650,CE,285.12,265338
22-12-2023,28-12-2023,16650,PE,167.29,299820
22-12-2023,28-12-2023,16700,CE,207.02,308309
22-12-2023,28-12-2023,16700,PE,117.49,148598
22-12-2023,28-12-2023,16750,CE,20.58,24032
22-12-2023,28-12-2023,16750,PE,16.26,81690
25-12-2023,28-12-2023,14300,CE,145.36,344991
25-12-2023,28-12-2023,14300,PE,369.4,469968
25-12-2023,28-12-2023,14350,CE,319.74,369555
25-12-2023,28-12-2023,14350,PE,301.04,339136
25-12-2023,28-12-2023,14400,CE,333.64,489909
25-12-2023,28-12-2023,14400,PE,73.92,167563
25-12-2023,28-12-2023,14450,CE,72.47,313181
25-12-2023,28-12-2023,14450,PE,171.88,125345
25-12-2023,28-12-2023,14500,CE,261.26,258259
25-12-2023,28-12-2023,14500,PE,37.06,474390
26-12-2023,28-12-2023,19250,CE,86.29,16529
26-12-2023,28-12-2023,19250,PE,274.23,466656
26-12-2023,28-12-2023,19300,CE,179.96,81279
26-12-2023,28-12-2023,19300,PE,168.07,371552
26-12-2023,28-12-2023,19350,CE,355.74,100063
26-12-2023,28-12-2023,19350,PE,288.22,167279
26-12-2023,28-12-2023,19400,CE,296.2,67939
26-12-2023,28-12-2023,19400,PE,107.56,410553
26-12-2023,28-12-2023,19450,CE,291.39,268177
26-12-2023,28-12-2023,19450,PE,312.02,292900
27-12-2023,28-12-2023,17300,CE,334.49,225009
27-12-2023,28-12-2023,17300,PE,104.31,494144
27-12-2023,28-12-2023,17350,CE,28.91,220757
27-12-2023,28-12-2023,17350,PE,275.39,385657
27-12-2023,28-12-2023,17400,CE,323.63,48383
27-12-2023,28-12-2023,17400,PE,129.35,130693
27-12-2023,28-12-2023,17450,CE,146.86,343595
27-12-2023,28-12-2023,17450,PE,216.13,124448
27-12-2023,28-12-2023,17500,CE,342.11,479611
27-12-2023,28-12-2023,17500,PE,112.94,217959
28-12-2023,28-12-2023,16750,CE,237.76,122834
28-12-2023,28-12-2023,16750,PE,347.98,170097
28-12-2023,28-12-2023,16800,CE,354.48,212173
28-12-2023,28-12-2023,16800,PE,277.96,99634
28-12-2023,28-12-2023,16850,CE,12.99,25608
28-12-2023,28-12-2023,16850,PE,331.43,329193
28-12-2023,28-12-2023,16900,CE,113.6,446921
28-12-2023,28-12-2023,16900,PE,127.39,423424
28-12-2023,28-12-2023,16950,CE,185.92,442679
28-12-2023,28-12-2023,16950,PE,296.08,438496
29-12-2023,04-01-2024,20500,CE,349.01,408895
29-12-2023,04-01-2024,20500,PE,24.69,459589
29-12-2023,04-01-2024,20550,CE,181.38,389462
29-12-2023,04-01-2024,20550,PE,311.66,473693
29-12-2023,04-01-2024,20600,CE,303.41,425865
29-12-2023,04-01-2024,20600,PE,287.66,190095
29-12-2023,04-01-2024,20650,CE,142.99,246458
29-12-2023,04-01-2024,20650,PE,161.71,485370
29-12-2023,04-01-2024,20700,CE,104.39,498230
29-12-2023,04-01-2024,20700,PE,319.39,211852
01-01-2024,04-01-2024,18900,CE,220.44,134200
01-01-2024,04-01-2024,18900,PE,19.63,464591
01-01-2024,04-01-2024,18950,CE,146.5,181235
01-01-2024,04-01-2024,18950,PE,297.49,77538
01-01-2024,04-01-2024,19000,CE,215.18,311547
01-01-2024,04-01-2024,19000,PE,352.17,50948
01-01-2024,04-01-2024,19050,CE,154.38,304475
01-01-2024,04-01-2024,19050,PE,211.18,245011
01-01-2024,04-01-2024,19100,CE,67.45,393319
01-01-2024,04-01-2024,19100,PE,236.46,402922
02-01-2024,04-01-2024,19500,CE,209.85,154892
02-01-2024,04-01-2024,19500,PE,322.91,491940
02-01-2024,04-01-2024,19550,CE,31.64,472405
02-01-2024,04-01-2024,19550,PE,81.16,359749
02-01-2024,04-01-2024,19600,CE,322.08,221295
02-01-2024,04-01-2024,19600,PE,138.66,365816
02-01-2024,04-01-2024,19650,CE,235.31,165873
02-01-2024,04-01-2024,19650,PE,121.05,300379
02-01-2024,04-01-2024,19700,CE,233.49,327652
02-01-2024,04-01-2024,19700,PE,46.16,138057
03-01-2024,04-01-2024,18000,CE,154.09,172166
03-01-2024,04-01-2024,18000,PE,101.05,324156
03-01-2024,04-01-2024,18050,CE,85.22,304846
03-01-2024,04-01-2024,18050,PE,393.33,191832
03-01-2024,04-01-2024,18100,CE,93.56,214032
03-01-2024,04-01-2024,18100,PE,357.63,479990
03-01-2024,04-01-2024,18150,CE,318.16,76086
03-01-2024,04-01-2024,18150,PE,318.99,473547
03-01-2024,04-01-2024,18200,CE,387.95,44914
03-01-2024,04-01-2024,18200,PE,92.52,370649
04-01-2024,04-01-2024,16650,CE,36.59,282477
04-01-2024,04-01-2024,16650,PE,155.17,318984
04-01-2024,04-01-2024,16700,CE,137.93,309096
04-01-2024,04-01-2024,16700,PE,119.67,185433
04-01-2024,04-01-2024,16750,CE,259.86,399684
04-01-2024,04-01-2024,16750,PE,111.18,194861
04-01-2024,04-01-2024,16800,CE,179.24,405158
04-01-2024,04-01-2024,16800,PE,182.33,176931
04-01-2024,04-01-2024,16850,CE,276.12,238376
04-01-2024,04-01-2024,16850,PE,250.96,447367
05-01-2024,11-01-2024,18150,CE,153.79,13669
05-01-2024,11-01-2024,18150,PE,308.21,244049
05-01-2024,11-01-2024,18200,CE,342.93,100517
05-01-2024,11-01-2024,18200,PE,214.55,15759
05-01-2024,11-01-2024,18250,CE,392.42,383235
05-01-2024,11-01-2024,18250,PE,72.11,428928
05-01-2024,11-01-2024,18300,CE,110.95,277480
05-01-2024,11-01-2024,18300,PE,150.83,393715
05-01-2024,11-01-2024,18350,CE,199.22,173548
05-01-2024,11-01-2024,18350,PE,129.76,123022
08-01-2024,11-01-2024,17250,CE,339.96,34973
08-01-2024,11-01-2024,17250,PE,190.9,387379
08-01-2024,11-01-2024,17300,CE,303.94,254418
08-01-2024,11-01-2024,17300,PE,205.46,491131
08-01-2024,11-01-2024,17350,CE,346.21,185114
08-01-2024,11-01-2024,17350,PE,398.82,286598
08-01-2024,11-01-2024,17400,CE,67.13,243948
08-01-2024,11-01-2024,17400,PE,19.75,169096
08-01-2024,11-01-2024,17450,CE,75.6,196824
08-01-2024,11-01-2024,17450,PE,17.6,253332
09-01-2024,11-01-2024,20850,CE,237.18,424712
09-01-2024,11-01-2024,20850,PE,314.46,165584
09-01-2024,11-01-2024,20900,CE,346.11,391348
09-01-2024,11-01-2024,20900,PE,297.24,448054
09-01-2024,11-01-2024,20950,CE,239.98,347509
09-01-2024,11-01-2024,20950,PE,78.16,116700
09-01-2024,11-01-2024,21000,CE,44.44,88470
09-01-2024,11-01-2024,21000,PE,263.29,288678
09-01-2024,11-01-2024,21050,CE,303.63,494081
09-01-2024,11-01-2024,21050,PE,152.56,315590
10-01-2024,11-01-2024,17550,CE,244.88,94469
10-01-2024,11-01-2024,17550,PE,196.28,134072
10-01-2024,11-01-2024,17600,CE,23.47,312057
10-01-2024,11-01-2024,17600,PE,254.33,405702
10-01-2024,11-01-2024,17650,CE,356.38,489464
10-01-2024,11-01-2024,17650,PE,288.61,319241
10-01-2024,11-01-2024,17700,CE,304.56,236664
10-01-2024,11-01-2024,17700,PE,125.06,438620
10-01-2024,11-01-2024,17750,CE,244.67,46679
10-01-2024,11-01-2024,17750,PE,187.26,394665
11-01-2024,11-01-2024,16850,CE,205.46,86583
11-01-2024,11-01-2024,16850,PE,101.96,371396
11-01-2024,11-01-2024,16900,CE,369.19,294110
11-01-2024,11-01-2024,16900,PE,112.52,185403
11-01-2024,11-01-2024,16950,CE,34.74,476532
11-01-2024,11-01-2024,16950,PE,68.11,171560
11-01-2024,11-01-2024,17000,CE,135.63,59731
11-01-2024,11-01-2024,17000,PE,373.28,316983
11-01-2024,11-01-2024,17050,CE,235.06,161846
11-01-2024,11-01-2024,17050,PE,206.23,293999
12-01-2024,18-01-2024,19850,CE,212.95,267910
12-01-2024,18-01-2024,19850,PE,37.82,398434
12-01-2024,18-01-2024,19900,CE,394.45,157991
12-01-2024,18-01-2024,19900,PE,357.2,132714
12-01-2024,18-01-2024,19950,CE,94.87,37220
12-01-2024,18-01-2024,19950,PE,311.76,121537
12-01-2024,18-01-2024,20000,CE,188.09,461609
12-01-2024,18-01-2024,20000,PE,186.23,327755
12-01-2024,18-01-2024,20050,CE,15.07,119682
12-01-2024,18-01-2024,20050,PE,202.71,442754
15-01-2024,18-01-2024,15650,CE,313.69,270296
15-01-2024,18-01-2024,15650,PE,19.4,147477
15-01-2024,18-01-2024,15700,CE,381.13,294486
15-01-2024,18-01-2024,15700,PE,264.83,418167
15-01-2024,18-01-2024,15750,CE,46.44,126842
15-01-2024,18-01-2024,15750,PE,128.65,21778
15-01-2024,18-01-2024,15800,CE,376.64,209578
15-01-2024,18-01-2024,15800,PE,179.16,256697
15-01-2024,18-01-2024,15850,CE,70.99,250007
15-01-2024,18-01-2024,15850,PE,234.77,212507
16-01-2024,18-01-2024,15000,CE,212.97,393181
16-01-2024,18-01-2024,15000,PE,146.69,179596
16-01-2024,18-01-2024,15050,CE,34.71,129978
16-01-2024,18-01-2024,15050,PE,325.98,448506
16-01-2024,18-01-2024,15100,CE,83.23,78767
16-01-2024,18-01-2024,15100,PE,303.37,262836
16-01-2024,18-01-2024,15150,CE,363.67,180649
16-01-2024,18-01-2024,15150,PE,182.94,293199
16-01-2024,18-01-2024,15200,CE,197.74,245357
16-01-2024,18-01-2024,15200,PE,89.78,143584
17-01-2024,18-01-2024,17800,CE,139.82,399586
17-01-2024,18-01-2024,17800,PE,88.07,414544
17-01-2024,18-01-2024,17850,CE,196.98,356099
17-01-2024,18-01-2024,17850,PE,19.92,448573
17-01-2024,18-01-2024,17900,CE,173.65,488626
17-01-2024,18-01-2024,17900,PE,23.07,74077
17-01-2024,18-01-2024,17950,CE,81.13,314046
17-01-2024,18-01-2024,17950,PE,310.99,124533
17-01-2024,18-01-2024,18000,CE,89.01,478327
17-01-2024,18-01-2024,18000,PE,326.82,284318
18-01-2024,18-01-2024,13450,CE,161.49,33841
18-01-2024,18-01-2024,13450,PE,47.86,43519
18-01-2024,18-01-2024,13500,CE,74.45,454740
18-01-2024,18-01-2024,13500,PE,345.43,10649
18-01-2024,18-01-2024,13550,CE,130.89,416037
18-01-2024,18-01-2024,13550,PE,313.59,71393
18-01-2024,18-01-2024,13600,CE,94.95,416299
18-01-2024,18-01-2024,13600,PE,298.84,243398
18-01-2024,18-01-2024,13650,CE,276.54,444463
18-01-2024,18-01-2024,13650,PE,278.1,203756
19-01-2024,25-01-2024,17500,CE,246.82,23987
19-01-2024,25-01-2024,17500,PE,270.06,147790
19-01-2024,25-01-2024,17550,CE,399.33,151616
19-01-2024,25-01-2024,17550,PE,90.62,184206
19-01-2024,25-01-2024,17600,CE,197.99,331306
19-01-2024,25-01-2024,17600,PE,316.48,414787
19-01-2024,25-01-2024,17650,CE,326.87,452048
19-01-2024,25-01-2024,17650,PE,116.83,217286
19-01-2024,25-01-2024,17700,CE,195.79,114758
19-01-2024,25-01-2024,17700,PE,131.65,364028
22-01-2024,25-01-2024,15100,CE,320.59,66662
22-01-2024,25-01-2024,15100,PE,363.82,179694
22-01-2024,25-01-2024,15150,CE,274.21,71846
22-01-2024,25-01-2024,15150,PE,38.86,57211
22-01-2024,25-01-2024,15200,CE,287.34,133807
22-01-2024,25-01-2024,15200,PE,292.63,158424
22-01-2024,25-01-2024,15250,CE,319.26,476169
22-01-2024,25-01-2024,15250,PE,303.36,407241
22-01-2024,25-01-2024,15300,CE,57.08,387699
22-01-2024,25-01-2024,15300,PE,236.63,124909
23-01-2024,25-01-2024,13650,CE,279.33,200599
23-01-2024,25-01-2024,13650,PE,92.35,267390
23-01-2024,25-01-2024,13700,CE,76.65,182858
23-01-2024,25-01-2024,13700,PE,214,449247
23-01-2024,25-01-2024,13750,CE,269.67,404071
23-01-2024,25-01-2024,13750,PE,254.62,371428
23-01-2024,25-01-2024,13800,CE,326.42,43843
23-01-2024,25-01-2024,13800,PE,196.74,249688
23-01-2024,25-01-2024,13850,CE,342.75,65802
23-01-2024,25-01-2024,13850,PE,376.59,270170
24-01-2024,25-01-2024,18000,CE,28.98,147671
24-01-2024,25-01-2024,18000,PE,76.71,275862
24-01-2024,25-01-2024,18050,CE,289.96,402144
24-01-2024,25-01-2024,18050,PE,210.79,167461
24-01-2024,25-01-2024,18100,CE,88.97,31623
24-01-2024,25-01-2024,18100,PE,201.88,289309
24-01-2024,25-01-2024,18150,CE,301.45,108323
24-01-2024,25-01-2024,18150,PE,129.69,367077
24-01-2024,25-01-2024,18200,CE,223.81,91180
24-01-2024,25-01-2024,18200,PE,39.8,447680
25-01-2024,25-01-2024,18200,CE,110.62,136506
25-01-2024,25-01-2024,18200,PE,207.25,111904
25-01-2024,25-01-2024,18250,CE,177.47,247893
25-01-2024,25-01-2024,18250,PE,86.7,452180
25-01-2024,25-01-2024,18300,CE,366.9,198489
25-01-2024,25-01-2024,18300,PE,253.41,83018
25-01-2024,25-01-2024,18350,CE,48.82,404292
25-01-2024,25-01-2024,18350,PE,281.15,272891
25-01-2024,25-01-2024,18400,CE,324.55,402789
25-01-2024,25-01-2024,18400,PE,302.72,385283
26-01-2024,01-02-2024,17900,CE,58.64,204838
26-01-2024,01-02-2024,17900,PE,215.1,222334
26-01-2024,01-02-2024,17950,CE,166.74,131805
26-01-2024,01-02-2024,17950,PE,288.24,94376
26-01-2024,01-02-2024,18000,CE,265.17,461356
26-01-2024,01-02-2024,18000,PE,159.06,362773
26-01-2024,01-02-2024,18050,CE,175.95,86377
26-01-2024,01-02-2024,18050,PE,49.46,127288
26-01-2024,01-02-2024,18100,CE,349.76,233234
26-01-2024,01-02-2024,18100,PE,25.51,13629
29-01-2024,01-02-2024,17150,CE,325.87,208558
29-01-2024,01-02-2024,17150,PE,254.67,309763
29-01-2024,01-02-2024,17200,CE,39.64,331912
29-01-2024,01-02-2024,17200,PE,399.8,221865
29-01-2024,01-02-2024,17250,CE,275.32,314196
29-01-2024,01-02-2024,17250,PE,346.07,281034
29-01-2024,01-02-2024,17300,CE,59.94,327468
29-01-2024,01-02-2024,17300,PE,273.11,119958
29-01-2024,01-02-2024,17350,CE,251.62,211539
29-01-2024,01-02-2024,17350,PE,36.12,417629
30-01-2024,01-02-2024,20200,CE,180.65,107924
30-01-2024,01-02-2024,20200,PE,312.8,188848
30-01-2024,01-02-2024,20250,CE,263.96,223423
30-01-2024,01-02-2024,20250,PE,327.1,144043
30-01-2024,01-02-2024,20300,CE,260.5,336879
30-01-2024,01-02-2024,20300,PE,163.35,199050
30-01-2024,01-02-2024,20350,CE,74.99,161431
30-01-2024,01-02-2024,20350,PE,346.25,169680
30-01-2024,01-02-2024,20400,CE,263.64,59138
30-01-2024,01-02-2024,20400,PE,309.2,21070
31-01-2024,01-02-2024,21000,CE,163,283336
31-01-2024,01-02-2024,21000,PE,123.91,420453
31-01-2024,01-02-2024,21050,CE,198.84,281844
31-01-2024,01-02-2024,21050,PE,238.82,323964
31-01-2024,01-02-2024,21100,CE,164.83,404042
31-01-2024,01-02-2024,21100,PE,276.07,56092
31-01-2024,01-02-2024,21150,CE,24.69,126302
31-01-2024,01-02-2024,21150,PE,378.56,81613
31-01-2024,01-02-2024,21200,CE,291.61,361354
31-01-2024,01-02-2024,21200,PE,160.17,343443
01-02-2024,01-02-2024,18600,CE,109.55,459587
01-02-2024,01-02-2024,18600,PE,202.13,300567
01-02-2024,01-02-2024,18650,CE,234.53,157074
01-02-2024,01-02-2024,18650,PE,300.56,112317
01-02-2024,01-02-2024,18700,CE,53.76,225809
01-02-2024,01-02-2024,18700,PE,285.62,32949
01-02-2024,01-02-2024,18750,CE,85.72,343878
01-02-2024,01-02-2024,18750,PE,310.71,279180
01-02-2024,01-02-2024,18800,CE,108.88,182020
01-02-2024,01-02-2024,18800,PE,384.61,296546
02-02-2024,08-02-2024,18300,CE,267.7,70308
02-02-2024,08-02-2024,18300,PE,291.75,497223
02-02-2024,08-02-2024,18350,CE,181.43,63563
02-02-2024,08-02-2024,18350,PE,28.2,112647
02-02-2024,08-02-2024,18400,CE,231.4,381844
02-02-2024,08-02-2024,18400,PE,233.28,145931
02-02-2024,08-02-2024,18450,CE,46.81,124136
02-02-2024,08-02-2024,18450,PE,374.33,303931
02-02-2024,08-02-2024,18500,CE,281.94,464229
02-02-2024,08-02-2024,18500,PE,116.8,475726
05-02-2024,08-02-2024,18200,CE,49.69,23919
05-02-2024,08-02-2024,18200,PE,209.16,439984
05-02-2024,08-02-2024,18250,CE,303.42,24694
05-02-2024,08-02-2024,18250,PE,48.5,43911
05-02-2024,08-02-2024,18300,CE,85.18,401823
05-02-2024,08-02-2024,18300,PE,256.8,86410
05-02-2024,08-02-2024,18350,CE,353.97,296254
05-02-2024,08-02-2024,18350,PE,121.49,141443
05-02-2024,08-02-2024,18400,CE,194.25,414434
05-02-2024,08-02-2024,18400,PE,234.33,276019
06-02-2024,08-02-2024,16950,CE,28.06,299479
06-02-2024,08-02-2024,16950,PE,180.37,107406
06-02-2024,08-02-2024,17000,CE,181.36,263018
06-02-2024,08-02-2024,17000,PE,118.68,114139
06-02-2024,08-02-2024,17050,CE,179.41,322502
06-02-2024,08-02-2024,17050,PE,370.59,61587
06-02-2024,08-02-2024,17100,CE,102.29,496039
06-02-2024,08-02-2024,17100,PE,302.14,147420
06-02-2024,08-02-2024,17150,CE,59.73,238542
06-02-2024,08-02-2024,17150,PE,184.81,190458
07-02-2024,08-02-2024,17050,CE,166.84,208867
07-02-2024,08-02-2024,17050,PE,260.09,272570
07-02-2024,08-02-2024,17100,CE,310.93,497012
07-02-2024,08-02-2024,17100,PE,350.73,489968
07-02-2024,08-02-2024,17150,CE,168.33,69152
07-02-2024,08-02-2024,17150,PE,265.4,170401
07-02-2024,08-02-2024,17200,CE,335.52,243309
07-02-2024,08-02-2024,17200,PE,34.38,206152
07-02-2024,08-02-2024,17250,CE,70.91,341731
07-02-2024,08-02-2024,17250,PE,250.21,356165
08-02-2024,08-02-2024,19050,CE,16.81,458890
08-02-2024,08-02-2024,19050,PE,57.06,223586
08-02-2024,08-02-2024,19100,CE,316.51,181481
08-02-2024,08-02-2024,19100,PE,76.74,474437
08-02-2024,08-02-2024,19150,CE,112.66,438260
08-02-2024,08-02-2024,19150,PE,199.86,154617
08-02-2024,08-02-2024,19200,CE,302.03,443274
08-02-2024,08-02-2024,19200,PE,16.61,156904
08-02-2024,08-02-2024,19250,CE,295.73,389980
08-02-2024,08-02-2024,19250,PE,143.84,356584
09-02-2024,15-02-2024,17900,CE,155.94,168352
09-02-2024,15-02-2024,17900,PE,42.27,112866
09-02-2024,15-02-2024,17950,CE,374.69,32296
09-02-2024,15-02-2024,17950,PE,10.57,132153
09-02-2024,15-02-2024,18000,CE,10.02,211372
09-02-2024,15-02-2024,18000,PE,134.75,408319
09-02-2024,15-02-2024,18050,CE,103.61,367025
09-02-2024,15-02-2024,18050,PE,201.93,474150
09-02-2024,15-02-2024,18100,CE,302.98,158816
09-02-2024,15-02-2024,18100,PE,213.15,432137
12-02-2024,15-02-2024,18200,CE,210.46,434158
12-02-2024,15-02-2024,18200,PE,224.1,183615
12-02-2024,15-02-2024,18250,CE,232.63,358516
12-02-2024,15-02-2024,18250,PE,23.33,316618
12-02-2024,15-02-2024,18300,CE,205.42,191562
12-02-2024,15-02-2024,18300,PE,16.22,469802
12-02-2024,15-02-2024,18350,CE,348.58,214440
12-02-2024,15-02-2024,18350,PE,330.86,310915
12-02-2024,15-02-2024,18400,CE,189.28,227037
12-02-2024,15-02-2024,18400,PE,182.86,123558
13-02-2024,15-02-2024,14650,CE,67.72,61286
13-02-2024,15-02-2024,14650,PE,33.4,149272
13-02-2024,15-02-2024,14700,CE,171.43,22562
13-02-2024,15-02-2024,14700,PE,367.79,197143
13-02-2024,15-02-2024,14750,CE,269.36,491081
13-02-2024,15-02-2024,14750,PE,379.66,97335
13-02-2024,15-02-2024,14800,CE,348.93,32742
13-02-2024,15-02-2024,14800,PE,388.35,371540
13-02-2024,15-02-2024,14850,CE,230.35,77063
13-02-2024,15-02-2024,14850,PE,394.79,147025
14-02-2024,15-02-2024,17750,CE,193.5,312711
14-02-2024,15-02-2024,17750,PE,14.71,21722
14-02-2024,15-02-2024,17800,CE,115.49,315391
14-02-2024,15-02-2024,17800,PE,68.22,123957
14-02-2024,15-02-2024,17850,CE,363.09,94288
14-02-2024,15-02-2024,17850,PE,40.29,325099
14-02-2024,15-02-2024,17900,CE,88.78,456178
14-02-2024,15-02-2024,17900,PE,106.78,37947
14-02-2024,15-02-2024,17950,CE,31.65,344985
14-02-2024,15-02-2024,17950,PE,211.05,130724
15-02-2024,15-02-2024,18650,CE,343.57,429461
15-02-2024,15-02-2024,18650,PE,126.34,144125
15-02-2024,15-02-2024,18700,CE,313.08,278482
15-02-2024,15-02-2024,18700,PE,261.48,68981
15-02-2024,15-02-2024,18750,CE,344.51,225812
15-02-2024,15-02-2024,18750,PE,348.45,224395
15-02-2024,15-02-2024,18800,CE,145.77,189851
15-02-2024,15-02-2024,18800,PE,363.51,380370
15-02-2024,15-02-2024,18850,CE,133.58,171940
15-02-2024,15-02-2024,18850,PE,124.94,459902
16-02-2024,22-02-2024,16600,CE,53.04,45924
16-02-2024,22-02-2024,16600,PE,158.18,467637
16-02-2024,22-02-2024,16650,CE,313.72,183764
16-02-2024,22-02-2024,16650,PE,257.24,442164
16-02-2024,22-02-2024,16700,CE,133.96,339235
16-02-2024,22-02-2024,16700,PE,277.33,55897
16-02-2024,22-02-2024,16750,CE,64.9,153163
16-02-2024,22-02-2024,16750,PE,257.78,70962
16-02-2024,22-02-2024,16800,CE,277.71,360240
16-02-2024,22-02-2024,16800,PE,191.86,226076
19-02-2024,22-02-2024,16950,CE,93.58,210464
19-02-2024,22-02-2024,16950,PE,259.04,316406
19-02-2024,22-02-2024,17000,CE,18.89,163704
19-02-2024,22-02-2024,17000,PE,311.24,202293
19-02-2024,22-02-2024,17050,CE,112.4,364172
19-02-2024,22-02-2024,17050,PE,360.65,212003
19-02-2024,22-02-2024,17100,CE,203.58,301133
19-02-2024,22-02-2024,17100,PE,268.25,29540
19-02-2024,22-02-2024,17150,CE,337.3,143895
19-02-2024,22-02-2024,17150,PE,149.58,461771
20-02-2024,22-02-2024,16450,CE,10.49,324763
20-02-2024,22-02-2024,16450,PE,380.73,374255
20-02-2024,22-02-2024,16500,CE,279.26,143504
20-02-2024,22-02-2024,16500,PE,97.3,89827
20-02-2024,22-02-2024,16550,CE,203.9,225883
20-02-2024,22-02-2024,16550,PE,87.56,495145
20-02-2024,22-02-2024,16600,CE,98.93,397843
20-02-2024,22-02-2024,16600,PE,229.13,225060
20-02-2024,22-02-2024,16650,CE,247.24,84732
20-02-2024,22-02-2024,16650,PE,241.27,72219
21-02-2024,22-02-2024,17700,CE,366.34,209903
21-02-2024,22-02-2024,17700,PE,140.15,267688
21-02-2024,22-02-2024,17750,CE,139.66,343396
21-02-2024,22-02-2024,17750,PE,107.26,62727
21-02-2024,22-02-2024,17800,CE,117.44,275240
21-02-2024,22-02-2024,17800,PE,197.39,181773
21-02-2024,22-02-2024,17850,CE,399.19,426522
21-02-2024,22-02-2024,17850,PE,32.9,246374
21-02-2024,22-02-2024,17900,CE,205.94,357008
21-02-2024,22-02-2024,17900,PE,291.61,56778
22-02-2024,22-02-2024,14750,CE,359.65,330571
22-02-2024,22-02-2024,14750,PE,267.41,448337
22-02-2024,22-02-2024,14800,CE,57.4,364817
22-02-2024,22-02-2024,14800,PE,391.29,393758
22-02-2024,22-02-2024,14850,CE,99.83,17924
22-02-2024,22-02-2024,14850,PE,357.45,412250
22-02-2024,22-02-2024,14900,CE,374.13,360049
22-02-2024,22-02-2024,14900,PE,326.82,443368
22-02-2024,22-02-2024,14950,CE,170.97,301418
22-02-2024,22-02-2024,14950,PE,143.22,336163
23-02-2024,29-02-2024,19050,CE,133.17,39715
23-02-2024,29-02-2024,19050,PE,93.21,471160
23-02-2024,29-02-2024,19100,CE,235.46,279367
23-02-2024,29-02-2024,19100,PE,196.72,50560
23-02-2024,29-02-2024,19150,CE,42.23,368283
23-02-2024,29-02-2024,19150,PE,323.23,48606
23-02-2024,29-02-2024,19200,CE,224.01,248508
23-02-2024,29-02-2024,19200,PE,223.72,476504
23-02-2024,29-02-2024,19250,CE,69.04,187751
23-02-2024,29-02-2024,19250,PE,253.87,269831
26-02-2024,29-02-2024,16200,CE,58.4,460855
26-02-2024,29-02-2024,16200,PE,211.63,83680
26-02-2024,29-02-2024,16250,CE,68.94,253219
26-02-2024,29-02-2024,16250,PE,283.94,125246
26-02-2024,29-02-2024,16300,CE,45.94,129501
26-02-2024,29-02-2024,16300,PE,40.28,137137
26-02-2024,29-02-2024,16350,CE,57.75,450988
26-02-2024,29-02-2024,16350,PE,359.8,488251
26-02-2024,29-02-2024,16400,CE,233.6,156620
26-02-2024,29-02-2024,16400,PE,199.66,169561
27-02-2024,29-02-2024,21400,CE,366.19,206897
27-02-2024,29-02-2024,21400,PE,107.6,342245
27-02-2024,29-02-2024,21450,CE,193.17,77032
27-02-2024,29-02-2024,21450,PE,13.51,306041
27-02-2024,29-02-2024,21500,CE,383.52,12019
27-02-2024,29-02-2024,21500,PE,243.56,111379
27-02-2024,29-02-2024,21550,CE,202.73,490640
27-02-2024,29-02-2024,21550,PE,214.72,330022
27-02-2024,29-02-2024,21600,CE,93.69,162474
27-02-2024,29-02-2024,21600,PE,97.28,439020
28-02-2024,29-02-2024,21350,CE,245.75,92863
28-02-2024,29-02-2024,21350,PE,312.91,32269
28-02-2024,29-02-2024,21400,CE,74.07,92114
28-02-2024,29-02-2024,21400,PE,214.21,253926
28-02-2024,29-02-2024,21450,CE,391.88,399629
28-02-2024,29-02-2024,21450,PE,54.18,111345
28-02-2024,29-02-2024,21500,CE,228.89,423246
28-02-2024,29-02-2024,21500,PE,39.18,95146
28-02-2024,29-02-2024,21550,CE,302.5,153302
28-02-2024,29-02-2024,21550,PE,290.26,291182
29-02-2024,29-02-2024,20050,CE,78.44,480075
29-02-2024,29-02-2024,20050,PE,325.98,300631
29-02-2024,29-02-2024,20100,CE,89.52,66304
29-02-2024,29-02-2024,20100,PE,382.15,467469
29-02-2024,29-02-2024,20150,CE,315.93,209217
29-02-2024,29-02-2024,20150,PE,397.05,488572
29-02-2024,29-02-2024,20200,CE,286.94,307523
29-02-2024,29-02-2024,20200,PE,265.84,104225
29-02-2024,29-02-2024,20250,CE,68.75,57648
29-02-2024,29-02-2024,20250,PE,27.44,334856
01-03-2024,07-03-2024,19600,CE,262.91,296176
01-03-2024,07-03-2024,19600,PE,365.34,385407
01-03-2024,07-03-2024,19650,CE,265.12,307795
01-03-2024,07-03-2024,19650,PE,344.11,210088
01-03-2024,07-03-2024,19700,CE,38.85,200843
01-03-2024,07-03-2024,19700,PE,288.97,56709
01-03-2024,07-03-2024,19750,CE,325.14,369264
01-03-2024,07-03-2024,19750,PE,222.08,58251
01-03-2024,07-03-2024,19800,CE,244.02,396812
01-03-2024,07-03-2024,19800,PE,80.87,76393
04-03-2024,07-03-2024,20100,CE,262.46,306510
04-03-2024,07-03-2024,20100,PE,301.91,156128
04-03-2024,07-03-2024,20150,CE,255.95,337408
04-03-2024,07-03-2024,20150,PE,353.84,385282
04-03-2024,07-03-2024,20200,CE,94.33,262802
04-03-2024,07-03-2024,20200,PE,50.13,152969
04-03-2024,07-03-2024,20250,CE,16.07,495022
04-03-2024,07-03-2024,20250,PE,177.93,249194
04-03-2024,07-03-2024,20300,CE,309.43,154193
04-03-2024,07-03-2024,20300,PE,264.65,28028
05-03-2024,07-03-2024,17350,CE,11.87,296499
05-03-2024,07-03-2024,17350,PE,223.56,452830
05-03-2024,07-03-2024,17400,CE,31.01,408006
05-03-2024,07-03-2024,17400,PE,36.42,323544
05-03-2024,07-03-2024,17450,CE,358.85,136445
05-03-2024,07-03-2024,17450,PE,108.21,357665
05-03-2024,07-03-2024,17500,CE,179.81,399470
05-03-2024,07-03-2024,17500,PE,80.35,325715
05-03-2024,07-03-2024,17550,CE,342.42,113836
05-03-2024,07-03-2024,17550,PE,316.16,222244
06-03-2024,07-03-2024,20400,CE,120.01,139764
06-03-2024,07-03-2024,20400,PE,37.28,489638
06-03-2024,07-03-2024,20450,CE,225.01,96908
06-03-2024,07-03-2024,20450,PE,387.07,458336
06-03-2024,07-03-2024,20500,CE,233.55,448377
06-03-2024,07-03-2024,20500,PE,247.32,327423
06-03-2024,07-03-2024,20550,CE,74.43,122799
06-03-2024,07-03-2024,20550,PE,299.77,172073
06-03-2024,07-03-2024,20600,CE,384.94,20467
06-03-2024,07-03-2024,20600,PE,235.18,58583
07-03-2024,07-03-2024,18150,CE,318.17,180324
07-03-2024,07-03-2024,18150,PE,338.77,229544
07-03-2024,07-03-2024,18200,CE,182.76,127236
07-03-2024,07-03-2024,18200,PE,166.3,344699
07-03-2024,07-03-2024,18250,CE,22.57,302215
07-03-2024,07-03-2024,18250,PE,61.74,313558
07-03-2024,07-03-2024,18300,CE,358.4,49529
07-03-2024,07-03-2024,18300,PE,366.88,77004
07-03-2024,07-03-2024,18350,CE,200.14,453708
07-03-2024,07-03-2024,18350,PE,137.97,114070
08-03-2024,14-03-2024,17350,CE,95.46,236098
08-03-2024,14-03-2024,17350,PE,41.97,167907
08-03-2024,14-03-2024,17400,CE,152.46,271359
08-03-2024,14-03-2024,17400,PE,303.71,211308
08-03-2024,14-03-2024,17450,CE,200.32,252379
08-03-2024,14-03-2024,17450,PE,208.2,280675
08-03-2024,14-03-2024,17500,CE,228.52,73998
08-03-2024,14-03-2024,17500,PE,243.17,161833
08-03-2024,14-03-2024,17550,CE,376.37,388311
08-03-2024,14-03-2024,17550,PE,260.76,260625
11-03-2024,14-03-2024,18400,CE,191.45,410403
11-03-2024,14-03-2024,18400,PE,13.43,343319
11-03-2024,14-03-2024,18450,CE,262.44,355846
11-03-2024,14-03-2024,18450,PE,275.35,461268
11-03-2024,14-03-2024,18500,CE,387.17,299457
11-03-2024,14-03-2024,18500,PE,51.61,440324
11-03-2024,14-03-2024,18550,CE,131.79,474045
11-03-2024,14-03-2024,18550,PE,230.62,73045
11-03-2024,14-03-2024,18600,CE,71.94,332589
11-03-2024,14-03-2024,18600,PE,177.9,84860
12-03-2024,14-03-2024,19500,CE,284.8,123628
12-03-2024,14-03-2024,19500,PE,277.48,490233
12-03-2024,14-03-2024,19550,CE,39.16,201878
12-03-2024,14-03-2024,19550,PE,27.05,187075
12-03-2024,14-03-2024,19600,CE,72.13,139778
12-03-2024,14-03-2024,19600,PE,198.85,213372
12-03-2024,14-03-2024,19650,CE,335.99,359820
12-03-2024,14-03-2024,19650,PE,377.38,250912
12-03-2024,14-03-2024,19700,CE,246.16,181872
12-03-2024,14-03-2024,19700,PE,91.31,129945
13-03-2024,14-03-2024,16300,CE,11.28,433513
13-03-2024,14-03-2024,16300,PE,382.34,330555
13-03-2024,14-03-2024,16350,CE,97.26,143308
13-03-2024,14-03-2024,16350,PE,186.32,77721
13-03-2024,14-03-2024,16400,CE,231.35,78106
13-03-2024,14-03-2024,16400,PE,331.26,364496
13-03-2024,14-03-2024,16450,CE,207.92,192434
13-03-2024,14-03-2024,16450,PE,93.59,55012
13-03-2024,14-03-2024,16500,CE,308.02,354757
13-03-2024,14-03-2024,16500,PE,296.9,327860
14-03-2024,14-03-2024,16150,CE,130.6,385326
14-03-2024,14-03-2024,16150,PE,211.82,432343
14-03-2024,14-03-2024,16200,CE,315.58,386034
14-03-2024,14-03-2024,16200,PE,151.59,63011
14-03-2024,14-03-2024,16250,CE,39.27,86747
14-03-2024,14-03-2024,16250,PE,265.69,418367
14-03-2024,14-03-2024,16300,CE,219.79,370319
14-03-2024,14-03-2024,16300,PE,187.72,452569
14-03-2024,14-03-2024,16350,CE,341.09,218766
14-03-2024,14-03-2024,16350,PE,256.07,184536
15-03-2024,21-03-2024,14850,CE,258.24,483631
15-03-2024,21-03-2024,14850,PE,221.11,23620
15-03-2024,21-03-2024,14900,CE,377.48,13423
15-03-2024,21-03-2024,14900,PE,159.29,306608
15-03-2024,21-03-2024,14950,CE,49.23,93219
15-03-2024,21-03-2024,14950,PE,330.14,64463
15-03-2024,21-03-2024,15000,CE,377.19,134091
15-03-2024,21-03-2024,15000,PE,77.05,98861
15-03-2024,21-03-2024,15050,CE,63.34,225804
15-03-2024,21-03-2024,15050,PE,202.7,251114
18-03-2024,21-03-2024,17600,CE,365.32,349474
18-03-2024,21-03-2024,17600,PE,290.35,444126
18-03-2024,21-03-2024,17650,CE,164.42,383982
18-03-2024,21-03-2024,17650,PE,185.6,244785
18-03-2024,21-03-2024,17700,CE,325.47,139184
18-03-2024,21-03-2024,17700,PE,92.11,417027
18-03-2024,21-03-2024,17750,CE,308.62,419194
18-03-2024,21-03-2024,17750,PE,104.2,343097
18-03-2024,21-03-2024,17800,CE,61.39,62275
18-03-2024,21-03-2024,17800,PE,348.12,167979
19-03-2024,21-03-2024,17100,CE,313.42,403234
19-03-2024,21-03-2024,17100,PE,368.68,340317
19-03-2024,21-03-2024,17150,CE,389.36,457409
19-03-2024,21-03-2024,17150,PE,156.51,366683
19-03-2024,21-03-2024,17200,CE,318.02,76647
19-03-2024,21-03-2024,17200,PE,295.82,52858
19-03-2024,21-03-2024,17250,CE,389.51,442106
19-03-2024,21-03-2024,17250,PE,116.47,237683
19-03-2024,21-03-2024,17300,CE,193.77,438582
19-03-2024,21-03-2024,17300,PE,381.43,418476
20-03-2024,21-03-2024,16700,CE,80.83,314533
20-03-2024,21-03-2024,16700,PE,78.96,392250
20-03-2024,21-03-2024,16750,CE,125.49,164618
20-03-2024,21-03-2024,16750,PE,313.95,96156
20-03-2024,21-03-2024,16800,CE,82.18,249517
20-03-2024,21-03-2024,16800,PE,157.44,99963
20-03-2024,21-03-2024,16850,CE,171.68,208012
20-03-2024,21-03-2024,16850,PE,109.92,304017
20-03-2024,21-03-2024,16900,CE,379.78,318603
20-03-2024,21-03-2024,16900,PE,334.61,329294
21-03-2024,21-03-2024,17900,CE,260.06,466153
21-03-2024,21-03-2024,17900,PE,182.2,482995
21-03-2024,21-03-2024,17950,CE,76.65,426668
21-03-2024,21-03-2024,17950,PE,320.4,418677
21-03-2024,21-03-2024,18000,CE,84.73,50332
21-03-2024,21-03-2024,18000,PE,297.29,327319
21-03-2024,21-03-2024,18050,CE,64.48,397897
21-03-2024,21-03-2024,18050,PE,83.5,200237
21-03-2024,21-03-2024,18100,CE,348.38,435388
21-03-2024,21-03-2024,18100,PE,105.28,163526
22-03-2024,28-03-2024,17300,CE,62.51,178461
22-03-2024,28-03-2024,17300,PE,265.46,135024
22-03-2024,28-03-2024,17350,CE,379.59,224583
22-03-2024,28-03-2024,17350,PE,57.22,413061
22-03-2024,28-03-2024,17400,CE,229.55,319366
22-03-2024,28-03-2024,17400,PE,310.53,483843
22-03-2024,28-03-2024,17450,CE,20.02,162762
22-03-2024,28-03-2024,17450,PE,53.77,251314
22-03-2024,28-03-2024,17500,CE,302.98,201598
22-03-2024,28-03-2024,17500,PE,67.73,250485
25-03-2024,28-03-2024,19400,CE,314.34,483393
25-03-2024,28-03-2024,19400,PE,218.64,406144
25-03-2024,28-03-2024,19450,CE,232.48,159666
25-03-2024,28-03-2024,19450,PE,331.67,283546
25-03-2024,28-03-2024,19500,CE,292.67,372120
25-03-2024,28-03-2024,19500,PE,128.91,348957
25-03-2024,28-03-2024,19550,CE,322.89,358252
25-03-2024,28-03-2024,19550,PE,218.78,81812
25-03-2024,28-03-2024,19600,CE,354.16,380836
25-03-2024,28-03-2024,19600,PE,241.25,209372
26-03-2024,28-03-2024,19200,CE,343.22,277647
26-03-2024,28-03-2024,19200,PE,399.17,438641
26-03-2024,28-03-2024,19250,CE,39.85,364063
26-03-2024,28-03-2024,19250,PE,132.16,18703
26-03-2024,28-03-2024,19300,CE,290.65,348529
26-03-2024,28-03-2024,19300,PE,283.66,452798
26-03-2024,28-03-2024,19350,CE,324.55,137008
26-03-2024,28-03-2024,19350,PE,31.37,444139
26-03-2024,28-03-2024,19400,CE,130.31,286730
26-03-2024,28-03-2024,19400,PE,18.36,127111
27-03-2024,28-03-2024,22250,CE,380.04,188041
27-03-2024,28-03-2024,22250,PE,374,171931
27-03-2024,28-03-2024,22300,CE,47.11,325224
27-03-2024,28-03-2024,22300,PE,110.36,291697
27-03-2024,28-03-2024,22350,CE,35.86,476840
27-03-2024,28-03-2024,22350,PE,327.63,206995
27-03-2024,28-03-2024,22400,CE,151.71,84879
27-03-2024,28-03-2024,22400,PE,253.13,204942
27-03-2024,28-03-2024,22450,CE,167.93,256047
27-03-2024,28-03-2024,22450,PE,83.58,423174
28-03-2024,28-03-2024,15450,CE,243.65,131703
28-03-2024,28-03-2024,15450,PE,113.76,253442
28-03-2024,28-03-2024,15500,CE,345.42,452718
28-03-2024,28-03-2024,15500,PE,210.96,108953
28-03-2024,28-03-2024,15550,CE,281.03,282795
28-03-2024,28-03-2024,15550,PE,43.03,258713
28-03-2024,28-03-2024,15600,CE,129.69,322765
28-03-2024,28-03-2024,15600,PE,111.99,244623
28-03-2024,28-03-2024,15650,CE,100.62,269763
28-03-2024,28-03-2024,15650,PE,184.63,119236
29-03-2024,04-04-2024,19600,CE,374.57,112905
29-03-2024,04-04-2024,19600,PE,234.54,104418
29-03-2024,04-04-2024,19650,CE,32.31,105902
29-03-2024,04-04-2024,19650,PE,74.23,130398
29-03-2024,04-04-2024,19700,CE,146.18,455953
29-03-2024,04-04-2024,19700,PE,392.88,386764
29-03-2024,04-04-2024,19750,CE,395.14,354923
29-03-2024,04-04-2024,19750,PE,314.08,109548
29-03-2024,04-04-2024,19800,CE,161.43,373601
29-03-2024,04-04-2024,19800,PE,392.02,426294
01-04-2024,04-04-2024,13200,CE,167.23,28161
01-04-2024,04-04-2024,13200,PE,320.49,256117
01-04-2024,04-04-2024,13250,CE,225.39,147019
01-04-2024,04-04-2024,13250,PE,239.67,218490
01-04-2024,04-04-2024,13300,CE,44.55,156395
01-04-2024,04-04-2024,13300,PE,217.85,282703
01-04-2024,04-04-2024,13350,CE,207.23,195341
01-04-2024,04-04-2024,13350,PE,210.23,113452
01-04-2024,04-04-2024,13400,CE,325.54,179980
01-04-2024,04-04-2024,13400,PE,97.67,39828
02-04-2024,04-04-2024,17900,CE,18.89,151612
02-04-2024,04-04-2024,17900,PE,318.04,122124
02-04-2024,04-04-2024,17950,CE,362.83,419177
02-04-2024,04-04-2024,17950,PE,56.66,293051
02-04-2024,04-04-2024,18000,CE,214.32,91650
02-04-2024,04-04-2024,18000,PE,320.66,480720
02-04-2024,04-04-2024,18050,CE,117.72,165408
02-04-2024,04-04-2024,18050,PE,88.49,197394
02-04-2024,04-04-2024,18100,CE,242.77,49856
02-04-2024,04-04-2024,18100,PE,389.63,274864
03-04-2024,04-04-2024,14250,CE,105.67,135790
03-04-2024,04-04-2024,14250,PE,11,176162
03-04-2024,04-04-2024,14300,CE,273.02,354679
03-04-2024,04-04-2024,14300,PE,371.03,325779
03-04-2024,04-04-2024,14350,CE,32.86,164201
03-04-2024,04-04-2024,14350,PE,21.41,303862
03-04-2024,04-04-2024,14400,CE,84.74,471678
03-04-2024,04-04-2024,14400,PE,289.54,43515
03-04-2024,04-04-2024,14450,CE,206.29,194543
03-04-2024,04-04-2024,14450,PE,123.71,44919
04-04-2024,04-04-2024,17600,CE,215.1,463601
04-04-2024,04-04-2024,17600,PE,175.16,387747
04-04-2024,04-04-2024,17650,CE,66.95,444282
04-04-2024,04-04-2024,17650,PE,170.55,207947
04-04-2024,04-04-2024,17700,CE,141,33867
04-04-2024,04-04-2024,17700,PE,155.02,326327
04-04-2024,04-04-2024,17750,CE,25.04,67218
04-04-2024,04-04-2024,17750,PE,72.53,339491
04-04-2024,04-04-2024,17800,CE,54.63,387818
04-04-2024,04-04-2024,17800,PE,283.77,397921
05-04-2024,11-04-2024,20500,CE,281.86,35607
05-04-2024,11-04-2024,20500,PE,125.05,301520
05-04-2024,11-04-2024,20550,CE,354.61,52957
05-04-2024,11-04-2024,20550,PE,153.06,388614
05-04-2024,11-04-2024,20600,CE,149.82,387318
05-04-2024,11-04-2024,20600,PE,51.22,298060
05-04-2024,11-04-2024,20650,CE,311.77,120050
05-04-2024,11-04-2024,20650,PE,90.56,322409
05-04-2024,11-04-2024,20700,CE,390.12,93480
05-04-2024,11-04-2024,20700,PE,333.89,188336
08-04-2024,11-04-2024,17750,CE,357.36,357132
08-04-2024,11-04-2024,17750,PE,154.09,204377
08-04-2024,11-04-2024,17800,CE,105.22,315251
08-04-2024,11-04-2024,17800,PE,142.02,215818
08-04-2024,11-04-2024,17850,CE,374.41,465529
08-04-2024,11-04-2024,17850,PE,69.21,450784
08-04-2024,11-04-2024,17900,CE,157.58,118709
08-04-2024,11-04-2024,17900,PE,44.3,138679
08-04-2024,11-04-2024,17950,CE,300.85,142702
08-04-2024,11-04-2024,17950,PE,347.22,139891
09-04-2024,11-04-2024,18000,CE,143.28,69556
09-04-2024,11-04-2024,18000,PE,365.98,124377
09-04-2024,11-04-2024,18050,CE,297.58,133313
09-04-2024,11-04-2024,18050,PE,245.6,219120
09-04-2024,11-04-2024,18100,CE,130.09,139900
09-04-2024,11-04-2024,18100,PE,225.35,53949
09-04-2024,11-04-2024,18150,CE,169.26,149022
09-04-2024,11-04-2024,18150,PE,121.52,418464
09-04-2024,11-04-2024,18200,CE,249.92,94446
09-04-2024,11-04-2024,18200,PE,248.78,129122
10-04-2024,11-04-2024,18500,CE,329.28,270575
10-04-2024,11-04-2024,18500,PE,59.76,92236
10-04-2024,11-04-2024,18550,CE,205.72,453189
10-04-2024,11-04-2024,18550,PE,153.95,459383
10-04-2024,11-04-2024,18600,CE,116.57,235323
10-04-2024,11-04-2024,18600,PE,22.69,140207
10-04-2024,11-04-2024,18650,CE,137.8,78807
10-04-2024,11-04-2024,18650,PE,99.82,302872
10-04-2024,11-04-2024,18700,CE,36.86,324260
10-04-2024,11-04-2024,18700,PE,242.8,17080
11-04-2024,11-04-2024,19700,CE,28.67,57939
11-04-2024,11-04-2024,19700,PE,86.87,145320
11-04-2024,11-04-2024,19750,CE,244.29,80749
11-04-2024,11-04-2024,19750,PE,285.77,39055
11-04-2024,11-04-2024,19800,CE,220.3,137620
11-04-2024,11-04-2024,19800,PE,96.93,393552
11-04-2024,11-04-2024,19850,CE,264.38,221801
11-04-2024,11-04-2024,19850,PE,351.27,462819
11-04-2024,11-04-2024,19900,CE,244.55,188341
11-04-2024,11-04-2024,19900,PE,116.77,359979
12-04-2024,18-04-2024,17500,CE,100.08,355577
12-04-2024,18-04-2024,17500,PE,198.35,74585
12-04-2024,18-04-2024,17550,CE,393.82,212051
12-04-2024,18-04-2024,17550,PE,117.12,52006
12-04-2024,18-04-2024,17600,CE,113,158563
12-04-2024,18-04-2024,17600,PE,251.78,306243
12-04-2024,18-04-2024,17650,CE,277.14,321484
12-04-2024,18-04-2024,17650,PE,41.51,82158
12-04-2024,18-04-2024,17700,CE,140.46,78868
12-04-2024,18-04-2024,17700,PE,301.49,419354
15-04-2024,18-04-2024,15850,CE,30.59,278159
15-04-2024,18-04-2024,15850,PE,346.3,149693
15-04-2024,18-04-2024,15900,CE,262.2,186489
15-04-2024,18-04-2024,15900,PE,126.51,163261
15-04-2024,18-04-2024,15950,CE,102.75,272672
15-04-2024,18-04-2024,15950,PE,189.28,302516
15-04-2024,18-04-2024,16000,CE,50.91,161565
15-04-2024,18-04-2024,16000,PE,125.39,305004
15-04-2024,18-04-2024,16050,CE,23.51,32363
15-04-2024,18-04-2024,16050,PE,248.08,82377
16-04-2024,18-04-2024,17600,CE,34.75,393894
16-04-2024,18-04-2024,17600,PE,115.48,351120
16-04-2024,18-04-2024,17650,CE,67.15,266050
16-04-2024,18-04-2024,17650,PE,305.71,398822
16-04-2024,18-04-2024,17700,CE,14.8,46614
16-04-2024,18-04-2024,17700,PE,37.16,493077
16-04-2024,18-04-2024,17750,CE,186.86,171135
16-04-2024,18-04-2024,17750,PE,283.4,444435
16-04-2024,18-04-2024,17800,CE,317,34391
16-04-2024,18-04-2024,17800,PE,150.47,15010
17-04-2024,18-04-2024,16200,CE,291.23,337050
17-04-2024,18-04-2024,16200,PE,237.5,376745
17-04-2024,18-04-2024,16250,CE,79.9,10383
17-04-2024,18-04-2024,16250,PE,168.09,73092
17-04-2024,18-04-2024,16300,CE,62.8,244474
17-04-2024,18-04-2024,16300,PE,93.58,335924
17-04-2024,18-04-2024,16350,CE,318.2,284059
17-04-2024,18-04-2024,16350,PE,101.12,331339
17-04-2024,18-04-2024,16400,CE,155.32,325721
17-04-2024,18-04-2024,16400,PE,375.16,194373
18-04-2024,18-04-2024,16950,CE,81.41,288500
18-04-2024,18-04-2024,16950,PE,362.62,308752
18-04-2024,18-04-2024,17000,CE,364.99,171145
18-04-2024,18-04-2024,17000,PE,141.19,169192
18-04-2024,18-04-2024,17050,CE,218.64,379700
18-04-2024,18-04-2024,17050,PE,46.78,376322
18-04-2024,18-04-2024,17100,CE,312.83,60209
18-04-2024,18-04-2024,17100,PE,98.21,112398
18-04-2024,18-04-2024,17150,CE,271.56,49410
18-04-2024,18-04-2024,17150,PE,136.04,363594
19-04-2024,25-04-2024,15400,CE,348.14,476621
19-04-2024,25-04-2024,15400,PE,76.18,372551
19-04-2024,25-04-2024,15450,CE,340.3,498364
19-04-2024,25-04-2024,15450,PE,264.35,429051
19-04-2024,25-04-2024,15500,CE,240.57,286939
19-04-2024,25-04-2024,15500,PE,324.45,161891
19-04-2024,25-04-2024,15550,CE,324.81,262388
19-04-2024,25-04-2024,15550,PE,166.56,166131
19-04-2024,25-04-2024,15600,CE,224.13,53846
19-04-2024,25-04-2024,15600,PE,139.11,378431
22-04-2024,25-04-2024,15000,CE,222.46,414950
22-04-2024,25-04-2024,15000,PE,269.76,354946
22-04-2024,25-04-2024,15050,CE,163.52,264373
22-04-2024,25-04-2024,15050,PE,265.94,335601
22-04-2024,25-04-2024,15100,CE,144.33,94950
22-04-2024,25-04-2024,15100,PE,343.36,146452
22-04-2024,25-04-2024,15150,CE,30.07,263201
22-04-2024,25-04-2024,15150,PE,333.75,211408
22-04-2024,25-04-2024,15200,CE,147.03,96151
22-04-2024,25-04-2024,15200,PE,348.12,395265
23-04-2024,25-04-2024,20650,CE,129.72,483093
23-04-2024,25-04-2024,20650,PE,197.03,310026
23-04-2024,25-04-2024,20700,CE,350.89,224757
23-04-2024,25-04-2024,20700,PE,324.35,478999
23-04-2024,25-04-2024,20750,CE,298.79,416428
23-04-2024,25-04-2024,20750,PE,89.14,216202
23-04-2024,25-04-2024,20800,CE,87.71,322951
23-04-2024,25-04-2024,20800,PE,20.91,479809
23-04-2024,25-04-2024,20850,CE,311.58,280918
23-04-2024,25-04-2024,20850,PE,143.73,144156
24-04-2024,25-04-2024,16150,CE,99.96,191596
24-04-2024,25-04-2024,16150,PE,303.91,239381
24-04-2024,25-04-2024,16200,CE,70.84,285945
24-04-2024,25-04-2024,16200,PE,54.8,435970
24-04-2024,25-04-2024,16250,CE,284.31,374934
24-04-2024,25-04-2024,16250,PE,257.93,164523
24-04-2024,25-04-2024,16300,CE,87.3,178498
24-04-2024,25-04-2024,16300,PE,123.11,277100
24-04-2024,25-04-2024,16350,CE,47.82,135926
24-04-2024,25-04-2024,16350,PE,231.38,461935
25-04-2024,25-04-2024,20750,CE,19.26,51058
25-04-2024,25-04-2024,20750,PE,137.17,475878
25-04-2024,25-04-2024,20800,CE,298.9,486107
25-04-2024,25-04-2024,20800,PE,132.11,453459
25-04-2024,25-04-2024,20850,CE,314.58,448284
25-04-2024,25-04-2024,20850,PE,201.97,89850
25-04-2024,25-04-2024,20900,CE,140.99,31116
25-04-2024,25-04-2024,20900,PE,36.06,394352
25-04-2024,25-04-2024,20950,CE,272.04,122488
25-04-2024,25-04-2024,20950,PE,397.6,394669
26-04-2024,02-05-2024,17600,CE,355.3,381929
26-04-2024,02-05-2024,17600,PE,106.88,252745
26-04-2024,02-05-2024,17650,CE,367,248005
26-04-2024,02-05-2024,17650,PE,30.35,23477
26-04-2024,02-05-2024,17700,CE,278.12,93268
26-04-2024,02-05-2024,17700,PE,370.32,147833
26-04-2024,02-05-2024,17750,CE,22.51,289333
26-04-2024,02-05-2024,17750,PE,154.74,10859
26-04-2024,02-05-2024,17800,CE,72.53,309792
26-04-2024,02-05-2024,17800,PE,78.23,129209
29-04-2024,02-05-2024,19950,CE,392.54,182069
29-04-2024,02-05-2024,19950,PE,276.96,96806
29-04-2024,02-05-2024,20000,CE,293.32,439624
29-04-2024,02-05-2024,20000,PE,209.53,287798
29-04-2024,02-05-2024,20050,CE,121.02,351222
29-04-2024,02-05-2024,20050,PE,358.84,476742
29-04-2024,02-05-2024,20100,CE,370.33,273343
29-04-2024,02-05-2024,20100,PE,387.35,45474
29-04-2024,02-05-2024,20150,CE,292.68,409301
29-04-2024,02-05-2024,20150,PE,305.16,474637
30-04-2024,02-05-2024,15700,CE,329.43,148208
30-04-2024,02-05-2024,15700,PE,292.91,142401
30-04-2024,02-05-2024,15750,CE,338.92,241195
30-04-2024,02-05-2024,15750,PE,373.79,186137
30-04-2024,02-05-2024,15800,CE,347.97,270600
30-04-2024,02-05-2024,15800,PE,77.18,319143
30-04-2024,02-05-2024,15850,CE,227.32,407175
30-04-2024,02-05-2024,15850,PE,169.95,300620
30-04-2024,02-05-2024,15900,CE,211.96,358800
30-04-2024,02-05-2024,15900,PE,82.35,25746
01-05-2024,02-05-2024,19050,CE,365.82,379608
01-05-2024,02-05-2024,19050,PE,211.92,153139
01-05-2024,02-05-2024,19100,CE,295.3,249691
01-05-2024,02-05-2024,19100,PE,245.12,365621
01-05-2024,02-05-2024,19150,CE,289.89,477427
01-05-2024,02-05-2024,19150,PE,83.16,275632
01-05-2024,02-05-2024,19200,CE,162.23,351550
01-05-2024,02-05-2024,19200,PE,389.16,147086
01-05-2024,02-05-2024,19250,CE,65.61,40842
01-05-2024,02-05-2024,19250,PE,191.33,14562
02-05-2024,02-05-2024,20000,CE,262.81,479345
02-05-2024,02-05-2024,20000,PE,191.01,134052
02-05-2024,02-05-2024,20050,CE,309.62,123656
02-05-2024,02-05-2024,20050,PE,361.42,294908
02-05-2024,02-05-2024,20100,CE,203.91,483303
02-05-2024,02-05-2024,20100,PE,248.16,462609
02-05-2024,02-05-2024,20150,CE,189.28,314468
02-05-2024,02-05-2024,20150,PE,119.71,364981
02-05-2024,02-05-2024,20200,CE,245.39,139054
02-05-2024,02-05-2024,20200,PE,273.96,112417
03-05-2024,09-05-2024,17950,CE,11.47,358395
03-05-2024,09-05-2024,17950,PE,315.57,247696
03-05-2024,09-05-2024,18000,CE,41.86,297536
03-05-2024,09-05-2024,18000,PE,173.05,223301
03-05-2024,09-05-2024,18050,CE,302.67,197723
03-05-2024,09-05-2024,18050,PE,268.88,164817
03-05-2024,09-05-2024,18100,CE,11.94,471520
03-05-2024,09-05-2024,18100,PE,315.92,352376
03-05-2024,09-05-2024,18150,CE,182.49,465384
03-05-2024,09-05-2024,18150,PE,246.45,59869
06-05-2024,09-05-2024,17350,CE,67.18,315448
06-05-2024,09-05-2024,17350,PE,332.1,146964
06-05-2024,09-05-2024,17400,CE,109.54,197196
06-05-2024,09-05-2024,17400,PE,33.44,75710
06-05-2024,09-05-2024,17450,CE,333.65,335382
06-05-2024,09-05-2024,17450,PE,28.51,88472
06-05-2024,09-05-2024,17500,CE,328.09,126913
06-05-2024,09-05-2024,17500,PE,182.39,58191
06-05-2024,09-05-2024,17550,CE,101.65,364261
06-05-2024,09-05-2024,17550,PE,357.83,477731
07-05-2024,09-05-2024,18300,CE,196.24,179651
07-05-2024,09-05-2024,18300,PE,219.68,58639
07-05-2024,09-05-2024,18350,CE,270.15,90339
07-05-2024,09-05-2024,18350,PE,270.19,68730
07-05-2024,09-05-2024,18400,CE,305.39,477531
07-05-2024,09-05-2024,18400,PE,110.92,358135
07-05-2024,09-05-2024,18450,CE,44.82,39179
07-05-2024,09-05-2024,18450,PE,104.62,480930
07-05-2024,09-05-2024,18500,CE,327.97,46355
07-05-2024,09-05-2024,18500,PE,96.27,484321
08-05-2024,09-05-2024,16100,CE,129.55,170892
08-05-2024,09-05-2024,16100,PE,84.87,219996
08-05-2024,09-05-2024,16150,CE,359.98,190996
08-05-2024,09-05-2024,16150,PE,262.81,251575
08-05-2024,09-05-2024,16200,CE,92.98,75976
08-05-2024,09-05-2024,16200,PE,11.61,365889
08-05-2024,09-05-2024,16250,CE,34.75,376449
08-05-2024,09-05-2024,16250,PE,44.81,451445
08-05-2024,09-05-2024,16300,CE,92.83,218716
08-05-2024,09-05-2024,16300,PE,386.2,394209
09-05-2024,09-05-2024,20200,CE,371.89,432624
09-05-2024,09-05-2024,20200,PE,126.16,410455
09-05-2024,09-05-2024,20250,CE,137.35,49173
09-05-2024,09-05-2024,20250,PE,395.51,269164
09-05-2024,09-05-2024,20300,CE,155.86,282632
09-05-2024,09-05-2024,20300,PE,10.47,407478
09-05-2024,09-05-2024,20350,CE,118.71,390196
09-05-2024,09-05-2024,20350,PE,56.35,91615
09-05-2024,09-05-2024,20400,CE,57.03,486207
09-05-2024,09-05-2024,20400,PE,341.87,30987
10-05-2024,16-05-2024,19300,CE,192.01,268292
10-05-2024,16-05-2024,19300,PE,153.63,303930
10-05-2024,16-05-2024,19350,CE,180.74,272911
10-05-2024,16-05-2024,19350,PE,134.82,128279
10-05-2024,16-05-2024,19400,CE,207.76,142040
10-05-2024,16-05-2024,19400,PE,68.92,435613
10-05-2024,16-05-2024,19450,CE,148.58,274155
10-05-2024,16-05-2024,19450,PE,287.36,89728
10-05-2024,16-05-2024,19500,CE,131.44,101224
10-05-2024,16-05-2024,19500,PE,16.46,273464
13-05-2024,16-05-2024,19750,CE,341.87,156745
13-05-2024,16-05-2024,19750,PE,179.51,402436
13-05-2024,16-05-2024,19800,CE,386.93,345622
13-05-2024,16-05-2024,19800,PE,93.41,277741
13-05-2024,16-05-2024,19850,CE,76.09,27972
13-05-2024,16-05-2024,19850,PE,191.8,222957
13-05-2024,16-05-2024,19900,CE,164.5,355782
13-05-2024,16-05-2024,19900,PE,325.7,282902
13-05-2024,16-05-2024,19950,CE,67.99,357432
13-05-2024,16-05-2024,19950,PE,134.04,332145
14-05-2024,16-05-2024,17050,CE,109.15,291231
14-05-2024,16-05-2024,17050,PE,78.54,381396
14-05-2024,16-05-2024,17100,CE,131.08,450770
14-05-2024,16-05-2024,17100,PE,333.46,377805
14-05-2024,16-05-2024,17150,CE,377.33,420713
14-05-2024,16-05-2024,17150,PE,344.94,34565
14-05-2024,16-05-2024,17200,CE,144.48,364168
14-05-2024,16-05-2024,17200,PE,67.55,16100
14-05-2024,16-05-2024,17250,CE,205.83,57838
14-05-2024,16-05-2024,17250,PE,110.54,43892
15-05-2024,16-05-2024,17100,CE,222.57,380930
15-05-2024,16-05-2024,17100,PE,141.77,178607
15-05-2024,16-05-2024,17150,CE,328.86,431950
15-05-2024,16-05-2024,17150,PE,283.62,416369
15-05-2024,16-05-2024,17200,CE,127.02,310937
15-05-2024,16-05-2024,17200,PE,24.48,147863
15-05-2024,16-05-2024,17250,CE,354.59,367803
15-05-2024,16-05-2024,17250,PE,79.29,117991
15-05-2024,16-05-2024,17300,CE,248.39,315978
15-05-2024,16-05-2024,17300,PE,369.85,271337
16-05-2024,16-05-2024,19500,CE,393.44,315604
16-05-2024,16-05-2024,19500,PE,101.29,488025
16-05-2024,16-05-2024,19550,CE,174.13,97888
16-05-2024,16-05-2024,19550,PE,314.26,249864
16-05-2024,16-05-2024,19600,CE,206.45,202964
16-05-2024,16-05-2024,19600,PE,284.12,11174
16-05-2024,16-05-2024,19650,CE,91.67,190529
16-05-2024,16-05-2024,19650,PE,375.7,346985
16-05-2024,16-05-2024,19700,CE,65.61,61048
16-05-2024,16-05-2024,19700,PE,321.81,284914
17-05-2024,23-05-2024,16850,CE,146.57,222017
17-05-2024,23-05-2024,16850,PE,199.73,160013
17-05-2024,23-05-2024,16900,CE,268.5,416593
17-05-2024,23-05-2024,16900,PE,202.19,147421
17-05-2024,23-05-2024,16950,CE,59.29,277223
17-05-2024,23-05-2024,16950,PE,167.37,450437
17-05-2024,23-05-2024,17000,CE,183.5,125147
17-05-2024,23-05-2024,17000,PE,189.56,115322
17-05-2024,23-05-2024,17050,CE,395.15,427743
17-05-2024,23-05-2024,17050,PE,76.73,75430
20-05-2024,23-05-2024,18750,CE,175.57,27643
20-05-2024,23-05-2024,18750,PE,140.35,339253
20-05-2024,23-05-2024,18800,CE,304.66,217410
20-05-2024,23-05-2024,18800,PE,182.45,450004
20-05-2024,23-05-2024,18850,CE,296.44,224146
20-05-2024,23-05-2024,18850,PE,100.7,65244
20-05-2024,23-05-2024,18900,CE,158.74,119023
20-05-2024,23-05-2024,18900,PE,130.52,136969
20-05-2024,23-05-2024,18950,CE,302.74,458814
20-05-2024,23-05-2024,18950,PE,350.67,419428
21-05-2024,23-05-2024,16250,CE,355.25,51818
21-05-2024,23-05-2024,16250,PE,97.39,30247
21-05-2024,23-05-2024,16300,CE,322.05,98993
21-05-2024,23-05-2024,16300,PE,210.31,298695
21-05-2024,23-05-2024,16350,CE,136.23,405183
21-05-2024,23-05-2024,16350,PE,53.3,133077
21-05-2024,23-05-2024,16400,CE,138.83,189481
21-05-2024,23-05-2024,16400,PE,299.34,206161
21-05-2024,23-05-2024,16450,CE,68.04,17136
21-05-2024,23-05-2024,16450,PE,95.68,237097
22-05-2024,23-05-2024,17600,CE,99.42,200283
22-05-2024,23-05-2024,17600,PE,390.5,32632
22-05-2024,23-05-2024,17650,CE,77.1,218562
22-05-2024,23-05-2024,17650,PE,164.53,496804
22-05-2024,23-05-2024,17700,CE,19.62,434186
22-05-2024,23-05-2024,17700,PE,116.91,450318
22-05-2024,23-05-2024,17750,CE,347.15,147473
22-05-2024,23-05-2024,17750,PE,24.5,289303
22-05-2024,23-05-2024,17800,CE,103,76189
22-05-2024,23-05-2024,17800,PE,311.2,108114
23-05-2024,23-05-2024,16250,CE,300.19,29083
23-05-2024,23-05-2024,16250,PE,133.76,216460
23-05-2024,23-05-2024,16300,CE,39.83,253716
23-05-2024,23-05-2024,16300,PE,359.5,95933
23-05-2024,23-05-2024,16350,CE,109.78,424403
23-05-2024,23-05-2024,16350,PE,227.17,298917
23-05-2024,23-05-2024,16400,CE,321.38,463623
23-05-2024,23-05-2024,16400,PE,106.6,59757
23-05-2024,23-05-2024,16450,CE,175.53,68074
23-05-2024,23-05-2024,16450,PE,232.5,15469
24-05-2024,30-05-2024,12800,CE,265.46,126343
24-05-2024,30-05-2024,12800,PE,303.64,123461
24-05-2024,30-05-2024,12850,CE,24.34,45795
24-05-2024,30-05-2024,12850,PE,124.36,283671
24-05-2024,30-05-2024,12900,CE,161.38,491548
24-05-2024,30-05-2024,12900,PE,236.69,425208
24-05-2024,30-05-2024,12950,CE,209.84,120546
24-05-2024,30-05-2024,12950,PE,21.19,185297
24-05-2024,30-05-2024,13000,CE,236.13,423187
24-05-2024,30-05-2024,13000,PE,298.4,169568
27-05-2024,30-05-2024,18600,CE,126.74,99454
27-05-2024,30-05-2024,18600,PE,235.02,212210
27-05-2024,30-05-2024,18650,CE,129.78,441506
27-05-2024,30-05-2024,18650,PE,286.35,154751
27-05-2024,30-05-2024,18700,CE,27.53,267581
27-05-2024,30-05-2024,18700,PE,208.37,212364
27-05-2024,30-05-2024,18750,CE,187.23,277367
27-05-2024,30-05-2024,18750,PE,157.31,363541
27-05-2024,30-05-2024,18800,CE,356.54,128457
27-05-2024,30-05-2024,18800,PE,165.6,340692
28-05-2024,30-05-2024,13200,CE,325.25,243850
28-05-2024,30-05-2024,13200,PE,173.67,257505
28-05-2024,30-05-2024,13250,CE,338.59,215642
28-05-2024,30-05-2024,13250,PE,230.35,256295
28-05-2024,30-05-2024,13300,CE,69.62,342094
28-05-2024,30-05-2024,13300,PE,364.86,157026
28-05-2024,30-05-2024,13350,CE,39.87,400194
28-05-2024,30-05-2024,13350,PE,65.02,89625
28-05-2024,30-05-2024,13400,CE,40,98429
28-05-2024,30-05-2024,13400,PE,269.89,162909
29-05-2024,30-05-2024,17650,CE,17.77,182062
29-05-2024,30-05-2024,17650,PE,377.36,240314
29-05-2024,30-05-2024,17700,CE,121.3,411270
29-05-2024,30-05-2024,17700,PE,261.69,185755
29-05-2024,30-05-2024,17750,CE,68.27,210694
29-05-2024,30-05-2024,17750,PE,354.4,476630
29-05-2024,30-05-2024,17800,CE,230.62,347567
29-05-2024,30-05-2024,17800,PE,339.41,499539
29-05-2024,30-05-2024,17850,CE,315.06,305264
29-05-2024,30-05-2024,17850,PE,125.69,369858
30-05-2024,30-05-2024,18550,CE,139.7,15564
30-05-2024,30-05-2024,18550,PE,49.25,410759
30-05-2024,30-05-2024,18600,CE,165.96,265886
30-05-2024,30-05-2024,18600,PE,50.47,274009
30-05-2024,30-05-2024,18650,CE,34.64,84776
30-05-2024,30-05-2024,18650,PE,43.55,392608
30-05-2024,30-05-2024,18700,CE,365.83,81350
30-05-2024,30-05-2024,18700,PE,101.28,332685
30-05-2024,30-05-2024,18750,CE,73.02,427032
30-05-2024,30-05-2024,18750,PE,34.08,337010
31-05-2024,06-06-2024,14500,CE,217.05,25468
31-05-2024,06-06-2024,14500,PE,306.93,489314
31-05-2024,06-06-2024,14550,CE,91.66,327979
31-05-2024,06-06-2024,14550,PE,11.94,73083
31-05-2024,06-06-2024,14600,CE,70.83,404276
31-05-2024,06-06-2024,14600,PE,61.07,420420
31-05-2024,06-06-2024,14650,CE,311.49,364934
31-05-2024,06-06-2024,14650,PE,43.91,138732
31-05-2024,06-06-2024,14700,CE,369.73,128321
31-05-2024,06-06-2024,14700,PE,343.73,54924
03-06-2024,06-06-2024,19850,CE,260.35,143655
03-06-2024,06-06-2024,19850,PE,379.97,245515
03-06-2024,06-06-2024,19900,CE,290.75,248846
03-06-2024,06-06-2024,19900,PE,216.98,440186
03-06-2024,06-06-2024,19950,CE,346.79,149163
03-06-2024,06-06-2024,19950,PE,373.68,63340
03-06-2024,06-06-2024,20000,CE,55.35,391646
03-06-2024,06-06-2024,20000,PE,319.4,455651
03-06-2024,06-06-2024,20050,CE,331.48,255942
03-06-2024,06-06-2024,20050,PE,99.78,211418
04-06-2024,06-06-2024,18150,CE,249.54,187862
04-06-2024,06-06-2024,18150,PE,76.16,496321
04-06-2024,06-06-2024,18200,CE,225.22,354504
04-06-2024,06-06-2024,18200,PE,308.83,448043
04-06-2024,06-06-2024,18250,CE,386.63,113993
04-06-2024,06-06-2024,18250,PE,178.56,488967
04-06-2024,06-06-2024,18300,CE,48.59,272274
04-06-2024,06-06-2024,18300,PE,130.52,365004
04-06-2024,06-06-2024,18350,CE,178.42,329201
04-06-2024,06-06-2024,18350,PE,89.02,252430
05-06-2024,06-06-2024,17600,CE,157.58,98402
05-06-2024,06-06-2024,17600,PE,77.03,189408
05-06-2024,06-06-2024,17650,CE,283.03,388004
05-06-2024,06-06-2024,17650,PE,386.94,438322
05-06-2024,06-06-2024,17700,CE,347.3,165210
05-06-2024,06-06-2024,17700,PE,174.33,34822
05-06-2024,06-06-2024,17750,CE,77.16,351224
05-06-2024,06-06-2024,17750,PE,35.9,222562
05-06-2024,06-06-2024,17800,CE,272.79,278221
05-06-2024,06-06-2024,17800,PE,250.18,401889
06-06-2024,06-06-2024,17300,CE,254.85,421701
06-06-2024,06-06-2024,17300,PE,225.45,494256
06-06-2024,06-06-2024,17350,CE,380.48,379735
06-06-2024,06-06-2024,17350,PE,209.11,62289
06-06-2024,06-06-2024,17400,CE,396.07,315906
06-06-2024,06-06-2024,17400,PE,297.55,272635
06-06-2024,06-06-2024,17450,CE,184.28,419793
06-06-2024,06-06-2024,17450,PE,369.83,361688
06-06-2024,06-06-2024,17500,CE,291.05,497151
06-06-2024,06-06-2024,17500,PE,309.2,122974
07-06-2024,13-06-2024,18250,CE,78.61,107148
07-06-2024,13-06-2024,18250,PE,286.04,296501
07-06-2024,13-06-2024,18300,CE,125.09,297659
07-06-2024,13-06-2024,18300,PE,212,49238
07-06-2024,13-06-2024,18350,CE,277.36,257229
07-06-2024,13-06-2024,18350,PE,309.74,424605
07-06-2024,13-06-2024,18400,CE,52.39,362388
07-06-2024,13-06-2024,18400,PE,133.86,28689
07-06-2024,13-06-2024,18450,CE,71.65,445097
07-06-2024,13-06-2024,18450,PE,365.93,470386
10-06-2024,13-06-2024,16800,CE,22.62,328081
10-06-2024,13-06-2024,16800,PE,102.69,462023
10-06-2024,13-06-2024,16850,CE,242.21,476799
10-06-2024,13-06-2024,16850,PE,231.86,275476
10-06-2024,13-06-2024,16900,CE,369.47,436076
10-06-2024,13-06-2024,16900,PE,297.3,395721
10-06-2024,13-06-2024,16950,CE,84.54,258490
10-06-2024,13-06-2024,16950,PE,234.77,392026
10-06-2024,13-06-2024,17000,CE,254.35,177857
10-06-2024,13-06-2024,17000,PE,365.99,361406
11-06-2024,13-06-2024,21050,CE,340.49,95017
11-06-2024,13-06-2024,21050,PE,254.8,141983
11-06-2024,13-06-2024,21100,CE,316.25,281781
11-06-2024,13-06-2024,21100,PE,225.75,363759
11-06-2024,13-06-2024,21150,CE,191.53,57507
11-06-2024,13-06-2024,21150,PE,328.37,66724
11-06-2024,13-06-2024,21200,CE,69.09,211229
11-06-2024,13-06-2024,21200,PE,233.17,157578
11-06-2024,13-06-2024,21250,CE,11.39,478804
11-06-2024,13-06-2024,21250,PE,344.76,311041
12-06-2024,13-06-2024,18750,CE,26.62,356734
12-06-2024,13-06-2024,18750,PE,48.81,209678
12-06-2024,13-06-2024,18800,CE,87.22,356444
12-06-2024,13-06-2024,18800,PE,157.86,442701
12-06-2024,13-06-2024,18850,CE,397.63,144930
12-06-2024,13-06-2024,18850,PE,245.61,13822
12-06-2024,13-06-2024,18900,CE,60.31,86903
12-06-2024,13-06-2024,18900,PE,195.42,134920
12-06-2024,13-06-2024,18950,CE,27.16,390006
12-06-2024,13-06-2024,18950,PE,24.7,435026
13-06-2024,13-06-2024,18000,CE,322.72,230623
13-06-2024,13-06-2024,18000,PE,45.64,179633
13-06-2024,13-06-2024,18050,CE,32.18,113359
13-06-2024,13-06-2024,18050,PE,381.14,469056
13-06-2024,13-06-2024,18100,CE,227.16,471013
13-06-2024,13-06-2024,18100,PE,243.41,306529
13-06-2024,13-06-2024,18150,CE,25.84,280359
13-06-2024,13-06-2024,18150,PE,392.25,258959
13-06-2024,13-06-2024,18200,CE,74.97,304142
13-06-2024,13-06-2024,18200,PE,99.6,235821
14-06-2024,20-06-2024,17600,CE,182.15,56594
14-06-2024,20-06-2024,17600,PE,95.77,491463
14-06-2024,20-06-2024,17650,CE,257.67,499175
14-06-2024,20-06-2024,17650,PE,360.63,204314
14-06-2024,20-06-2024,17700,CE,280.56,352891
14-06-2024,20-06-2024,17700,PE,343.04,100834
14-06-2024,20-06-2024,17750,CE,152.53,125920
14-06-2024,20-06-2024,17750,PE,224.07,367353
14-06-2024,20-06-2024,17800,CE,108.31,346540
14-06-2024,20-06-2024,17800,PE,339.7,353745
17-06-2024,20-06-2024,15900,CE,18.76,422488
17-06-2024,20-06-2024,15900,PE,357.06,213628
17-06-2024,20-06-2024,15950,CE,80.73,345632
17-06-2024,20-06-2024,15950,PE,259.59,220840
17-06-2024,20-06-2024,16000,CE,220.61,34157
17-06-2024,20-06-2024,16000,PE,272.19,76785
17-06-2024,20-06-2024,16050,CE,197.95,316839
17-06-2024,20-06-2024,16050,PE,15.04,85792
17-06-2024,20-06-2024,16100,CE,253.71,152833
17-06-2024,20-06-2024,16100,PE,383.5,312808
18-06-2024,20-06-2024,15350,CE,34.25,435561
18-06-2024,20-06-2024,15350,PE,54.41,408114
18-06-2024,20-06-2024,15400,CE,74.43,421326
18-06-2024,20-06-2024,15400,PE,398.26,270151
18-06-2024,20-06-2024,15450,CE,393.79,174978
18-06-2024,20-06-2024,15450,PE,303.47,293475
18-06-2024,20-06-2024,15500,CE,313.52,352536
18-06-2024,20-06-2024,15500,PE,86.46,421228
18-06-2024,20-06-2024,15550,CE,396.94,124865
18-06-2024,20-06-2024,15550,PE,234.13,120696
19-06-2024,20-06-2024,16900,CE,92.65,489994
19-06-2024,20-06-2024,16900,PE,258.27,75727
19-06-2024,20-06-2024,16950,CE,201.26,121231
19-06-2024,20-06-2024,16950,PE,397.93,149161
19-06-2024,20-06-2024,17000,CE,378.41,187688
19-06-2024,20-06-2024,17000,PE,236.78,491000
19-06-2024,20-06-2024,17050,CE,333.85,295657
19-06-2024,20-06-2024,17050,PE,212.28,138453
19-06-2024,20-06-2024,17100,CE,72.63,472469
19-06-2024,20-06-2024,17100,PE,387.89,342070
20-06-2024,20-06-2024,16300,CE,374.76,343392
20-06-2024,20-06-2024,16300,PE,52.31,456127
20-06-2024,20-06-2024,16350,CE,175.35,103480
20-06-2024,20-06-2024,16350,PE,290.57,44880
20-06-2024,20-06-2024,16400,CE,83.33,499923
20-06-2024,20-06-2024,16400,PE,310.64,292532
20-06-2024,20-06-2024,16450,CE,56.59,428559
20-06-2024,20-06-2024,16450,PE,269.28,468945
20-06-2024,20-06-2024,16500,CE,262.58,478031
20-06-2024,20-06-2024,16500,PE,268.8,202088
21-06-2024,27-06-2024,19200,CE,286.79,116295
21-06-2024,27-06-2024,19200,PE,304.51,84756
21-06-2024,27-06-2024,19250,CE,307.18,443642
21-06-2024,27-06-2024,19250,PE,150.41,18089
21-06-2024,27-06-2024,19300,CE,255.15,186930
21-06-2024,27-06-2024,19300,PE,307.32,477432
21-06-2024,27-06-2024,19350,CE,80.61,245404
21-06-2024,27-06-2024,19350,PE,109.67,178166
21-06-2024,27-06-2024,19400,CE,127.43,14246
21-06-2024,27-06-2024,19400,PE,211.72,341393
24-06-2024,27-06-2024,20800,CE,184.19,231658
24-06-2024,27-06-2024,20800,PE,232.09,56084
24-06-2024,27-06-2024,20850,CE,219.35,314751
24-06-2024,27-06-2024,20850,PE,114.9,222413
24-06-2024,27-06-2024,20900,CE,246.6,126593
24-06-2024,27-06-2024,20900,PE,153.76,329236
24-06-2024,27-06-2024,20950,CE,220.01,194954
24-06-2024,27-06-2024,20950,PE,17.64,136335
24-06-2024,27-06-2024,21000,CE,376.45,261131
24-06-2024,27-06-2024,21000,PE,129.66,47887
25-06-2024,27-06-2024,22600,CE,314.2,339488
25-06-2024,27-06-2024,22600,PE,347.96,269478
25-06-2024,27-06-2024,22650,CE,340.72,427425
25-06-2024,27-06-2024,22650,PE,238.47,135533
25-06-2024,27-06-2024,22700,CE,165.69,62895
25-06-2024,27-06-2024,22700,PE,176.88,231512
25-06-2024,27-06-2024,22750,CE,151.82,12561
25-06-2024,27-06-2024,22750,PE,324.92,213791
25-06-2024,27-06-2024,22800,CE,56.91,315625
25-06-2024,27-06-2024,22800,PE,298.81,338938
26-06-2024,27-06-2024,19700,CE,255.98,58621
26-06-2024,27-06-2024,19700,PE,11.02,409973
26-06-2024,27-06-2024,19750,CE,252.15,343648
26-06-2024,27-06-2024,19750,PE,52.8,399157
26-06-2024,27-06-2024,19800,CE,138.76,190912
26-06-2024,27-06-2024,19800,PE,42.66,238770
26-06-2024,27-06-2024,19850,CE,368.94,186498
26-06-2024,27-06-2024,19850,PE,377.83,333318
26-06-2024,27-06-2024,19900,CE,69.84,410742
26-06-2024,27-06-2024,19900,PE,76.86,102470
27-06-2024,27-06-2024,18500,CE,94.3,338458
27-06-2024,27-06-2024,18500,PE,263.52,443407
27-06-2024,27-06-2024,18550,CE,223.89,340018
27-06-2024,27-06-2024,18550,PE,54.19,40313
27-06-2024,27-06-2024,18600,CE,314.26,269292
27-06-2024,27-06-2024,18600,PE,245.27,163607
27-06-2024,27-06-2024,18650,CE,60.83,141660
27-06-2024,27-06-2024,18650,PE,270.8,293005
27-06-2024,27-06-2024,18700,CE,159.15,19848
27-06-2024,27-06-2024,18700,PE,15.15,388470
28-06-2024,04-07-2024,17450,CE,115.42,42963
28-06-2024,04-07-2024,17450,PE,32.94,370474
28-06-2024,04-07-2024,17500,CE,380.34,88310
28-06-2024,04-07-2024,17500,PE,191.88,94949
28-06-2024,04-07-2024,17550,CE,68.13,125060
28-06-2024,04-07-2024,17550,PE,399.74,39768
28-06-2024,04-07-2024,17600,CE,126.7,208166
28-06-2024,04-07-2024,17600,PE,161.24,474960
28-06-2024,04-07-2024,17650,CE,61.45,378051
28-06-2024,04-07-2024,17650,PE,191.36,179074
01-07-2024,04-07-2024,17100,CE,367.18,57976
01-07-2024,04-07-2024,17100,PE,173.56,152402
01-07-2024,04-07-2024,17150,CE,82.74,369684
01-07-2024,04-07-2024,17150,PE,164.33,62237
01-07-2024,04-07-2024,17200,CE,112.89,123917
01-07-2024,04-07-2024,17200,PE,54.14,451361
01-07-2024,04-07-2024,17250,CE,314.76,142061
01-07-2024,04-07-2024,17250,PE,379.92,135283
01-07-2024,04-07-2024,17300,CE,98.71,443968
01-07-2024,04-07-2024,17300,PE,187.65,90006
02-07-2024,04-07-2024,17700,CE,255.47,286588
02-07-2024,04-07-2024,17700,PE,87.64,221421
02-07-2024,04-07-2024,17750,CE,226.18,224840
02-07-2024,04-07-2024,17750,PE,327.97,297608
02-07-2024,04-07-2024,17800,CE,50.16,23186
02-07-2024,04-07-2024,17800,PE,76.15,78902
02-07-2024,04-07-2024,17850,CE,241.56,315189
02-07-2024,04-07-2024,17850,PE,190.1,364003
02-07-2024,04-07-2024,17900,CE,20.45,88410
02-07-2024,04-07-2024,17900,PE,72.06,12275
03-07-2024,04-07-2024,21700,CE,285.09,101246
03-07-2024,04-07-2024,21700,PE,336.72,109227
03-07-2024,04-07-2024,21750,CE,256.38,90775
03-07-2024,04-07-2024,21750,PE,156.79,460586
03-07-2024,04-07-2024,21800,CE,319.18,118793
03-07-2024,04-07-2024,21800,PE,38.26,142761
03-07-2024,04-07-2024,21850,CE,192.32,450669
03-07-2024,04-07-2024,21850,PE,61.45,282268
03-07-2024,04-07-2024,21900,CE,283.57,345166
03-07-2024,04-07-2024,21900,PE,39.47,96926
04-07-2024,04-07-2024,14950,CE,288.26,285813
04-07-2024,04-07-2024,14950,PE,168.8,113080
04-07-2024,04-07-2024,15000,CE,133.88,345405
04-07-2024,04-07-2024,15000,PE,302.93,445085
04-07-2024,04-07-2024,15050,CE,271.88,263020
04-07-2024,04-07-2024,15050,PE,130.88,333365
04-07-2024,04-07-2024,15100,CE,130.23,495387
04-07-2024,04-07-2024,15100,PE,358.92,364039
04-07-2024,04-07-2024,15150,CE,303.28,262380
04-07-2024,04-07-2024,15150,PE,341.46,304126
05-07-2024,11-07-2024,17100,CE,47.66,118478
05-07-2024,11-07-2024,17100,PE,111.39,469298
05-07-2024,11-07-2024,17150,CE,212.67,110276
05-07-2024,11-07-2024,17150,PE,16.1,358617
05-07-2024,11-07-2024,17200,CE,262.64,144054
05-07-2024,11-07-2024,17200,PE,186.19,496026
05-07-2024,11-07-2024,17250,CE,357.59,154102
05-07-2024,11-07-2024,17250,PE,21.83,174196
05-07-2024,11-07-2024,17300,CE,384.42,195246
05-07-2024,11-07-2024,17300,PE,273.79,476840
08-07-2024,11-07-2024,16500,CE,92.34,177418
08-07-2024,11-07-2024,16500,PE,124.24,213906
08-07-2024,11-07-2024,16550,CE,70.25,53033
08-07-2024,11-07-2024,16550,PE,226.11,313893
08-07-2024,11-07-2024,16600,CE,253.19,33996
08-07-2024,11-07-2024,16600,PE,391.26,349571
08-07-2024,11-07-2024,16650,CE,326.51,464125
08-07-2024,11-07-2024,16650,PE,351.47,445751
08-07-2024,11-07-2024,16700,CE,85.88,293589
08-07-2024,11-07-2024,16700,PE,355.93,187492
09-07-2024,11-07-2024,22000,CE,244.14,120303
09-07-2024,11-07-2024,22000,PE,147.72,280225
09-07-2024,11-07-2024,22050,CE,345.02,122664
09-07-2024,11-07-2024,22050,PE,135.24,176458
09-07-2024,11-07-2024,22100,CE,267.67,212455
09-07-2024,11-07-2024,22100,PE,72,31822
09-07-2024,11-07-2024,22150,CE,15.7,186947
09-07-2024,11-07-2024,22150,PE,119.62,82273
09-07-2024,11-07-2024,22200,CE,208.35,271137
09-07-2024,11-07-2024,22200,PE,153.95,173528
10-07-2024,11-07-2024,17450,CE,91.44,360165
10-07-2024,11-07-2024,17450,PE,367.11,31655
10-07-2024,11-07-2024,17500,CE,47,150703
10-07-2024,11-07-2024,17500,PE,70.14,394888
10-07-2024,11-07-2024,17550,CE,45.43,337904
10-07-2024,11-07-2024,17550,PE,384.74,113857
10-07-2024,11-07-2024,17600,CE,236.2,59702
10-07-2024,11-07-2024,17600,PE,138.29,22669
10-07-2024,11-07-2024,17650,CE,21.91,219155
10-07-2024,11-07-2024,17650,PE,267.92,374981
11-07-2024,11-07-2024,17650,CE,373.67,13602
11-07-2024,11-07-2024,17650,PE,145.48,230380
11-07-2024,11-07-2024,17700,CE,158.73,36016
11-07-2024,11-07-2024,17700,PE,110.27,333425
11-07-2024,11-07-2024,17750,CE,352.19,353615
11-07-2024,11-07-2024,17750,PE,57.81,399048
11-07-2024,11-07-2024,17800,CE,387.47,102900
11-07-2024,11-07-2024,17800,PE,186.16,390022
11-07-2024,11-07-2024,17850,CE,64.18,125301
11-07-2024,11-07-2024,17850,PE,339.04,20480
12-07-2024,18-07-2024,20200,CE,51.24,216097
12-07-2024,18-07-2024,20200,PE,212.13,394292
12-07-2024,18-07-2024,20250,CE,41.66,490337
12-07-2024,18-07-2024,20250,PE,266.69,498861
12-07-2024,18-07-2024,20300,CE,110.45,442160
12-07-2024,18-07-2024,20300,PE,346.9,453691
12-07-2024,18-07-2024,20350,CE,126.34,52254
12-07-2024,18-07-2024,20350,PE,232.09,84598
12-07-2024,18-07-2024,20400,CE,62.11,380076
12-07-2024,18-07-2024,20400,PE,305.77,429839
15-07-2024,18-07-2024,15550,CE,350.43,33773
15-07-2024,18-07-2024,15550,PE,31.85,327341
15-07-2024,18-07-2024,15600,CE,109.33,271202
15-07-2024,18-07-2024,15600,PE,151.83,474436
15-07-2024,18-07-2024,15650,CE,14.35,162718
15-07-2024,18-07-2024,15650,PE,399.66,306257
15-07-2024,18-07-2024,15700,CE,165.48,353314
15-07-2024,18-07-2024,15700,PE,369.44,475250
15-07-2024,18-07-2024,15750,CE,88.18,351033
15-07-2024,18-07-2024,15750,PE,351.49,169721
16-07-2024,18-07-2024,16700,CE,11.95,283525
16-07-2024,18-07-2024,16700,PE,389.4,31042
16-07-2024,18-07-2024,16750,CE,216.37,297865
16-07-2024,18-07-2024,16750,PE,141.48,41279
16-07-2024,18-07-2024,16800,CE,310,277036
16-07-2024,18-07-2024,16800,PE,248.63,75404
16-07-2024,18-07-2024,16850,CE,262.92,142453
16-07-2024,18-07-2024,16850,PE,273.61,404368
16-07-2024,18-07-2024,16900,CE,198.84,263519
16-07-2024,18-07-2024,16900,PE,345.48,38426
17-07-2024,18-07-2024,19200,CE,382.01,344674
17-07-2024,18-07-2024,19200,PE,241.63,145846
17-07-2024,18-07-2024,19250,CE,328.17,348587
17-07-2024,18-07-2024,19250,PE,190.48,218235
17-07-2024,18-07-2024,19300,CE,381.49,376424
17-07-2024,18-07-2024,19300,PE,63.62,42580
17-07-2024,18-07-2024,19350,CE,145.07,221530
17-07-2024,18-07-2024,19350,PE,328.68,429571
17-07-2024,18-07-2024,19400,CE,13.46,164872
17-07-2024,18-07-2024,19400,PE,228.02,429253
18-07-2024,18-07-2024,18700,CE,247.61,258487
18-07-2024,18-07-2024,18700,PE,220.95,224908
18-07-2024,18-07-2024,18750,CE,232.02,195491
18-07-2024,18-07-2024,18750,PE,318.73,453436
18-07-2024,18-07-2024,18800,CE,195.13,50171
18-07-2024,18-07-2024,18800,PE,50.03,68520
18-07-2024,18-07-2024,18850,CE,202.69,98553
18-07-2024,18-07-2024,18850,PE,368.3,223292
18-07-2024,18-07-2024,18900,CE,383.38,44229
18-07-2024,18-07-2024,18900,PE,97.03,181998
19-07-2024,25-07-2024,16900,CE,78.23,477571
19-07-2024,25-07-2024,16900,PE,161.87,150172
19-07-2024,25-07-2024,16950,CE,187.39,116177
19-07-2024,25-07-2024,16950,PE,68.27,182670
19-07-2024,25-07-2024,17000,CE,130.95,334082
19-07-2024,25-07-2024,17000,PE,330.79,325818
19-07-2024,25-07-2024,17050,CE,362.47,394833
19-07-2024,25-07-2024,17050,PE,209.18,347159
19-07-2024,25-07-2024,17100,CE,261.66,260910
19-07-2024,25-07-2024,17100,PE,264.47,76511
22-07-2024,25-07-2024,18900,CE,44.41,148190
22-07-2024,25-07-2024,18900,PE,35.7,193571
22-07-2024,25-07-2024,18950,CE,219.59,433240
22-07-2024,25-07-2024,18950,PE,113.58,130790
22-07-2024,25-07-2024,19000,CE,94.3,248083
22-07-2024,25-07-2024,19000,PE,364.41,30318
22-07-2024,25-07-2024,19050,CE,39.68,342899
22-07-2024,25-07-2024,19050,PE,295.04,222627
22-07-2024,25-07-2024,19100,CE,365.68,101520
22-07-2024,25-07-2024,19100,PE,151.63,138812
23-07-2024,25-07-2024,20750,CE,322.68,207557
23-07-2024,25-07-2024,20750,PE,304.09,436110
23-07-2024,25-07-2024,20800,CE,265.98,166915
23-07-2024,25-07-2024,20800,PE,321.9,460178
23-07-2024,25-07-2024,20850,CE,224.88,176766
23-07-2024,25-07-2024,20850,PE,365.22,423979
23-07-2024,25-07-2024,20900,CE,304.96,376071
23-07-2024,25-07-2024,20900,PE,270.37,499788
23-07-2024,25-07-2024,20950,CE,170.45,234125
23-07-2024,25-07-2024,20950,PE,313.61,162625
24-07-2024,25-07-2024,17500,CE,112.51,448464
24-07-2024,25-07-2024,17500,PE,111.64,292322
24-07-2024,25-07-2024,17550,CE,314.43,436395
24-07-2024,25-07-2024,17550,PE,224.52,318540
24-07-2024,25-07-2024,17600,CE,326.19,492912
24-07-2024,25-07-2024,17600,PE,292.07,108266
24-07-2024,25-07-2024,17650,CE,28.23,347716
24-07-2024,25-07-2024,17650,PE,45.97,265149
24-07-2024,25-07-2024,17700,CE,233.71,493747
24-07-2024,25-07-2024,17700,PE,279.77,423966
25-07-2024,25-07-2024,17900,CE,361.12,185218
25-07-2024,25-07-2024,17900,PE,73.92,176297
25-07-2024,25-07-2024,17950,CE,161.14,332809
25-07-2024,25-07-2024,17950,PE,213.03,230389
25-07-2024,25-07-2024,18000,CE,99.07,113547
25-07-2024,25-07-2024,18000,PE,393.8,173476
25-07-2024,25-07-2024,18050,CE,263.78,318615
25-07-2024,25-07-2024,18050,PE,157.58,341086
25-07-2024,25-07-2024,18100,CE,173.13,106064
25-07-2024,25-07-2024,18100,PE,105.05,454429
26-07-2024,01-08-2024,16600,CE,223.29,307852
26-07-2024,01-08-2024,16600,PE,308.85,410245
26-07-2024,01-08-2024,16650,CE,108.2,66313
26-07-2024,01-08-2024,16650,PE,198.06,313819
26-07-2024,01-08-2024,16700,CE,119,314047
26-07-2024,01-08-2024,16700,PE,365.97,378017
26-07-2024,01-08-2024,16750,CE,196.84,169363
26-07-2024,01-08-2024,16750,PE,144.42,27466
26-07-2024,01-08-2024,16800,CE,17.97,214467
26-07-2024,01-08-2024,16800,PE,343.67,155863
29-07-2024,01-08-2024,19050,CE,341.64,433776
29-07-2024,01-08-2024,19050,PE,106.23,246104
29-07-2024,01-08-2024,19100,CE,71.96,404398
29-07-2024,01-08-2024,19100,PE,152.67,69945
29-07-2024,01-08-2024,19150,CE,240.48,343314
29-07-2024,01-08-2024,19150,PE,227.4,208287
29-07-2024,01-08-2024,19200,CE,362.8,378155
29-07-2024,01-08-2024,19200,PE,207.5,100844
29-07-2024,01-08-2024,19250,CE,37.4,181540
29-07-2024,01-08-2024,19250,PE,216.23,384091
30-07-2024,01-08-2024,19300,CE,152.75,489431
30-07-2024,01-08-2024,19300,PE,331.64,430721
30-07-2024,01-08-2024,19350,CE,261.31,295501
30-07-2024,01-08-2024,19350,PE,247.02,52534
30-07-2024,01-08-2024,19400,CE,263.37,226763
30-07-2024,01-08-2024,19400,PE,65.94,272030
30-07-2024,01-08-2024,19450,CE,202.25,118044
30-07-2024,01-08-2024,19450,PE,186.2,152509
30-07-2024,01-08-2024,19500,CE,279.97,342795
30-07-2024,01-08-2024,19500,PE,204.04,206944
31-07-2024,01-08-2024,15500,CE,307.66,326176
31-07-2024,01-08-2024,15500,PE,201.02,108429
31-07-2024,01-08-2024,15550,CE,27.41,326737
31-07-2024,01-08-2024,15550,PE,235.49,77221
31-07-2024,01-08-2024,15600,CE,141.42,172381
31-07-2024,01-08-2024,15600,PE,301.28,298705
31-07-2024,01-08-2024,15650,CE,262.69,427468
31-07-2024,01-08-2024,15650,PE,380.98,268536
31-07-2024,01-08-2024,15700,CE,58.69,495340
31-07-2024,01-08-2024,15700,PE,298.88,279964
01-08-2024,01-08-2024,16800,CE,255.74,157089
01-08-2024,01-08-2024,16800,PE,113.46,163982
01-08-2024,01-08-2024,16850,CE,314.64,128530
01-08-2024,01-08-2024,16850,PE,83.73,84991
01-08-2024,01-08-2024,16900,CE,331.84,135982
01-08-2024,01-08-2024,16900,PE,166.8,30554
01-08-2024,01-08-2024,16950,CE,200.04,198816
01-08-2024,01-08-2024,16950,PE,119.12,259352
01-08-2024,01-08-2024,17000,CE,14.29,103811
01-08-2024,01-08-2024,17000,PE,152.44,162113
02-08-2024,08-08-2024,18900,CE,170.38,327767
02-08-2024,08-08-2024,18900,PE,219.2,245444
02-08-2024,08-08-2024,18950,CE,310.61,153616
02-08-2024,08-08-2024,18950,PE,129.8,53382
02-08-2024,08-08-2024,19000,CE,233.43,424726
02-08-2024,08-08-2024,19000,PE,123.3,342807
02-08-2024,08-08-2024,19050,CE,32.27,81152
02-08-2024,08-08-2024,19050,PE,363.78,64474
02-08-2024,08-08-2024,19100,CE,54.01,24990
02-08-2024,08-08-2024,19100,PE,338.7,46171
05-08-2024,08-08-2024,17300,CE,222.83,198704
05-08-2024,08-08-2024,17300,PE,293.53,127030
05-08-2024,08-08-2024,17350,CE,350.57,93056
05-08-2024,08-08-2024,17350,PE,225.62,290762
05-08-2024,08-08-2024,17400,CE,118.33,378130
05-08-2024,08-08-2024,17400,PE,335.27,334271
05-08-2024,08-08-2024,17450,CE,225.88,150886
05-08-2024,08-08-2024,17450,PE,63.87,154650
05-08-2024,08-08-2024,17500,CE,269.92,393828
05-08-2024,08-08-2024,17500,PE,336.98,441756
06-08-2024,08-08-2024,18800,CE,267.89,425693
06-08-2024,08-08-2024,18800,PE,267.31,427087
06-08-2024,08-08-2024,18850,CE,150.44,25038
06-08-2024,08-08-2024,18850,PE,22.83,172201
06-08-2024,08-08-2024,18900,CE,83.74,230280
06-08-2024,08-08-2024,18900,PE,133.76,113760
06-08-2024,08-08-2024,18950,CE,314.14,180214
06-08-2024,08-08-2024,18950,PE,377.12,400555
06-08-2024,08-08-2024,19000,CE,184.2,125528
06-08-2024,08-08-2024,19000,PE,294.12,166070
07-08-2024,08-08-2024,17300,CE,65.52,344031
07-08-2024,08-08-2024,17300,PE,331.56,466255
07-08-2024,08-08-2024,17350,CE,229.4,253363
07-08-2024,08-08-2024,17350,PE,58.28,396590
07-08-2024,08-08-2024,17400,CE,180.58,311723
07-08-2024,08-08-2024,17400,PE,159.38,473089
07-08-2024,08-08-2024,17450,CE,100.63,135523
07-08-2024,08-08-2024,17450,PE,90.79,366463
07-08-2024,08-08-2024,17500,CE,295.25,407080
07-08-2024,08-08-2024,17500,PE,156.28,271121
08-08-2024,08-08-2024,12550,CE,233.63,437124
08-08-2024,08-08-2024,12550,PE,32.04,103352
08-08-2024,08-08-2024,12600,CE,176.24,246987
08-08-2024,08-08-2024,12600,PE,261.34,443844
08-08-2024,08-08-2024,12650,CE,276.71,54204
08-08-2024,08-08-2024,12650,PE,24.04,45223
08-08-2024,08-08-2024,12700,CE,264.94,284278
08-08-2024,08-08-2024,12700,PE,11.43,94308
08-08-2024,08-08-2024,12750,CE,291.38,288613
08-08-2024,08-08-2024,12750,PE,187.6,199006
09-08-2024,15-08-2024,16800,CE,40.31,22091
09-08-2024,15-08-2024,16800,PE,374.98,196409
09-08-2024,15-08-2024,16850,CE,379.92,45415
09-08-2024,15-08-2024,16850,PE,226.31,70323
09-08-2024,15-08-2024,16900,CE,177.49,171248
09-08-2024,15-08-2024,16900,PE,297.5,474605
09-08-2024,15-08-2024,16950,CE,387.35,448624
09-08-2024,15-08-2024,16950,PE,86.87,247327
09-08-2024,15-08-2024,17000,CE,361.28,70193
09-08-2024,15-08-2024,17000,PE,142.37,82629
12-08-2024,15-08-2024,18450,CE,134.14,452175
12-08-2024,15-08-2024,18450,PE,243.45,83090
12-08-2024,15-08-2024,18500,CE,399.52,10823
12-08-2024,15-08-2024,18500,PE,163.9,490673
12-08-2024,15-08-2024,18550,CE,292.6,498316
12-08-2024,15-08-2024,18550,PE,324.47,387394
12-08-2024,15-08-2024,18600,CE,125.11,415270
12-08-2024,15-08-2024,18600,PE,297.78,106842
12-08-2024,15-08-2024,18650,CE,60.92,306208
12-08-2024,15-08-2024,18650,PE,32.89,345231
13-08-2024,15-08-2024,16150,CE,367.57,98245
13-08-2024,15-08-2024,16150,PE,243.19,429476
13-08-2024,15-08-2024,16200,CE,210.99,362814
13-08-2024,15-08-2024,16200,PE,376.9,305305
13-08-2024,15-08-2024,16250,CE,115.14,401649
13-08-2024,15-08-2024,16250,PE,172.99,347436
13-08-2024,15-08-2024,16300,CE,351.15,130393
13-08-2024,15-08-2024,16300,PE,101.41,442991
13-08-2024,15-08-2024,16350,CE,120.71,371488
13-08-2024,15-08-2024,16350,PE,98.25,417475
14-08-2024,15-08-2024,19300,CE,394.24,221716
14-08-2024,15-08-2024,19300,PE,359.13,96816
14-08-2024,15-08-2024,19350,CE,277.56,312921
14-08-2024,15-08-2024,19350,PE,293.33,391926
14-08-2024,15-08-2024,19400,CE,337.22,46188
14-08-2024,15-08-2024,19400,PE,246.19,396691
14-08-2024,15-08-2024,19450,CE,347.96,462325
14-08-2024,15-08-2024,19450,PE,85.14,450175
14-08-2024,15-08-2024,19500,CE,228.84,141766
14-08-2024,15-08-2024,19500,PE,81.15,92875
15-08-2024,15-08-2024,15400,CE,185.48,300479
15-08-2024,15-08-2024,15400,PE,305.92,16216
15-08-2024,15-08-2024,15450,CE,193.67,12514
15-08-2024,15-08-2024,15450,PE,305.37,281238
15-08-2024,15-08-2024,15500,CE,108.27,98356
15-08-2024,15-08-2024,15500,PE,275.56,317260
15-08-2024,15-08-2024,15550,CE,303.36,158222
15-08-2024,15-08-2024,15550,PE,356.22,286699
15-08-2024,15-08-2024,15600,CE,130.28,71249
15-08-2024,15-08-2024,15600,PE,100.64,83007
16-08-2024,22-08-2024,17400,CE,375.64,377005
16-08-2024,22-08-2024,17400,PE,96.94,87898
16-08-2024,22-08-2024,17450,CE,53.42,386053
16-08-2024,22-08-2024,17450,PE,364.46,429146
16-08-2024,22-08-2024,17500,CE,64.01,264849
16-08-2024,22-08-2024,17500,PE,160.54,456350
16-08-2024,22-08-2024,17550,CE,372.25,259938
16-08-2024,22-08-2024,17550,PE,142.75,150579
16-08-2024,22-08-2024,17600,CE,258.19,392746
16-08-2024,22-08-2024,17600,PE,161.77,140831
19-08-2024,22-08-2024,18550,CE,154.69,80695
19-08-2024,22-08-2024,18550,PE,47.33,259580
19-08-2024,22-08-2024,18600,CE,177.09,444193
19-08-2024,22-08-2024,18600,PE,183.9,124553
19-08-2024,22-08-2024,18650,CE,260.17,267956
19-08-2024,22-08-2024,18650,PE,286.07,418609
19-08-2024,22-08-2024,18700,CE,71.93,69847
19-08-2024,22-08-2024,18700,PE,390.64,69141
19-08-2024,22-08-2024,18750,CE,189.35,108598
19-08-2024,22-08-2024,18750,PE,275.08,497956
20-08-2024,22-08-2024,18850,CE,169.98,209685
20-08-2024,22-08-2024,18850,PE,92.21,385812
20-08-2024,22-08-2024,18900,CE,322.81,245183
20-08-2024,22-08-2024,18900,PE,37.91,427066
20-08-2024,22-08-2024,18950,CE,165.73,242784
20-08-2024,22-08-2024,18950,PE,294.96,301245
20-08-2024,22-08-2024,19000,CE,369.98,104744
20-08-2024,22-08-2024,19000,PE,277.43,494186
20-08-2024,22-08-2024,19050,CE,313.92,58410
20-08-2024,22-08-2024,19050,PE,145.7,204318
21-08-2024,22-08-2024,18500,CE,54.35,271252
21-08-2024,22-08-2024,18500,PE,115.64,350449
21-08-2024,22-08-2024,18550,CE,361.56,317370
21-08-2024,22-08-2024,18550,PE,127.66,160778
21-08-2024,22-08-2024,18600,CE,165.64,107451
21-08-2024,22-08-2024,18600,PE,260.35,270173
21-08-2024,22-08-2024,18650,CE,229.17,250417
21-08-2024,22-08-2024,18650,PE,74.92,254883
21-08-2024,22-08-2024,18700,CE,218.63,26140
21-08-2024,22-08-2024,18700,PE,258.1,62251
22-08-2024,22-08-2024,15600,CE,281.51,269975
22-08-2024,22-08-2024,15600,PE,390.64,376068
22-08-2024,22-08-2024,15650,CE,250.02,261092
22-08-2024,22-08-2024,15650,PE,230.64,87983
22-08-2024,22-08-2024,15700,CE,255.55,465249
22-08-2024,22-08-2024,15700,PE,172.33,94427
22-08-2024,22-08-2024,15750,CE,118.87,210572
22-08-2024,22-08-2024,15750,PE,87.77,430170
22-08-2024,22-08-2024,15800,CE,111,315431
22-08-2024,22-08-2024,15800,PE,138.91,349949
23-08-2024,29-08-2024,21700,CE,50.62,32182
23-08-2024,29-08-2024,21700,PE,76.29,251951
23-08-2024,29-08-2024,21750,CE,148.33,166892
23-08-2024,29-08-2024,21750,PE,12.5,295316
23-08-2024,29-08-2024,21800,CE,146.34,442712
23-08-2024,29-08-2024,21800,PE,263.44,379964
23-08-2024,29-08-2024,21850,CE,269.93,31033
23-08-2024,29-08-2024,21850,PE,317.34,41282
23-08-2024,29-08-2024,21900,CE,291.82,346663
23-08-2024,29-08-2024,21900,PE,246.52,453339
26-08-2024,29-08-2024,17950,CE,200.69,109805
26-08-2024,29-08-2024,17950,PE,336.18,306960
26-08-2024,29-08-2024,18000,CE,118.49,14985
26-08-2024,29-08-2024,18000,PE,126,433335
26-08-2024,29-08-2024,18050,CE,269.43,60155
26-08-2024,29-08-2024,18050,PE,129.9,492633
26-08-2024,29-08-2024,18100,CE,174.81,393024
26-08-2024,29-08-2024,18100,PE,263.88,271267
26-08-2024,29-08-2024,18150,CE,103.73,345894
26-08-2024,29-08-2024,18150,PE,32.09,284613
27-08-2024,29-08-2024,18850,CE,89.26,472218
27-08-2024,29-08-2024,18850,PE,347.7,476042
27-08-2024,29-08-2024,18900,CE,179.41,311844
27-08-2024,29-08-2024,18900,PE,328.96,36782
27-08-2024,29-08-2024,18950,CE,202.31,493338
27-08-2024,29-08-2024,18950,PE,337.54,446388
27-08-2024,29-08-2024,19000,CE,321.68,90541
27-08-2024,29-08-2024,19000,PE,380.56,346141
27-08-2024,29-08-2024,19050,CE,116.89,416047
27-08-2024,29-08-2024,19050,PE,24.42,411446
28-08-2024,29-08-2024,17200,CE,144.02,496790
28-08-2024,29-08-2024,17200,PE,105.07,358796
28-08-2024,29-08-2024,17250,CE,273.63,307732
28-08-2024,29-08-2024,17250,PE,77.98,302255
28-08-2024,29-08-2024,17300,CE,351.59,452075
28-08-2024,29-08-2024,17300,PE,355.53,316693
28-08-2024,29-08-2024,17350,CE,48.63,492003
28-08-2024,29-08-2024,17350,PE,311.08,227414
28-08-2024,29-08-2024,17400,CE,122.84,260108
28-08-2024,29-08-2024,17400,PE,384.48,456418
29-08-2024,29-08-2024,15950,CE,143,381338
29-08-2024,29-08-2024,15950,PE,42.41,277502
29-08-2024,29-08-2024,16000,CE,109.02,213952
29-08-2024,29-08-2024,16000,PE,273.56,98452
29-08-2024,29-08-2024,16050,CE,284.18,488249
29-08-2024,29-08-2024,16050,PE,129.76,77248
29-08-2024,29-08-2024,16100,CE,231.46,460396
29-08-2024,29-08-2024,16100,PE,312.91,418798
29-08-2024,29-08-2024,16150,CE,326.83,252128
29-08-2024,29-08-2024,16150,PE,179.7,354567
30-08-2024,05-09-2024,16850,CE,98.82,136984
30-08-2024,05-09-2024,16850,PE,101.58,346988
30-08-2024,05-09-2024,16900,CE,77.14,447401
30-08-2024,05-09-2024,16900,PE,381.46,175458
30-08-2024,05-09-2024,16950,CE,81.17,261915
30-08-2024,05-09-2024,16950,PE,352.9,241653
30-08-2024,05-09-2024,17000,CE,379.18,227065
30-08-2024,05-09-2024,17000,PE,278.34,172447
30-08-2024,05-09-2024,17050,CE,276.59,466199
30-08-2024,05-09-2024,17050,PE,396.73,299760
02-09-2024,05-09-2024,17300,CE,121.92,310309
02-09-2024,05-09-2024,17300,PE,163.3,94876
02-09-2024,05-09-2024,17350,CE,277.44,43369
02-09-2024,05-09-2024,17350,PE,226.82,289485
02-09-2024,05-09-2024,17400,CE,67.4,291656
02-09-2024,05-09-2024,17400,PE,146.62,137486
02-09-2024,05-09-2024,17450,CE,323.53,113402
02-09-2024,05-09-2024,17450,PE,197.5,489334
02-09-2024,05-09-2024,17500,CE,283.2,12743
02-09-2024,05-09-2024,17500,PE,134.62,389023
03-09-2024,05-09-2024,19300,CE,254.99,164070
03-09-2024,05-09-2024,19300,PE,398.53,221063
03-09-2024,05-09-2024,19350,CE,95.83,307792
03-09-2024,05-09-2024,19350,PE,328.37,347404
03-09-2024,05-09-2024,19400,CE,163.95,26757
03-09-2024,05-09-2024,19400,PE,169.56,472315
03-09-2024,05-09-2024,19450,CE,311.94,242370
03-09-2024,05-09-2024,19450,PE,147.29,239921
03-09-2024,05-09-2024,19500,CE,138.38,149842
03-09-2024,05-09-2024,19500,PE,207.09,363620
04-09-2024,05-09-2024,13900,CE,247.74,310289
04-09-2024,05-09-2024,13900,PE,78.08,53972
04-09-2024,05-09-2024,13950,CE,43,148257
04-09-2024,05-09-2024,13950,PE,256.34,226992
04-09-2024,05-09-2024,14000,CE,249.2,182360
04-09-2024,05-09-2024,14000,PE,339.37,481856
04-09-2024,05-09-2024,14050,CE,183.38,371038
04-09-2024,05-09-2024,14050,PE,235.12,311662
04-09-2024,05-09-2024,14100,CE,217.44,497216
04-09-2024,05-09-2024,14100,PE,343.6,249101
05-09-2024,05-09-2024,21100,CE,291.77,134662
05-09-2024,05-09-2024,21100,PE,87.56,203468
05-09-2024,05-09-2024,21150,CE,16.34,360117
05-09-2024,05-09-2024,21150,PE,213.49,418640
05-09-2024,05-09-2024,21200,CE,307.02,393263
05-09-2024,05-09-2024,21200,PE,72.88,59796
05-09-2024,05-09-2024,21250,CE,86.23,354431
05-09-2024,05-09-2024,21250,PE,131.19,426671
05-09-2024,05-09-2024,21300,CE,25.6,291976
05-09-2024,05-09-2024,21300,PE,263,382795
06-09-2024,12-09-2024,14400,CE,11.41,360035
06-09-2024,12-09-2024,14400,PE,83.87,396502
06-09-2024,12-09-2024,14450,CE,378.38,194439
06-09-2024,12-09-2024,14450,PE,353.53,376341
06-09-2024,12-09-2024,14500,CE,158.35,457944
06-09-2024,12-09-2024,14500,PE,126.77,57196
06-09-2024,12-09-2024,14550,CE,374.41,191897
06-09-2024,12-09-2024,14550,PE,295.01,490457
06-09-2024,12-09-2024,14600,CE,161.15,197428
06-09-2024,12-09-2024,14600,PE,312.55,456559
09-09-2024,12-09-2024,17750,CE,327.46,78584
09-09-2024,12-09-2024,17750,PE,323.98,117066
09-09-2024,12-09-2024,17800,CE,318.18,430017
09-09-2024,12-09-2024,17800,PE,288.14,474792
09-09-2024,12-09-2024,17850,CE,67.53,269669
09-09-2024,12-09-2024,17850,PE,388.42,60600
09-09-2024,12-09-2024,17900,CE,110.03,405373
09-09-2024,12-09-2024,17900,PE,50.79,261752
09-09-2024,12-09-2024,17950,CE,381.31,418082
09-09-2024,12-09-2024,17950,PE,379.88,208418
10-09-2024,12-09-2024,17700,CE,218.09,246655
10-09-2024,12-09-2024,17700,PE,50.26,183202
10-09-2024,12-09-2024,17750,CE,126.24,151755
10-09-2024,12-09-2024,17750,PE,158.56,172909
10-09-2024,12-09-2024,17800,CE,160.71,138494
10-09-2024,12-09-2024,17800,PE,241.07,175631
10-09-2024,12-09-2024,17850,CE,289.84,444994
10-09-2024,12-09-2024,17850,PE,190.37,335915
10-09-2024,12-09-2024,17900,CE,63.9,397142
10-09-2024,12-09-2024,17900,PE,157.82,236559
11-09-2024,12-09-2024,18800,CE,247.4,319715
11-09-2024,12-09-2024,18800,PE,218.08,255280
11-09-2024,12-09-2024,18850,CE,353.47,301740
11-09-2024,12-09-2024,18850,PE,187.25,287758
11-09-2024,12-09-2024,18900,CE,170.39,167868
11-09-2024,12-09-2024,18900,PE,67.25,295886
11-09-2024,12-09-2024,18950,CE,227.41,372102
11-09-2024,12-09-2024,18950,PE,195.14,176813
11-09-2024,12-09-2024,19000,CE,123.66,302952
11-09-2024,12-09-2024,19000,PE,192.16,335665
12-09-2024,12-09-2024,17650,CE,340.12,423313
12-09-2024,12-09-2024,17650,PE,131.49,476319
12-09-2024,12-09-2024,17700,CE,357.96,138058
12-09-2024,12-09-2024,17700,PE,37.56,329379
12-09-2024,12-09-2024,17750,CE,96.66,104692
12-09-2024,12-09-2024,17750,PE,26.82,339147
12-09-2024,12-09-2024,17800,CE,229.48,11902
12-09-2024,12-09-2024,17800,PE,334.99,465396
12-09-2024,12-09-2024,17850,CE,103.08,359460
12-09-2024,12-09-2024,17850,PE,54.83,105443
13-09-2024,19-09-2024,18400,CE,297.16,233921
13-09-2024,19-09-2024,18400,PE,99.62,139049
13-09-2024,19-09-2024,18450,CE,13.61,11672
13-09-2024,19-09-2024,18450,PE,363.33,471899
13-09-2024,19-09-2024,18500,CE,167.6,251711
13-09-2024,19-09-2024,18500,PE,368.23,166923
13-09-2024,19-09-2024,18550,CE,327.02,380973
13-09-2024,19-09-2024,18550,PE,190.88,121141
13-09-2024,19-09-2024,18600,CE,25.02,294069
13-09-2024,19-09-2024,18600,PE,159.23,444226
16-09-2024,19-09-2024,20450,CE,362.02,25463
16-09-2024,19-09-2024,20450,PE,364.76,35529
16-09-2024,19-09-2024,20500,CE,110.57,289611
16-09-2024,19-09-2024,20500,PE,368.54,242617
16-09-2024,19-09-2024,20550,CE,260.32,23749
16-09-2024,19-09-2024,20550,PE,199.86,255781
16-09-2024,19-09-2024,20600,CE,135.88,431156
16-09-2024,19-09-2024,20600,PE,269.13,304225
16-09-2024,19-09-2024,20650,CE,237.7,451327
16-09-2024,19-09-2024,20650,PE,154.91,233674
17-09-2024,19-09-2024,18800,CE,227.42,363785
17-09-2024,19-09-2024,18800,PE,10.95,439684
17-09-2024,19-09-2024,18850,CE,375.82,471832
17-09-2024,19-09-2024,18850,PE,114.57,122963
17-09-2024,19-09-2024,18900,CE,231.8,38076
17-09-2024,19-09-2024,18900,PE,319.6,143753
17-09-2024,19-09-2024,18950,CE,181.63,427867
17-09-2024,19-09-2024,18950,PE,323.57,191543
17-09-2024,19-09-2024,19000,CE,367.12,166078
17-09-2024,19-09-2024,19000,PE,275.89,433081
18-09-2024,19-09-2024,17650,CE,25.11,48244
18-09-2024,19-09-2024,17650,PE,232.3,291762
18-09-2024,19-09-2024,17700,CE,221.96,44070
18-09-2024,19-09-2024,17700,PE,243.59,298445
18-09-2024,19-09-2024,17750,CE,49.09,266247
18-09-2024,19-09-2024,17750,PE,185.48,491636
18-09-2024,19-09-2024,17800,CE,340.37,109267
18-09-2024,19-09-2024,17800,PE,228,256106
18-09-2024,19-09-2024,17850,CE,208.7,491175
18-09-2024,19-09-2024,17850,PE,214.46,463828
19-09-2024,19-09-2024,20300,CE,106.18,44636
19-09-2024,19-09-2024,20300,PE,265.93,21274
19-09-2024,19-09-2024,20350,CE,267.34,143648
19-09-2024,19-09-2024,20350,PE,226.24,364437
19-09-2024,19-09-2024,20400,CE,243.89,121674
19-09-2024,19-09-2024,20400,PE,67.3,183654
19-09-2024,19-09-2024,20450,CE,85.15,167573
19-09-2024,19-09-2024,20450,PE,346.26,407189
19-09-2024,19-09-2024,20500,CE,190.4,451845
19-09-2024,19-09-2024,20500,PE,272.89,155252
20-09-2024,26-09-2024,14900,CE,86.07,83339
20-09-2024,26-09-2024,14900,PE,76.31,324142
20-09-2024,26-09-2024,14950,CE,87.92,390575
20-09-2024,26-09-2024,14950,PE,317.27,64429
20-09-2024,26-09-2024,15000,CE,188.52,420685
20-09-2024,26-09-2024,15000,PE,140.06,467177
20-09-2024,26-09-2024,15050,CE,299.87,137768
20-09-2024,26-09-2024,15050,PE,248.16,233151
20-09-2024,26-09-2024,15100,CE,298.87,44238
20-09-2024,26-09-2024,15100,PE,290.74,77916
23-09-2024,26-09-2024,19100,CE,270.5,143301
23-09-2024,26-09-2024,19100,PE,11.52,409479
23-09-2024,26-09-2024,19150,CE,381.72,52063
23-09-2024,26-09-2024,19150,PE,35.76,95844
23-09-2024,26-09-2024,19200,CE,125.96,401648
23-09-2024,26-09-2024,19200,PE,104.03,346265
23-09-2024,26-09-2024,19250,CE,127.59,314848
23-09-2024,26-09-2024,19250,PE,178.24,315109
23-09-2024,26-09-2024,19300,CE,377.72,35935
23-09-2024,26-09-2024,19300,PE,113.42,206011
24-09-2024,26-09-2024,19500,CE,361.49,290438
24-09-2024,26-09-2024,19500,PE,238.19,200429
24-09-2024,26-09-2024,19550,CE,258.2,193465
24-09-2024,26-09-2024,19550,PE,82.02,212638
24-09-2024,26-09-2024,19600,CE,325.59,64410
24-09-2024,26-09-2024,19600,PE,41.9,368875
24-09-2024,26-09-2024,19650,CE,346.98,315388
24-09-2024,26-09-2024,19650,PE,359.43,337206
24-09-2024,26-09-2024,19700,CE,234.28,118972
24-09-2024,26-09-2024,19700,PE,347.02,51997
25-09-2024,26-09-2024,16000,CE,117.59,379459
25-09-2024,26-09-2024,16000,PE,290.44,143611
25-09-2024,26-09-2024,16050,CE,22.57,169721
25-09-2024,26-09-2024,16050,PE,214.86,64564
25-09-2024,26-09-2024,16100,CE,87.63,237761
25-09-2024,26-09-2024,16100,PE,374.5,457998
25-09-2024,26-09-2024,16150,CE,309.75,437188
25-09-2024,26-09-2024,16150,PE,136.06,126606
25-09-2024,26-09-2024,16200,CE,394.59,52925
25-09-2024,26-09-2024,16200,PE,67.12,387519
26-09-2024,26-09-2024,17750,CE,344.87,486509
26-09-2024,26-09-2024,17750,PE,207.24,314104
26-09-2024,26-09-2024,17800,CE,39.99,248462
26-09-2024,26-09-2024,17800,PE,22.17,378766
26-09-2024,26-09-2024,17850,CE,180.47,366797
26-09-2024,26-09-2024,17850,PE,133.17,244754
26-09-2024,26-09-2024,17900,CE,273.21,305125
26-09-2024,26-09-2024,17900,PE,183.08,422878
26-09-2024,26-09-2024,17950,CE,94.78,277351
26-09-2024,26-09-2024,17950,PE,128.48,332859
27-09-2024,03-10-2024,19200,CE,33.81,298690
27-09-2024,03-10-2024,19200,PE,249.56,444400
27-09-2024,03-10-2024,19250,CE,13.11,40347
27-09-2024,03-10-2024,19250,PE,157.89,429361
27-09-2024,03-10-2024,19300,CE,307.97,441918
27-09-2024,03-10-2024,19300,PE,196.6,217707
27-09-2024,03-10-2024,19350,CE,164.78,141776
27-09-2024,03-10-2024,19350,PE,77.03,234966
27-09-2024,03-10-2024,19400,CE,114.08,382530
27-09-2024,03-10-2024,19400,PE,158.48,211776
30-09-2024,03-10-2024,19250,CE,291.79,196116
30-09-2024,03-10-2024,19250,PE,358.11,256163
30-09-2024,03-10-2024,19300,CE,312.08,166276
30-09-2024,03-10-2024,19300,PE,320.45,413490
30-09-2024,03-10-2024,19350,CE,258.8,277239
30-09-2024,03-10-2024,19350,PE,326.37,176002
30-09-2024,03-10-2024,19400,CE,11.24,244795
30-09-2024,03-10-2024,19400,PE,227.42,230662
30-09-2024,03-10-2024,19450,CE,378.58,290694
30-09-2024,03-10-2024,19450,PE,341.61,64209
01-10-2024,03-10-2024,17150,CE,201.39,410874
01-10-2024,03-10-2024,17150,PE,219.74,267079
01-10-2024,03-10-2024,17200,CE,106.27,249371
01-10-2024,03-10-2024,17200,PE,309.84,315542
01-10-2024,03-10-2024,17250,CE,371.85,15303
01-10-2024,03-10-2024,17250,PE,224.12,221647
01-10-2024,03-10-2024,17300,CE,135.36,355503
01-10-2024,03-10-2024,17300,PE,162.38,347844
01-10-2024,03-10-2024,17350,CE,326.81,254878
01-10-2024,03-10-2024,17350,PE,216.38,150845
02-10-2024,03-10-2024,15850,CE,390.68,119121
02-10-2024,03-10-2024,15850,PE,326.3,143893
02-10-2024,03-10-2024,15900,CE,43.2,345435
02-10-2024,03-10-2024,15900,PE,388.87,368524
02-10-2024,03-10-2024,15950,CE,335.37,284846
02-10-2024,03-10-2024,15950,PE,326.44,57793
02-10-2024,03-10-2024,16000,CE,268.26,325735
02-10-2024,03-10-2024,16000,PE,82.28,198115
02-10-2024,03-10-2024,16050,CE,177.81,484131
02-10-2024,03-10-2024,16050,PE,377.26,456319
03-10-2024,03-10-2024,17700,CE,314.16,409317
03-10-2024,03-10-2024,17700,PE,242.46,397668
03-10-2024,03-10-2024,17750,CE,332,436378
03-10-2024,03-10-2024,17750,PE,295.98,118365
03-10-2024,03-10-2024,17800,CE,22.73,255768
03-10-2024,03-10-2024,17800,PE,222.15,271447
03-10-2024,03-10-2024,17850,CE,215.78,182446
03-10-2024,03-10-2024,17850,PE,188.86,354269
03-10-2024,03-10-2024,17900,CE,154.98,169408
03-10-2024,03-10-2024,17900,PE,14.08,362848
04-10-2024,10-10-2024,20000,CE,42.75,259558
04-10-2024,10-10-2024,20000,PE,202.62,89820
04-10-2024,10-10-2024,20050,CE,361.35,40850
04-10-2024,10-10-2024,20050,PE,272.58,398278
04-10-2024,10-10-2024,20100,CE,273.74,307369
04-10-2024,10-10-2024,20100,PE,73.42,139922
04-10-2024,10-10-2024,20150,CE,244.68,399485
04-10-2024,10-10-2024,20150,PE,194.91,282131
04-10-2024,10-10-2024,20200,CE,390.61,474179
04-10-2024,10-10-2024,20200,PE,367.01,332446
07-10-2024,10-10-2024,15450,CE,300.94,67062
07-10-2024,10-10-2024,15450,PE,319.09,34372
07-10-2024,10-10-2024,15500,CE,38.87,181804
07-10-2024,10-10-2024,15500,PE,285.51,187216
07-10-2024,10-10-2024,15550,CE,220.81,192365
07-10-2024,10-10-2024,15550,PE,281.04,265738
07-10-2024,10-10-2024,15600,CE,395.17,28203
07-10-2024,10-10-2024,15600,PE,152.38,310724
07-10-2024,10-10-2024,15650,CE,29.09,471028
07-10-2024,10-10-2024,15650,PE,133.56,386461
08-10-2024,10-10-2024,18650,CE,111.39,368929
08-10-2024,10-10-2024,18650,PE,319.21,34327
08-10-2024,10-10-2024,18700,CE,263.21,473216
08-10-2024,10-10-2024,18700,PE,89.4,254050
08-10-2024,10-10-2024,18750,CE,367.15,86691
08-10-2024,10-10-2024,18750,PE,379.16,434143
08-10-2024,10-10-2024,18800,CE,288.81,292940
08-10-2024,10-10-2024,18800,PE,119.06,165194
08-10-2024,10-10-2024,18850,CE,206.93,56614
08-10-2024,10-10-2024,18850,PE,127.18,400791
09-10-2024,10-10-2024,17300,CE,371.79,279890
09-10-2024,10-10-2024,17300,PE,209.63,256714
09-10-2024,10-10-2024,17350,CE,279.03,323346
09-10-2024,10-10-2024,17350,PE,120,285434
09-10-2024,10-10-2024,17400,CE,220.15,140592
09-10-2024,10-10-2024,17400,PE,207.92,100045
09-10-2024,10-10-2024,17450,CE,367.07,344603
09-10-2024,10-10-2024,17450,PE,134.3,164596
09-10-2024,10-10-2024,17500,CE,238.45,68015
09-10-2024,10-10-2024,17500,PE,145.94,321952
10-10-2024,10-10-2024,21900,CE,223.14,88906
10-10-2024,10-10-2024,21900,PE,57.39,100146
10-10-2024,10-10-2024,21950,CE,156.78,429137
10-10-2024,10-10-2024,21950,PE,303.56,183698
10-10-2024,10-10-2024,22000,CE,79.36,403778
10-10-2024,10-10-2024,22000,PE,341.16,60142
10-10-2024,10-10-2024,22050,CE,77.22,278341
10-10-2024,10-10-2024,22050,PE,77.74,377790
10-10-2024,10-10-2024,22100,CE,28.82,153653
10-10-2024,10-10-2024,22100,PE,384.34,336747
11-10-2024,17-10-2024,17250,CE,379.04,211354
11-10-2024,17-10-2024,17250,PE,110.76,116787
11-10-2024,17-10-2024,17300,CE,236.47,290688
11-10-2024,17-10-2024,17300,PE,349.33,13712
11-10-2024,17-10-2024,17350,CE,27.68,325008
11-10-2024,17-10-2024,17350,PE,218.96,371149
11-10-2024,17-10-2024,17400,CE,62.92,50328
11-10-2024,17-10-2024,17400,PE,23.42,194597
11-10-2024,17-10-2024,17450,CE,332.97,170878
11-10-2024,17-10-2024,17450,PE,150.11,75100
14-10-2024,17-10-2024,15250,CE,87.36,281461
14-10-2024,17-10-2024,15250,PE,350.03,440248
14-10-2024,17-10-2024,15300,CE,223.45,204149
14-10-2024,17-10-2024,15300,PE,258.47,125625
14-10-2024,17-10-2024,15350,CE,87.16,467717
14-10-2024,17-10-2024,15350,PE,377.01,92716
14-10-2024,17-10-2024,15400,CE,362.58,265664
14-10-2024,17-10-2024,15400,PE,112.85,240844
14-10-2024,17-10-2024,15450,CE,369.96,146958
14-10-2024,17-10-2024,15450,PE,264.92,483646
15-10-2024,17-10-2024,17400,CE,143.4,25589
15-10-2024,17-10-2024,17400,PE,317.44,339747
15-10-2024,17-10-2024,17450,CE,131.59,420973
15-10-2024,17-10-2024,17450,PE,211.62,248087
15-10-2024,17-10-2024,17500,CE,128.57,205923
15-10-2024,17-10-2024,17500,PE,298.3,17549
15-10-2024,17-10-2024,17550,CE,43.17,250697
15-10-2024,17-10-2024,17550,PE,97.32,85806
15-10-2024,17-10-2024,17600,CE,164.11,192118
15-10-2024,17-10-2024,17600,PE,394.12,485671
16-10-2024,17-10-2024,19300,CE,266.99,323461
16-10-2024,17-10-2024,19300,PE,103.66,261109
16-10-2024,17-10-2024,19350,CE,272.89,329154
16-10-2024,17-10-2024,19350,PE,48.72,255736
16-10-2024,17-10-2024,19400,CE,310.83,496803
16-10-2024,17-10-2024,19400,PE,43.87,159360
16-10-2024,17-10-2024,19450,CE,135.71,469111
16-10-2024,17-10-2024,19450,PE,307.83,26639
16-10-2024,17-10-2024,19500,CE,255.06,291891
16-10-2024,17-10-2024,19500,PE,226.36,14211
17-10-2024,17-10-2024,15550,CE,185.31,447977
17-10-2024,17-10-2024,15550,PE,69.46,72147
17-10-2024,17-10-2024,15600,CE,300.5,109134
17-10-2024,17-10-2024,15600,PE,71.91,482368
17-10-2024,17-10-2024,15650,CE,93.45,45781
17-10-2024,17-10-2024,15650,PE,246.49,281396
17-10-2024,17-10-2024,15700,CE,85.54,261386
17-10-2024,17-10-2024,15700,PE,259.3,366494
17-10-2024,17-10-2024,15750,CE,151.92,16227
17-10-2024,17-10-2024,15750,PE,263.24,110855
18-10-2024,24-10-2024,19500,CE,107.34,111105
18-10-2024,24-10-2024,19500,PE,395.45,74251
18-10-2024,24-10-2024,19550,CE,237.2,206865
18-10-2024,24-10-2024,19550,PE,43.98,18885
18-10-2024,24-10-2024,19600,CE,286.04,464997
18-10-2024,24-10-2024,19600,PE,385.26,265418
18-10-2024,24-10-2024,19650,CE,29.57,435848
18-10-2024,24-10-2024,19650,PE,366.22,93942
18-10-2024,24-10-2024,19700,CE,357.5,467927
18-10-2024,24-10-2024,19700,PE,243.27,312734
21-10-2024,24-10-2024,18850,CE,237.27,232691
21-10-2024,24-10-2024,18850,PE,190.39,498341
21-10-2024,24-10-2024,18900,CE,315.86,40158
21-10-2024,24-10-2024,18900,PE,355.28,400995
21-10-2024,24-10-2024,18950,CE,148.68,449623
21-10-2024,24-10-2024,18950,PE,350.36,74269
21-10-2024,24-10-2024,19000,CE,221.02,122753
21-10-2024,24-10-2024,19000,PE,283.75,120375
21-10-2024,24-10-2024,19050,CE,17.06,476125
21-10-2024,24-10-2024,19050,PE,96.62,104826
22-10-2024,24-10-2024,18700,CE,187.63,22282
22-10-2024,24-10-2024,18700,PE,37.37,435249
22-10-2024,24-10-2024,18750,CE,86.33,388320
22-10-2024,24-10-2024,18750,PE,158.93,342811
22-10-2024,24-10-2024,18800,CE,352.05,379419
22-10-2024,24-10-2024,18800,PE,339.46,215306
22-10-2024,24-10-2024,18850,CE,271.02,161732
22-10-2024,24-10-2024,18850,PE,85.3,383756
22-10-2024,24-10-2024,18900,CE,277.15,419885
22-10-2024,24-10-2024,18900,PE,167.94,241604
23-10-2024,24-10-2024,16800,CE,259.75,293368
23-10-2024,24-10-2024,16800,PE,347.04,461140
23-10-2024,24-10-2024,16850,CE,119.42,241097
23-10-2024,24-10-2024,16850,PE,341.47,310923
23-10-2024,24-10-2024,16900,CE,99.93,391062
23-10-2024,24-10-2024,16900,PE,353.15,218687
23-10-2024,24-10-2024,16950,CE,67.86,396028
23-10-2024,24-10-2024,16950,PE,84.81,35246
23-10-2024,24-10-2024,17000,CE,199.97,85782
23-10-2024,24-10-2024,17000,PE,382.75,32712
24-10-2024,24-10-2024,19000,CE,335.4,174483
24-10-2024,24-10-2024,19000,PE,224.34,240551
24-10-2024,24-10-2024,19050,CE,64.51,355615
24-10-2024,24-10-2024,19050,PE,275.78,329025
24-10-2024,24-10-2024,19100,CE,33.59,450367
24-10-2024,24-10-2024,19100,PE,311.46,433037
24-10-2024,24-10-2024,19150,CE,146.02,498208
24-10-2024,24-10-2024,19150,PE,287.45,175015
24-10-2024,24-10-2024,19200,CE,197.94,373145
24-10-2024,24-10-2024,19200,PE,35.19,394811
25-10-2024,31-10-2024,18650,CE,374.56,229469
25-10-2024,31-10-2024,18650,PE,320.52,222561
25-10-2024,31-10-2024,18700,CE,298.92,257568
25-10-2024,31-10-2024,18700,PE,134.12,442744
25-10-2024,31-10-2024,18750,CE,140.7,358315
25-10-2024,31-10-2024,18750,PE,112.74,185067
25-10-2024,31-10-2024,18800,CE,180.9,265170
25-10-2024,31-10-2024,18800,PE,107.82,110717
25-10-2024,31-10-2024,18850,CE,222.19,217412
25-10-2024,31-10-2024,18850,PE,150.97,260979
28-10-2024,31-10-2024,15800,CE,344.86,239657
28-10-2024,31-10-2024,15800,PE,169.55,400022
28-10-2024,31-10-2024,15850,CE,175.2,36370
28-10-2024,31-10-2024,15850,PE,278.51,154395
28-10-2024,31-10-2024,15900,CE,51.75,362575
28-10-2024,31-10-2024,15900,PE,27.61,140248
28-10-2024,31-10-2024,15950,CE,26.93,490260
28-10-2024,31-10-2024,15950,PE,379.73,412775
28-10-2024,31-10-2024,16000,CE,14.66,277238
28-10-2024,31-10-2024,16000,PE,178.77,204327
29-10-2024,31-10-2024,18300,CE,292.55,330592
29-10-2024,31-10-2024,18300,PE,97.13,318791
29-10-2024,31-10-2024,18350,CE,277.67,28532
29-10-2024,31-10-2024,18350,PE,212.08,96275
29-10-2024,31-10-2024,18400,CE,399.01,259047
29-10-2024,31-10-2024,18400,PE,366.89,428231
29-10-2024,31-10-2024,18450,CE,77.38,139113
29-10-2024,31-10-2024,18450,PE,77.6,236620
29-10-2024,31-10-2024,18500,CE,244.53,313694
29-10-2024,31-10-2024,18500,PE,368.35,310410
30-10-2024,31-10-2024,19900,CE,394.68,455298
30-10-2024,31-10-2024,19900,PE,390.28,20969
30-10-2024,31-10-2024,19950,CE,267.83,264574
30-10-2024,31-10-2024,19950,PE,369.8,68784
30-10-2024,31-10-2024,20000,CE,372.72,423848
30-10-2024,31-10-2024,20000,PE,67.4,104855
30-10-2024,31-10-2024,20050,CE,183.95,385264
30-10-2024,31-10-2024,20050,PE,176.19,367790
30-10-2024,31-10-2024,20100,CE,205.15,487224
30-10-2024,31-10-2024,20100,PE,83.25,468544
31-10-2024,31-10-2024,18200,CE,233.85,262605
31-10-2024,31-10-2024,18200,PE,64.8,446968
31-10-2024,31-10-2024,18250,CE,217.87,493360
31-10-2024,31-10-2024,18250,PE,397.79,291109
31-10-2024,31-10-2024,18300,CE,388.02,330041
31-10-2024,31-10-2024,18300,PE,139.42,485322
31-10-2024,31-10-2024,18350,CE,68.49,168362
31-10-2024,31-10-2024,18350,PE,34.15,157162
31-10-2024,31-10-2024,18400,CE,132.64,63448
31-10-2024,31-10-2024,18400,PE,330.72,230879
01-11-2024,07-11-2024,20400,CE,260.66,107653
01-11-2024,07-11-2024,20400,PE,275.64,119183
01-11-2024,07-11-2024,20450,CE,323.33,141839
01-11-2024,07-11-2024,20450,PE,157.52,380630
01-11-2024,07-11-2024,20500,CE,310.06,184118
01-11-2024,07-11-2024,20500,PE,110.07,77484
01-11-2024,07-11-2024,20550,CE,121.85,46942
01-11-2024,07-11-2024,20550,PE,29.06,420116
01-11-2024,07-11-2024,20600,CE,221.58,141175
01-11-2024,07-11-2024,20600,PE,371.94,159026
04-11-2024,07-11-2024,20000,CE,30.31,257840
04-11-2024,07-11-2024,20000,PE,277.07,52923
04-11-2024,07-11-2024,20050,CE,84.8,360226
04-11-2024,07-11-2024,20050,PE,105.88,229414
04-11-2024,07-11-2024,20100,CE,346.85,227420
04-11-2024,07-11-2024,20100,PE,56.55,130736
04-11-2024,07-11-2024,20150,CE,316.1,35203
04-11-2024,07-11-2024,20150,PE,325.82,358641
04-11-2024,07-11-2024,20200,CE,334.17,402167
04-11-2024,07-11-2024,20200,PE,211.56,345388
05-11-2024,07-11-2024,19050,CE,370.41,237177
05-11-2024,07-11-2024,19050,PE,60.24,360064
05-11-2024,07-11-2024,19100,CE,215.93,407702
05-11-2024,07-11-2024,19100,PE,115.97,125956
05-11-2024,07-11-2024,19150,CE,234.59,257563
05-11-2024,07-11-2024,19150,PE,122.94,79319
05-11-2024,07-11-2024,19200,CE,223.61,62338
05-11-2024,07-11-2024,19200,PE,82.38,107257
05-11-2024,07-11-2024,19250,CE,208.36,410643
05-11-2024,07-11-2024,19250,PE,242.37,488305
06-11-2024,07-11-2024,13950,CE,14.35,13983
06-11-2024,07-11-2024,13950,PE,10.73,112145
06-11-2024,07-11-2024,14000,CE,16.49,145977
06-11-2024,07-11-2024,14000,PE,41.9,31328
06-11-2024,07-11-2024,14050,CE,272.54,196965
06-11-2024,07-11-2024,14050,PE,98.9,189964
06-11-2024,07-11-2024,14100,CE,227.94,435217
06-11-2024,07-11-2024,14100,PE,67.31,412672
06-11-2024,07-11-2024,14150,CE,240.36,332879
06-11-2024,07-11-2024,14150,PE,215.01,297687
07-11-2024,07-11-2024,16550,CE,270.66,344564
07-11-2024,07-11-2024,16550,PE,26.37,388716
07-11-2024,07-11-2024,16600,CE,86.39,78684
07-11-2024,07-11-2024,16600,PE,85.77,43173
07-11-2024,07-11-2024,16650,CE,11.83,24831
07-11-2024,07-11-2024,16650,PE,205.17,178554
07-11-2024,07-11-2024,16700,CE,187.39,241361
07-11-2024,07-11-2024,16700,PE,78.84,233179
07-11-2024,07-11-2024,16750,CE,268.97,99191
07-11-2024,07-11-2024,16750,PE,59.36,409819
08-11-2024,14-11-2024,16650,CE,313.89,324303
08-11-2024,14-11-2024,16650,PE,284.72,451453
08-11-2024,14-11-2024,16700,CE,278.31,214340
08-11-2024,14-11-2024,16700,PE,308.82,232364
08-11-2024,14-11-2024,16750,CE,54.97,44298
08-11-2024,14-11-2024,16750,PE,271.8,341355
08-11-2024,14-11-2024,16800,CE,175.86,153322
08-11-2024,14-11-2024,16800,PE,353.14,248259
08-11-2024,14-11-2024,16850,CE,319.86,154586
08-11-2024,14-11-2024,16850,PE,334.65,244824
11-11-2024,14-11-2024,16650,CE,202.62,150378
11-11-2024,14-11-2024,16650,PE,182.3,347307
11-11-2024,14-11-2024,16700,CE,375.96,386962
11-11-2024,14-11-2024,16700,PE,140.12,38839
11-11-2024,14-11-2024,16750,CE,292.47,283170
11-11-2024,14-11-2024,16750,PE,372.97,346048
11-11-2024,14-11-2024,16800,CE,18.8,411530
11-11-2024,14-11-2024,16800,PE,93.8,485463
11-11-2024,14-11-2024,16850,CE,206.94,176296
11-11-2024,14-11-2024,16850,PE,298.61,219915
12-11-2024,14-11-2024,14900,CE,19.14,381952
12-11-2024,14-11-2024,14900,PE,320.04,375814
12-11-2024,14-11-2024,14950,CE,111.01,23966
12-11-2024,14-11-2024,14950,PE,104.41,191798
12-11-2024,14-11-2024,15000,CE,18.67,105918
12-11-2024,14-11-2024,15000,PE,324.91,240452
12-11-2024,14-11-2024,15050,CE,388.95,459382
12-11-2024,14-11-2024,15050,PE,328.96,56017
12-11-2024,14-11-2024,15100,CE,84.22,444323
12-11-2024,14-11-2024,15100,PE,251.45,50094
13-11-2024,14-11-2024,21750,CE,310.11,347589
13-11-2024,14-11-2024,21750,PE,367.47,273410
13-11-2024,14-11-2024,21800,CE,338.11,41955
13-11-2024,14-11-2024,21800,PE,20.92,64522
13-11-2024,14-11-2024,21850,CE,376.36,455950
13-11-2024,14-11-2024,21850,PE,123.34,282304
13-11-2024,14-11-2024,21900,CE,384.04,150206
13-11-2024,14-11-2024,21900,PE,115.54,173774
13-11-2024,14-11-2024,21950,CE,51.7,355474
13-11-2024,14-11-2024,21950,PE,25.25,396643
14-11-2024,14-11-2024,18050,CE,358.97,254016
14-11-2024,14-11-2024,18050,PE,317.19,481613
14-11-2024,14-11-2024,18100,CE,203.65,62501
14-11-2024,14-11-2024,18100,PE,347.12,473830
14-11-2024,14-11-2024,18150,CE,326.84,448287
14-11-2024,14-11-2024,18150,PE,305.47,250965
14-11-2024,14-11-2024,18200,CE,266.15,429443
14-11-2024,14-11-2024,18200,PE,84.99,403016
14-11-2024,14-11-2024,18250,CE,25.94,41318
14-11-2024,14-11-2024,18250,PE,332.35,141217
15-11-2024,21-11-2024,22200,CE,213.9,427591
15-11-2024,21-11-2024,22200,PE,312.85,379682
15-11-2024,21-11-2024,22250,CE,143.64,123176
15-11-2024,21-11-2024,22250,PE,276.62,30890
15-11-2024,21-11-2024,22300,CE,51.1,398561
15-11-2024,21-11-2024,22300,PE,79.92,230267
15-11-2024,21-11-2024,22350,CE,50.63,496183
15-11-2024,21-11-2024,22350,PE,32.21,292897
15-11-2024,21-11-2024,22400,CE,390.91,104526
15-11-2024,21-11-2024,22400,PE,328.05,34789
18-11-2024,21-11-2024,16700,CE,39.72,251794
18-11-2024,21-11-2024,16700,PE,297.96,85943
18-11-2024,21-11-2024,16750,CE,276.65,387927
18-11-2024,21-11-2024,16750,PE,24.24,338321
18-11-2024,21-11-2024,16800,CE,316.24,253743
18-11-2024,21-11-2024,16800,PE,34.22,12638
18-11-2024,21-11-2024,16850,CE,127.78,221946
18-11-2024,21-11-2024,16850,PE,41.86,222323
18-11-2024,21-11-2024,16900,CE,215.45,184905
18-11-2024,21-11-2024,16900,PE,282.38,313037
19-11-2024,21-11-2024,21300,CE,128.55,445617
19-11-2024,21-11-2024,21300,PE,59.08,368395
19-11-2024,21-11-2024,21350,CE,263.27,23147
19-11-2024,21-11-2024,21350,PE,313.25,484174
19-11-2024,21-11-2024,21400,CE,212.98,68895
19-11-2024,21-11-2024,21400,PE,125.83,484143
19-11-2024,21-11-2024,21450,CE,371.03,14124
19-11-2024,21-11-2024,21450,PE,219.59,232473
19-11-2024,21-11-2024,21500,CE,66.04,57635
19-11-2024,21-11-2024,21500,PE,367.7,106142
20-11-2024,21-11-2024,19550,CE,159.47,325403
20-11-2024,21-11-2024,19550,PE,128.76,465409
20-11-2024,21-11-2024,19600,CE,361.9,314162
20-11-2024,21-11-2024,19600,PE,39.5,334415
20-11-2024,21-11-2024,19650,CE,182.2,498658
20-11-2024,21-11-2024,19650,PE,172.35,52836
20-11-2024,21-11-2024,19700,CE,50.14,464388
20-11-2024,21-11-2024,19700,PE,34.91,157956
20-11-2024,21-11-2024,19750,CE,71.84,404439
20-11-2024,21-11-2024,19750,PE,189.7,446061
21-11-2024,21-11-2024,14250,CE,125.76,90327
21-11-2024,21-11-2024,14250,PE,26.57,279395
21-11-2024,21-11-2024,14300,CE,159.67,83071
21-11-2024,21-11-2024,14300,PE,55.07,61439
21-11-2024,21-11-2024,14350,CE,288.55,478546
21-11-2024,21-11-2024,14350,PE,233.84,293440
21-11-2024,21-11-2024,14400,CE,384.63,474778
21-11-2024,21-11-2024,14400,PE,62.49,255847
21-11-2024,21-11-2024,14450,CE,184.74,247014
21-11-2024,21-11-2024,14450,PE,44.41,297438
22-11-2024,28-11-2024,18450,CE,362.23,65544
22-11-2024,28-11-2024,18450,PE,231.57,357051
22-11-2024,28-11-2024,18500,CE,118.22,230318
22-11-2024,28-11-2024,18500,PE,51.08,257481
22-11-2024,28-11-2024,18550,CE,166.13,419334
22-11-2024,28-11-2024,18550,PE,144.34,195871
22-11-2024,28-11-2024,18600,CE,393.95,344225
22-11-2024,28-11-2024,18600,PE,294.91,322782
22-11-2024,28-11-2024,18650,CE,296.91,257303
22-11-2024,28-11-2024,18650,PE,275.32,128348
25-11-2024,28-11-2024,21150,CE,163.19,275080
25-11-2024,28-11-2024,21150,PE,202.49,235795
25-11-2024,28-11-2024,21200,CE,146.6,414081
25-11-2024,28-11-2024,21200,PE,346.85,63521
25-11-2024,28-11-2024,21250,CE,200.34,332096
25-11-2024,28-11-2024,21250,PE,230.2,193543
25-11-2024,28-11-2024,21300,CE,339.23,13321
25-11-2024,28-11-2024,21300,PE,257.5,209877
25-11-2024,28-11-2024,21350,CE,315.16,171039
25-11-2024,28-11-2024,21350,PE,54,52935
26-11-2024,28-11-2024,20500,CE,157,154608
26-11-2024,28-11-2024,20500,PE,50.36,287902
26-11-2024,28-11-2024,20550,CE,309.47,63737
26-11-2024,28-11-2024,20550,PE,209.87,125051
26-11-2024,28-11-2024,20600,CE,111.3,52925
26-11-2024,28-11-2024,20600,PE,82.21,331544
26-11-2024,28-11-2024,20650,CE,374.84,14153
26-11-2024,28-11-2024,20650,PE,340.34,297369
26-11-2024,28-11-2024,20700,CE,17.32,168600
26-11-2024,28-11-2024,20700,PE,257.43,10514
27-11-2024,28-11-2024,20400,CE,302.7,308793
27-11-2024,28-11-2024,20400,PE,53.98,95924
27-11-2024,28-11-2024,20450,CE,41.24,278099
27-11-2024,28-11-2024,20450,PE,91.41,179769
27-11-2024,28-11-2024,20500,CE,302.14,426741
27-11-2024,28-11-2024,20500,PE,342.83,335576
27-11-2024,28-11-2024,20550,CE,73.5,141310
27-11-2024,28-11-2024,20550,PE,365.81,240037
27-11-2024,28-11-2024,20600,CE,357.27,145429
27-11-2024,28-11-2024,20600,PE,103.37,115421
28-11-2024,28-11-2024,17800,CE,384.31,75605
28-11-2024,28-11-2024,17800,PE,393.63,357677
28-11-2024,28-11-2024,17850,CE,197.54,149504
28-11-2024,28-11-2024,17850,PE,286.32,468744
28-11-2024,28-11-2024,17900,CE,186.91,89330
28-11-2024,28-11-2024,17900,PE,249.43,356737
28-11-2024,28-11-2024,17950,CE,394.03,120660
28-11-2024,28-11-2024,17950,PE,103.75,277764
28-11-2024,28-11-2024,18000,CE,107.52,212597
28-11-2024,28-11-2024,18000,PE,328.22,323323
29-11-2024,05-12-2024,20850,CE,248.49,140212
29-11-2024,05-12-2024,20850,PE,355.21,76861
29-11-2024,05-12-2024,20900,CE,214.35,234394
29-11-2024,05-12-2024,20900,PE,388.36,291719
29-11-2024,05-12-2024,20950,CE,208.99,255889
29-11-2024,05-12-2024,20950,PE,100.02,467445
29-11-2024,05-12-2024,21000,CE,349.87,166925
29-11-2024,05-12-2024,21000,PE,231.87,355973
29-11-2024,05-12-2024,21050,CE,382.58,119804
29-11-2024,05-12-2024,21050,PE,58.9,275532
02-12-2024,05-12-2024,16800,CE,397.41,412122
02-12-2024,05-12-2024,16800,PE,365.03,96917
02-12-2024,05-12-2024,16850,CE,23.25,163222
02-12-2024,05-12-2024,16850,PE,101.78,406988
02-12-2024,05-12-2024,16900,CE,44.07,282361
02-12-2024,05-12-2024,16900,PE,276.07,335736
02-12-2024,05-12-2024,16950,CE,83.89,312607
02-12-2024,05-12-2024,16950,PE,247.24,347690
02-12-2024,05-12-2024,17000,CE,192.31,87581
02-12-2024,05-12-2024,17000,PE,371.6,451952
03-12-2024,05-12-2024,17600,CE,159.41,141066
03-12-2024,05-12-2024,17600,PE,278.2,19265
03-12-2024,05-12-2024,17650,CE,323.18,489141
03-12-2024,05-12-2024,17650,PE,248.51,160570
03-12-2024,05-12-2024,17700,CE,337.81,473953
03-12-2024,05-12-2024,17700,PE,221.94,227997
03-12-2024,05-12-2024,17750,CE,168.41,494485
03-12-2024,05-12-2024,17750,PE,32.61,287328
03-12-2024,05-12-2024,17800,CE,155.59,304304
03-12-2024,05-12-2024,17800,PE,94.03,329771
04-12-2024,05-12-2024,17300,CE,54.89,80059
04-12-2024,05-12-2024,17300,PE,202.98,22142
04-12-2024,05-12-2024,17350,CE,60.87,365589
04-12-2024,05-12-2024,17350,PE,88.92,453621
04-12-2024,05-12-2024,17400,CE,51.35,159847
04-12-2024,05-12-2024,17400,PE,263.42,135820
04-12-2024,05-12-2024,17450,CE,363.88,102788
04-12-2024,05-12-2024,17450,PE,188.84,158681
04-12-2024,05-12-2024,17500,CE,79.6,25178
04-12-2024,05-12-2024,17500,PE,69.21,246090
05-12-2024,05-12-2024,18200,CE,48.11,58755
05-12-2024,05-12-2024,18200,PE,142.01,148630
05-12-2024,05-12-2024,18250,CE,20.19,18965
05-12-2024,05-12-2024,18250,PE,79.14,226441
05-12-2024,05-12-2024,18300,CE,164.98,419392
05-12-2024,05-12-2024,18300,PE,12.77,311642
05-12-2024,05-12-2024,18350,CE,261.85,401854
05-12-2024,05-12-2024,18350,PE,186.89,399162
05-12-2024,05-12-2024,18400,CE,392.91,172447
05-12-2024,05-12-2024,18400,PE,245.55,425477
06-12-2024,12-12-2024,21000,CE,71.92,361646
06-12-2024,12-12-2024,21000,PE,175.03,447217
06-12-2024,12-12-2024,21050,CE,293.16,195916
06-12-2024,12-12-2024,21050,PE,392.49,276846
06-12-2024,12-12-2024,21100,CE,189.95,143325
06-12-2024,12-12-2024,21100,PE,85.08,22042
06-12-2024,12-12-2024,21150,CE,359.41,341506
06-12-2024,12-12-2024,21150,PE,223.8,349162
06-12-2024,12-12-2024,21200,CE,118.33,62479
06-12-2024,12-12-2024,21200,PE,111.02,485824
09-12-2024,12-12-2024,19150,CE,27.81,300963
09-12-2024,12-12-2024,19150,PE,136.22,329916
09-12-2024,12-12-2024,19200,CE,369.98,51592
09-12-2024,12-12-2024,19200,PE,192.65,207884
09-12-2024,12-12-2024,19250,CE,139.38,120341
09-12-2024,12-12-2024,19250,PE,260.51,490370
09-12-2024,12-12-2024,19300,CE,92.48,433444
09-12-2024,12-12-2024,19300,PE,398.19,324726
09-12-2024,12-12-2024,19350,CE,117.39,278006
09-12-2024,12-12-2024,19350,PE,293.07,417926
10-12-2024,12-12-2024,17100,CE,26.47,248011
10-12-2024,12-12-2024,17100,PE,208.15,73814
10-12-2024,12-12-2024,17150,CE,258.68,101400
10-12-2024,12-12-2024,17150,PE,49.8,258166
10-12-2024,12-12-2024,17200,CE,55.66,340625
10-12-2024,12-12-2024,17200,PE,338.71,425668
10-12-2024,12-12-2024,17250,CE,94.83,103697
10-12-2024,12-12-2024,17250,PE,391.2,373191
10-12-2024,12-12-2024,17300,CE,396.84,484552
10-12-2024,12-12-2024,17300,PE,244.17,400247
11-12-2024,12-12-2024,16500,CE,49.74,120689
11-12-2024,12-12-2024,16500,PE,230.2,361490
11-12-2024,12-12-2024,16550,CE,370.02,393206
11-12-2024,12-12-2024,16550,PE,268.7,330907
11-12-2024,12-12-2024,16600,CE,145.11,74015
11-12-2024,12-12-2024,16600,PE,64.67,335778
11-12-2024,12-12-2024,16650,CE,254.61,190264
11-12-2024,12-12-2024,16650,PE,348.89,498311
11-12-2024,12-12-2024,16700,CE,150.94,274635
11-12-2024,12-12-2024,16700,PE,169.06,283498
12-12-2024,12-12-2024,19200,CE,277.02,123094
12-12-2024,12-12-2024,19200,PE,41.92,112141
12-12-2024,12-12-2024,19250,CE,92.27,377393
12-12-2024,12-12-2024,19250,PE,268.03,246288
12-12-2024,12-12-2024,19300,CE,242.99,276571
12-12-2024,12-12-2024,19300,PE,11.66,106102
12-12-2024,12-12-2024,19350,CE,161.2,394208
12-12-2024,12-12-2024,19350,PE,322.83,60133
12-12-2024,12-12-2024,19400,CE,197.48,157261
12-12-2024,12-12-2024,19400,PE,118.61,229386
13-12-2024,19-12-2024,17050,CE,379.71,129780
13-12-2024,19-12-2024,17050,PE,47.6,452696
13-12-2024,19-12-2024,17100,CE,329.32,493609
13-12-2024,19-12-2024,17100,PE,77.44,481381
13-12-2024,19-12-2024,17150,CE,227.83,171895
13-12-2024,19-12-2024,17150,PE,92.65,291007
13-12-2024,19-12-2024,17200,CE,205.55,407084
13-12-2024,19-12-2024,17200,PE,80.28,247934
13-12-2024,19-12-2024,17250,CE,62.15,319655
13-12-2024,19-12-2024,17250,PE,189.02,365666
16-12-2024,19-12-2024,16600,CE,245.16,158282
16-12-2024,19-12-2024,16600,PE,305.12,40876
16-12-2024,19-12-2024,16650,CE,385.24,282933
16-12-2024,19-12-2024,16650,PE,92.94,114348
16-12-2024,19-12-2024,16700,CE,23.89,384853
16-12-2024,19-12-2024,16700,PE,24.81,131904
16-12-2024,19-12-2024,16750,CE,339.26,313582
16-12-2024,19-12-2024,16750,PE,306.18,110028
16-12-2024,19-12-2024,16800,CE,210.84,72487
16-12-2024,19-12-2024,16800,PE,132.72,440827
17-12-2024,19-12-2024,15700,CE,40.64,300760
17-12-2024,19-12-2024,15700,PE,268.56,190214
17-12-2024,19-12-2024,15750,CE,337.75,453255
17-12-2024,19-12-2024,15750,PE,257.71,418788
17-12-2024,19-12-2024,15800,CE,256.89,498889
17-12-2024,19-12-2024,15800,PE,221.28,85315
17-12-2024,19-12-2024,15850,CE,334.16,192110
17-12-2024,19-12-2024,15850,PE,231.38,470527
17-12-2024,19-12-2024,15900,CE,377.58,96397
17-12-2024,19-12-2024,15900,PE,318.2,192128
18-12-2024,19-12-2024,20400,CE,61.92,374065
18-12-2024,19-12-2024,20400,PE,104.34,255333
18-12-2024,19-12-2024,20450,CE,330.72,305066
18-12-2024,19-12-2024,20450,PE,110.19,216889
18-12-2024,19-12-2024,20500,CE,88.06,251768
18-12-2024,19-12-2024,20500,PE,373.33,420864
18-12-2024,19-12-2024,20550,CE,102.12,424026
18-12-2024,19-12-2024,20550,PE,176.87,333961
18-12-2024,19-12-2024,20600,CE,146.72,66160
18-12-2024,19-12-2024,20600,PE,296.74,205253
19-12-2024,19-12-2024,21050,CE,149.94,217785
19-12-2024,19-12-2024,21050,PE,108.43,65772
19-12-2024,19-12-2024,21100,CE,113.25,123810
19-12-2024,19-12-2024,21100,PE,224.53,249010
19-12-2024,19-12-2024,21150,CE,40.37,217071
19-12-2024,19-12-2024,21150,PE,152.27,331092
19-12-2024,19-12-2024,21200,CE,272.53,259755
19-12-2024,19-12-2024,21200,PE,327.97,244344
19-12-2024,19-12-2024,21250,CE,241.93,348139
19-12-2024,19-12-2024,21250,PE,110.75,195358
20-12-2024,26-12-2024,20700,CE,136.99,493946
20-12-2024,26-12-2024,20700,PE,395.19,216876
20-12-2024,26-12-2024,20750,CE,254.71,264795
20-12-2024,26-12-2024,20750,PE,100.99,12049
20-12-2024,26-12-2024,20800,CE,144.44,366390
20-12-2024,26-12-2024,20800,PE,200.47,119629
20-12-2024,26-12-2024,20850,CE,211.61,266616
20-12-2024,26-12-2024,20850,PE,313.42,288635
20-12-2024,26-12-2024,20900,CE,241.16,488902
20-12-2024,26-12-2024,20900,PE,374.8,328750
23-12-2024,26-12-2024,21700,CE,270.76,120867
23-12-2024,26-12-2024,21700,PE,195.95,295352
23-12-2024,26-12-2024,21750,CE,229.32,168811
23-12-2024,26-12-2024,21750,PE,58.85,365441
23-12-2024,26-12-2024,21800,CE,26.16,263476
23-12-2024,26-12-2024,21800,PE,133.8,299580
23-12-2024,26-12-2024,21850,CE,350.42,61875
23-12-2024,26-12-2024,21850,PE,206.8,251595
23-12-2024,26-12-2024,21900,CE,72.07,460044
23-12-2024,26-12-2024,21900,PE,161.66,49216
24-12-2024,26-12-2024,15550,CE,86.26,243630
24-12-2024,26-12-2024,15550,PE,127.65,208383
24-12-2024,26-12-2024,15600,CE,85.15,131447
24-12-2024,26-12-2024,15600,PE,130.67,440765
24-12-2024,26-12-2024,15650,CE,62.06,253699
24-12-2024,26-12-2024,15650,PE,286.7,486155
24-12-2024,26-12-2024,15700,CE,225.7,109807
24-12-2024,26-12-2024,15700,PE,165.88,399816
24-12-2024,26-12-2024,15750,CE,190.58,14400
24-12-2024,26-12-2024,15750,PE,284.73,350637
25-12-2024,26-12-2024,19450,CE,246.47,452098
25-12-2024,26-12-2024,19450,PE,264.35,187180
25-12-2024,26-12-2024,19500,CE,23.99,375907
25-12-2024,26-12-2024,19500,PE,141.97,42627
25-12-2024,26-12-2024,19550,CE,236.76,463033
25-12-2024,26-12-2024,19550,PE,188.83,52988
25-12-2024,26-12-2024,19600,CE,199.5,150270
25-12-2024,26-12-2024,19600,PE,26.69,26572
25-12-2024,26-12-2024,19650,CE,115.32,151761
25-12-2024,26-12-2024,19650,PE,144.94,416291
26-12-2024,26-12-2024,13150,CE,78.9,235252
26-12-2024,26-12-2024,13150,PE,54.99,190731
26-12-2024,26-12-2024,13200,CE,291.02,281252
26-12-2024,26-12-2024,13200,PE,299.15,197393
26-12-2024,26-12-2024,13250,CE,329.29,174435
26-12-2024,26-12-2024,13250,PE,16.3,350264
26-12-2024,26-12-2024,13300,CE,254.44,10116
26-12-2024,26-12-2024,13300,PE,222.71,431962
26-12-2024,26-12-2024,13350,CE,169.49,493568
26-12-2024,26-12-2024,13350,PE,15.19,133855
27-12-2024,02-01-2025,17600,CE,42.68,345035
27-12-2024,02-01-2025,17600,PE,41.92,77493
27-12-2024,02-01-2025,17650,CE,84.51,202736
27-12-2024,02-01-2025,17650,PE,257.56,234826
27-12-2024,02-01-2025,17700,CE,381.07,417731
27-12-2024,02-01-2025,17700,PE,297.9,103880
27-12-2024,02-01-2025,17750,CE,125.14,430847
27-12-2024,02-01-2025,17750,PE,323.01,274782
27-12-2024,02-01-2025,17800,CE,213.52,151633
27-12-2024,02-01-2025,17800,PE,322.62,269404
30-12-2024,02-01-2025,20100,CE,38.31,240842
30-12-2024,02-01-2025,20100,PE,123.85,238935
30-12-2024,02-01-2025,20150,CE,172.59,463895
30-12-2024,02-01-2025,20150,PE,122.02,360870
30-12-2024,02-01-2025,20200,CE,368.19,301233
30-12-2024,02-01-2025,20200,PE,245.86,282887
30-12-2024,02-01-2025,20250,CE,226.15,325370
30-12-2024,02-01-2025,20250,PE,180.5,27259
30-12-2024,02-01-2025,20300,CE,34.27,246369
30-12-2024,02-01-2025,20300,PE,307.9,311957
31-12-2024,02-01-2025,16950,CE,115.26,187842
31-12-2024,02-01-2025,16950,PE,232.47,217461
31-12-2024,02-01-2025,17000,CE,264.46,49690
31-12-2024,02-01-2025,17000,PE,33.89,461041
31-12-2024,02-01-2025,17050,CE,10.36,326296
31-12-2024,02-01-2025,17050,PE,163.92,119101
31-12-2024,02-01-2025,17100,CE,355.51,25075
31-12-2024,02-01-2025,17100,PE,190.11,155616
31-12-2024,02-01-2025,17150,CE,374.78,105760
31-12-2024,02-01-2025,17150,PE,251.64,53790
